wallet,qualifying_txs,bulker_txs,zero_prio_frac,active_days,active_months,supply_gas_eth,volume_usd,first_seen,last_seen,txs_per_active_day,approvals_in_window,approval_active_days,distinct_spenders,approval_gas_eth,comet_approvals,comet_approval_gas_eth,comet_approvals_prewindow,allow_grants_ever,allow_revokes_ever,allow_gas_eth_ever,allow_gas_eth,approvals_per_active_day,approval_to_action_all,approval_to_action_comet,is_bot_3sigma,private_orderflow,high_frequency,approval_spam,bot_signal_count,is_bot_behavioral,is_bot_approval_spam,is_bot
0x0000005c7dc69d405f09aaadca29068d4f88cde8,1.0,0.0,0.0,1.0,1.0,7.0612406640267e-05,10.0,2025-11-28 15:59:59+00:00,2025-11-28 15:59:59+00:00,1.0,13.0,9.0,10.0,0.001100345234892197,1.0,3.343880027264e-05,0.0,0.0,0.0,0.0,0.0,1.4444444444444444,13.0,1.0,False,False,False,False,0,False,False,False
0x001f8dd2ea7144a227830a7e9037a9260679d788,5.0,0.0,0.0,4.0,3.0,0.0026327948117503682,6053.199098,2025-11-03 15:54:11+00:00,2026-02-23 15:31:59+00:00,1.25,0.0,0.0,0.0,0.0,0.0,0.0,1.0,1.0,0.0,0.00174702540769069,0.0,0.0,0.0,0.0,False,False,False,False,0,False,False,False
0x005ff7f807e62c58185234c6e98859d56d2e56f1,2.0,1.0,0.0,1.0,1.0,0.000725420988627409,573470.194915,2026-02-05 10:04:23+00:00,2026-02-05 10:08:11+00:00,2.0,2.0,1.0,1.0,0.00020370875761826802,2.0,0.00020370875761826802,0.0,1.0,0.0,0.001352721317679675,0.0,2.0,1.0,1.0,False,False,False,False,0,False,False,False
0x013027b0d8f6d8c39ece08bb6ad2848324c6de6e,1.0,0.0,0.0,1.0,1.0,1.9587312106005e-05,10000.0,2026-01-07 16:52:59+00:00,2026-01-07 16:52:59+00:00,1.0,3.0,2.0,2.0,0.000490971536397042,1.0,1.1764584253352e-05,0.0,0.0,0.0,0.0,0.0,1.5,3.0,1.0,False,False,False,False,0,False,False,False
0x0140ef253b3756fa832b2ae5970d33c8b2c5afe6,1.0,0.0,0.0,1.0,1.0,6.07576025111e-06,5.0,2026-02-15 19:48:23+00:00,2026-02-15 19:48:23+00:00,1.0,17.0,10.0,7.0,0.002250850998605871,0.0,0.0,1.0,1.0,0.0,0.000436554560189405,0.0,1.7,17.0,0.0,False,False,False,False,0,False,False,False
0x014caa5ab06c109be7cdb38232d776c44393da1c,1.0,0.0,0.0,1.0,1.0,1.305828e-05,35188.239276,2025-11-11 05:35:35+00:00,2025-11-11 05:35:35+00:00,1.0,2.0,1.0,2.0,1.243756683029e-05,1.0,6.66984e-06,0.0,0.0,0.0,0.0,0.0,2.0,2.0,1.0,False,False,False,False,0,False,False,False
0x0165ca6e898c13dff9d1debedb969863b6ed0313,1.0,0.0,0.0,1.0,1.0,7.370527970757e-06,100.0,2026-02-19 09:56:35+00:00,2026-02-19 09:56:35+00:00,1.0,3.0,1.0,3.0,1.0383703192283999e-05,1.0,3.40680683735e-06,0.0,0.0,0.0,0.0,0.0,3.0,3.0,1.0,False,False,False,False,0,False,False,False
0x016eb5dc55dc03aa34edc718a11280e97661eeb3,7.0,0.0,0.0,6.0,2.0,0.000280370943021065,2045001.0066510001,2025-11-13 23:45:11+00:00,2026-01-14 18:30:59+00:00,1.1666666666666667,18.0,9.0,8.0,0.000384185244484326,3.0,0.00011643568796655801,0.0,0.0,0.0,0.0,0.0,2.0,2.5714285714285716,0.42857142857142855,False,False,False,False,0,False,False,False
0x0174cb651653bcbcd6339a9a70062f11890ef44e,1.0,0.0,0.0,1.0,1.0,0.000203297494496067,183505.307585,2025-12-17 21:53:59+00:00,2025-12-17 21:53:59+00:00,1.0,1.0,1.0,1.0,7.8935340053774e-05,1.0,7.8935340053774e-05,1.0,1.0,0.0,0.00146712524204424,0.0,1.0,1.0,1.0,False,False,False,False,0,False,False,False
0x019b89964da79dbd94f7d85cf1b4894c4969c67e,11.0,0.0,0.0,7.0,2.0,0.003645493796458393,8744.009757,2025-11-04 17:16:35+00:00,2026-01-28 17:41:59+00:00,1.5714285714285714,1.0,1.0,1.0,1.5210880333504e-05,1.0,1.5210880333504e-05,2.0,3.0,0.0,0.00066350580112035,0.00012174498326492,1.0,0.09090909090909091,0.09090909090909091,False,False,False,False,0,False,False,False
0x01df14fd52a02882e86980ad50f4a26da9f7b7fc,1.0,0.0,0.0,1.0,1.0,5.850314491834e-06,500.0,2026-02-21 14:41:35+00:00,2026-02-21 14:41:35+00:00,1.0,3.0,1.0,3.0,0.000108713353153659,1.0,3.820737691456e-06,0.0,0.0,0.0,0.0,0.0,3.0,3.0,1.0,False,False,False,False,0,False,False,False
0x021486fde904a53b78684b1dc9629e7adb0ba59e,2.0,0.0,0.0,2.0,1.0,0.000259684714139562,331.698731,2025-11-05 01:59:47+00:00,2025-11-08 12:37:11+00:00,1.0,0.0,0.0,0.0,0.0,0.0,0.0,1.0,1.0,0.0,3.8931067192412e-05,0.0,0.0,0.0,0.0,False,False,False,False,0,False,False,False
0x026784b924f11e3dca28d1258bd7a374e3c33a3e,42.0,0.0,0.0,12.0,2.0,0.009768613847628853,27313.377651,2025-11-16 22:00:59+00:00,2025-12-24 05:20:35+00:00,3.5,29.0,16.0,5.0,0.004166465537100536,2.0,0.00015165614338918,1.0,1.0,0.0,0.000873981919200945,0.0,1.8125,0.6904761904761905,0.047619047619047616,True,False,False,False,0,False,False,True
0x026f0594d844c4eae9a3de5451a0355297f84fa8,1.0,0.0,0.0,1.0,1.0,7.5262551595e-06,40000.0,2026-01-19 14:18:47+00:00,2026-01-19 14:18:47+00:00,1.0,1.0,1.0,1.0,3.304690738398e-06,1.0,3.304690738398e-06,0.0,0.0,0.0,0.0,0.0,1.0,1.0,1.0,False,False,False,False,0,False,False,False
0x0278e6110e9915530f33b3fc2bafcab3ddb83cdc,1.0,0.0,0.0,1.0,1.0,1.5023143771208e-05,60070.0,2026-02-07 12:42:11+00:00,2026-02-07 12:42:11+00:00,1.0,0.0,0.0,0.0,0.0,0.0,0.0,1.0,0.0,0.0,0.0,0.0,0.0,0.0,0.0,False,False,False,False,0,False,False,False
0x027d2b54f0bb6d3d8be31edf4209d5932c6a48be,1.0,0.0,0.0,1.0,1.0,1.7113030581614e-05,499.628,2025-12-07 09:40:11+00:00,2025-12-07 09:40:11+00:00,1.0,1.0,1.0,1.0,0.000104979293521101,1.0,0.000104979293521101,0.0,0.0,0.0,0.0,0.0,1.0,1.0,1.0,False,False,False,False,0,False,False,False
0x02a7bcf1b1faa5d55ae21fd2b4494f16ee80016f,4.0,0.0,0.0,4.0,2.0,5.3246935798422e-05,30043.113494999998,2025-12-30 17:34:59+00:00,2026-01-26 17:26:59+00:00,1.0,6.0,4.0,3.0,3.4216722739998e-05,4.0,2.1044412229788e-05,2.0,2.0,0.0,0.00028330987690468703,0.0,1.5,1.5,1.0,False,False,False,False,0,False,False,False
0x02ad0f9cab40def1d6563bfc84f5aea4282842af,1.0,0.0,0.0,1.0,1.0,0.000229511974983242,2.442716,2026-01-02 19:43:23+00:00,2026-01-02 19:43:23+00:00,1.0,11.0,1.0,2.0,0.002230471764798544,1.0,0.000104970831993045,0.0,2.0,1.0,0.000572331952506278,0.000572331952506278,11.0,11.0,1.0,False,False,False,True,1,False,False,False
0x02b0ba7e5edbb6d8e78e860337f1ec3dd4a3ae2f,1.0,0.0,0.0,1.0,1.0,0.000198411446905155,4929.731659,2025-11-09 04:02:47+00:00,2025-11-09 04:02:47+00:00,1.0,2.0,2.0,2.0,0.000180618601185865,1.0,8.0816136369196e-05,1.0,0.0,0.0,0.0,0.0,1.0,2.0,1.0,False,False,False,False,0,False,False,False
0x02fca7c15641b70443509630d0dd6b6a47385069,1.0,0.0,0.0,1.0,1.0,6.586222421097e-06,10075.214864,2026-01-19 11:25:35+00:00,2026-01-19 11:25:35+00:00,1.0,26.0,16.0,9.0,0.000275664562396187,1.0,3.490322491948e-06,0.0,0.0,0.0,0.0,0.0,1.625,26.0,1.0,False,False,False,False,0,False,False,False
0x02fdcfe9f10c0cac77156ba0a2539e5de58c15b6,1.0,0.0,0.0,1.0,1.0,3.005721e-06,236150.78695,2025-12-21 11:23:23+00:00,2025-12-21 11:23:23+00:00,1.0,11.0,8.0,4.0,0.00037142869174214396,1.0,1.509462e-06,0.0,0.0,0.0,0.0,0.0,1.375,11.0,1.0,False,False,False,False,0,False,False,False
0x0313b9649f3d3b36c0e65336ee3a4fe6515bc4cd,1.0,0.0,0.0,1.0,1.0,0.000229475990333899,19677.830622,2026-01-22 09:02:23+00:00,2026-01-22 09:02:23+00:00,1.0,1.0,1.0,1.0,0.000115424113606692,1.0,0.000115424113606692,0.0,0.0,0.0,0.0,0.0,1.0,1.0,1.0,False,False,False,False,0,False,False,False
0x032a9cca60397a3f4c47418864de2586031cc8c3,1.0,0.0,0.0,1.0,1.0,0.00140673841880055,9997.104238,2025-11-04 21:42:11+00:00,2025-11-04 21:42:11+00:00,1.0,1.0,1.0,1.0,0.000738565780323624,1.0,0.000738565780323624,0.0,1.0,0.0,0.000277126372823702,0.0,1.0,1.0,1.0,False,False,False,False,0,False,False,False
0x033fe3aa194bb5df79964edaa846c99cf7c14fba,2.0,0.0,0.0,2.0,2.0,9.152213227145099e-05,553.425154,2025-11-18 02:18:11+00:00,2026-02-03 01:39:35+00:00,1.0,6.0,5.0,4.0,0.000157081457143636,3.0,9.052114012184e-05,0.0,0.0,0.0,0.0,0.0,1.2,3.0,1.5,False,False,False,False,0,False,False,False
0x036104553fc4e0b72fa4d7df23bcfa39c2eb269c,4.0,0.0,0.0,4.0,3.0,4.7685451009068e-05,51313.968178,2025-11-21 23:56:59+00:00,2026-01-02 19:15:35+00:00,1.0,2.0,2.0,1.0,8.497399638066e-06,2.0,8.497399638066e-06,1.0,2.0,0.0,0.000794573519330822,3.526099895697e-06,1.0,0.5,0.5,False,False,False,False,0,False,False,False
0x038b979940253e3c8be948f982eaae8e6b05220d,1.0,0.0,0.0,1.0,1.0,3.190154189643e-06,99470.001192,2025-12-31 07:06:23+00:00,2025-12-31 07:06:23+00:00,1.0,1.0,1.0,1.0,1.436328606435e-06,1.0,1.436328606435e-06,0.0,0.0,0.0,0.0,0.0,1.0,1.0,1.0,False,False,False,False,0,False,False,False
0x038ec7aa297bc55289dbec196705f282cb04585a,1.0,0.0,0.0,1.0,1.0,2.1199927317009e-05,893386.463088,2025-12-01 18:28:35+00:00,2025-12-01 18:28:35+00:00,1.0,1.0,1.0,1.0,1.0277976646899e-05,1.0,1.0277976646899e-05,0.0,0.0,0.0,0.0,0.0,1.0,1.0,1.0,False,False,False,False,0,False,False,False
0x038ee1ef8cfd1a860c7c4667ca75f919210348f6,8.0,2.0,0.0,6.0,3.0,0.001942450846062393,859647.15812,2025-12-01 01:21:23+00:00,2026-02-18 10:32:11+00:00,1.3333333333333333,5.0,4.0,5.0,0.00017637555281298798,1.0,3.022201302346e-06,1.0,2.0,0.0,0.00042011166432178403,0.0,1.25,0.625,0.125,False,False,False,False,0,False,False,False
0x03cd4c7615b874fa23383aa7d09e63f740c7f39e,1.0,0.0,0.0,1.0,1.0,7.428960284386e-06,51152.734695,2026-01-19 10:31:35+00:00,2026-01-19 10:31:35+00:00,1.0,1.0,1.0,1.0,3.705672577222e-06,1.0,3.705672577222e-06,0.0,0.0,0.0,0.0,0.0,1.0,1.0,1.0,False,False,False,False,0,False,False,False
0x03f061f6357195dbb545820a6cd9a2ed2b087618,1.0,0.0,0.0,1.0,1.0,0.00021868480069037,141185.604654,2026-01-17 09:39:59+00:00,2026-01-17 09:39:59+00:00,1.0,1.0,1.0,1.0,9.9515547581904e-05,1.0,9.9515547581904e-05,0.0,0.0,0.0,0.0,0.0,1.0,1.0,1.0,False,False,False,False,0,False,False,False
0x04016d832e789141ee6b78edd388018ba8cfaa42,1.0,0.0,0.0,1.0,1.0,1.2590233338207e-05,9035.735907,2026-02-16 03:02:23+00:00,2026-02-16 03:02:23+00:00,1.0,1.0,1.0,1.0,5.982081521517e-06,1.0,5.982081521517e-06,0.0,0.0,0.0,0.0,0.0,1.0,1.0,1.0,False,False,False,False,0,False,False,False
0x0424d6bf39e35d21af32014257589040c1055cec,3.0,0.0,0.0,3.0,2.0,0.000388066524352243,664273.2298580001,2025-11-10 18:36:35+00:00,2025-12-22 19:59:59+00:00,1.0,10.0,9.0,5.0,0.000861072738188939,3.0,0.00020632351442560802,1.0,0.0,0.0,0.0,0.0,1.1111111111111112,3.3333333333333335,1.0,False,False,False,False,0,False,False,False
0x044e7b4a0c39e521698d26a0749700b5f7cec5d1,1.0,0.0,0.0,1.0,1.0,0.000269849609232291,1144.256559,2025-11-06 19:55:59+00:00,2025-11-06 19:55:59+00:00,1.0,1.0,1.0,1.0,0.000151083988331558,1.0,0.000151083988331558,0.0,1.0,0.0,9.2637743240648e-05,0.0,1.0,1.0,1.0,False,False,False,False,0,False,False,False
0x0457594c48536dccfe53751301e93fddf6ec2694,1.0,0.0,0.0,1.0,1.0,0.000202441660757208,2919.397007,2025-11-01 06:03:23+00:00,2025-11-01 06:03:23+00:00,1.0,1.0,1.0,1.0,3.2928606207644e-05,0.0,0.0,1.0,1.0,0.0,9.2488480466193e-05,0.0,1.0,1.0,0.0,False,False,False,False,0,False,False,False
0x0480f2aa4e021fe328eb818d8f2315660d18a408,2.0,0.0,0.0,2.0,1.0,0.000212386700679989,6004.187955,2025-11-03 13:59:47+00:00,2025-11-05 02:28:23+00:00,1.0,44.0,12.0,12.0,0.002319061379455312,5.0,0.00013709476867384,8.0,2.0,2.0,0.000904496608385259,3.644063685926e-05,3.6666666666666665,22.0,2.5,False,False,False,False,0,False,False,False
0x0481a35cfe7a5a4eda34969f3cdd0a604b08834d,1.0,0.0,0.0,1.0,1.0,5.0209658122512e-05,20000.0,2025-12-04 13:00:47+00:00,2025-12-04 13:00:47+00:00,1.0,1.0,1.0,1.0,7.17356603125e-06,1.0,7.17356603125e-06,1.0,0.0,0.0,0.0,0.0,1.0,1.0,1.0,False,False,False,False,0,False,False,False
0x04ada36518f37c2ae2a2e93e663842817d1cafd8,1.0,0.0,0.0,1.0,1.0,1.4472718184324e-05,56283.92966,2026-02-04 05:36:35+00:00,2026-02-04 05:36:35+00:00,1.0,1.0,1.0,1.0,6.494912417007e-06,1.0,6.494912417007e-06,0.0,0.0,0.0,0.0,0.0,1.0,1.0,1.0,False,False,False,False,0,False,False,False
0x04ae2a2384ede50eda0028ebbb4ddd082fc6b561,2.0,0.0,0.0,1.0,1.0,0.000366424657417441,5045.2985,2025-12-02 15:01:47+00:00,2025-12-02 15:04:47+00:00,2.0,6.0,2.0,3.0,0.000400822060813705,3.0,0.000163750715757291,0.0,0.0,0.0,0.0,0.0,3.0,3.0,1.5,False,False,False,False,0,False,False,False
0x04e67b3cd04a422106b419494f6e0ed585c83758,1.0,0.0,0.0,1.0,1.0,0.000281714633642925,70143.429959,2025-11-05 15:28:11+00:00,2025-11-05 15:28:11+00:00,1.0,0.0,0.0,0.0,0.0,0.0,0.0,1.0,1.0,0.0,0.000239941032043885,0.0,0.0,0.0,0.0,False,False,False,False,0,False,False,False
0x052091ed594930291f31f335a2ab2b3ebf7b8486,1.0,0.0,0.0,1.0,1.0,0.000229047420388402,20000.0,2025-11-29 00:49:35+00:00,2025-11-29 00:49:35+00:00,1.0,1.0,1.0,1.0,9.9729592879185e-05,1.0,9.9729592879185e-05,0.0,0.0,0.0,0.0,0.0,1.0,1.0,1.0,False,False,False,False,0,False,False,False
0x05272a105c6b9e8d8b991efc5708d9ae4f2a6e86,1.0,0.0,0.0,1.0,1.0,3.7051576609536e-05,55722.786203,2025-11-10 11:10:11+00:00,2025-11-10 11:10:11+00:00,1.0,0.0,0.0,0.0,0.0,0.0,0.0,1.0,0.0,0.0,0.0,0.0,0.0,0.0,0.0,False,False,False,False,0,False,False,False
0x05470ad05e1b5f9efa2553859e5d23b4705f3780,1.0,0.0,0.0,1.0,1.0,3.098174041534e-06,99470.00032,2025-12-31 07:05:35+00:00,2025-12-31 07:05:35+00:00,1.0,1.0,1.0,1.0,1.31048884086e-06,1.0,1.31048884086e-06,0.0,0.0,0.0,0.0,0.0,1.0,1.0,1.0,False,False,False,False,0,False,False,False
0x054e15fac70aee2ebf5bbfafa9a8bd56614a0fbf,4.0,0.0,0.0,1.0,1.0,0.00029941739121183,1503.711581,2025-11-13 14:01:11+00:00,2025-11-13 14:10:59+00:00,4.0,1.0,1.0,1.0,3.4922247997848e-05,1.0,3.4922247997848e-05,0.0,1.0,0.0,0.000111042085123352,0.000111042085123352,1.0,0.25,0.25,False,False,False,False,0,False,False,False
0x05b90dcff7b96fe0916e246bced7dcb37e31c57a,3.0,0.0,0.0,3.0,2.0,0.00061529969867524,4028.6562080000003,2025-11-02 00:25:59+00:00,2026-01-25 13:23:23+00:00,1.0,4.0,3.0,1.0,0.001159466236237174,0.0,0.0,2.0,0.0,0.0,0.0,0.0,1.3333333333333333,1.3333333333333333,0.0,False,False,False,False,0,False,False,False
0x05be1c9e05cbf86d2d953597ba3da62067204ce6,2.0,0.0,0.0,2.0,1.0,1.9860081666715e-05,2000.076253,2026-01-25 21:29:47+00:00,2026-01-27 23:38:47+00:00,1.0,4.0,3.0,2.0,0.000601048884332922,2.0,1.0210042645946e-05,0.0,1.0,0.0,9.694173684913e-06,9.694173684913e-06,1.3333333333333333,2.0,1.0,False,False,False,False,0,False,False,False
0x05e8f3d5a354e65536b81f4ea2622616306711db,1.0,0.0,0.0,1.0,1.0,2.5381383222707e-05,10000.0,2025-12-23 18:28:35+00:00,2025-12-23 18:28:35+00:00,1.0,2.0,1.0,2.0,6.7646444961842e-05,1.0,1.2747811181722e-05,0.0,0.0,0.0,0.0,0.0,2.0,2.0,1.0,False,False,False,False,0,False,False,False
0x05f4e9ca5a9b38f4785f9611ef1b57fe9f53157c,2.0,0.0,0.0,2.0,2.0,6.969272639652e-06,271668.123737,2025-12-28 03:17:23+00:00,2026-01-06 05:13:11+00:00,1.0,2.0,2.0,1.0,3.489502583448e-06,2.0,3.489502583448e-06,0.0,0.0,0.0,0.0,0.0,1.0,1.0,1.0,False,False,False,False,0,False,False,False
0x060986891229d339601c4b9fa8fdfea9ed25afb1,1.0,0.0,0.0,1.0,1.0,7.665036140781e-06,51110.447814,2026-01-10 10:17:11+00:00,2026-01-10 10:17:11+00:00,1.0,4.0,1.0,4.0,3.8343875861128e-05,1.0,4.112776583574e-06,0.0,0.0,0.0,0.0,0.0,4.0,4.0,1.0,False,False,False,False,0,False,False,False
0x0627db2c73a503f3cd107d0189aa7cada67bd0f4,1.0,0.0,0.0,1.0,1.0,0.000255745775707345,14000.0,2026-01-02 17:27:35+00:00,2026-01-02 17:27:35+00:00,1.0,1.0,1.0,1.0,0.000112070127817602,1.0,0.000112070127817602,0.0,1.0,0.0,8.99658426741e-05,0.0,1.0,1.0,1.0,False,False,False,False,0,False,False,False
0x065c745a50509ccb25fde5f2bda52ba3b45d019e,3.0,0.0,0.0,1.0,1.0,0.000330957865484781,1015789.264228,2025-11-20 17:59:35+00:00,2025-11-20 20:19:23+00:00,3.0,0.0,0.0,0.0,0.0,0.0,0.0,1.0,0.0,0.0,0.0,0.0,0.0,0.0,0.0,False,False,False,False,0,False,False,False
0x06789bc602f543d13d8844916455516ba914f84e,12.0,1.0,0.0,3.0,1.0,0.0009389753843850261,3222.136669,2025-11-16 03:14:59+00:00,2025-11-20 18:31:11+00:00,4.0,3.0,2.0,2.0,0.00023875641242776,1.0,4.823896558448e-05,1.0,2.0,0.0,0.000474798167973305,0.0,1.5,0.25,0.08333333333333333,False,False,False,False,0,False,False,False
0x06cb42fcc4bec44eeaa0f908f3aea54e68695b1f,2.0,0.0,0.0,2.0,1.0,0.00012043455878225799,156962.53319,2025-12-12 01:00:59+00:00,2025-12-25 10:00:23+00:00,1.0,0.0,0.0,0.0,0.0,0.0,0.0,2.0,2.0,0.0,9.391518930918501e-05,2.824502820132e-06,0.0,0.0,0.0,False,False,False,False,0,False,False,False
0x06feef999b3e6e7d526a37d6669ef9b81a3de71e,1.0,0.0,0.0,1.0,1.0,1.6681614182754e-05,105738.000105,2026-02-10 07:13:23+00:00,2026-02-10 07:13:23+00:00,1.0,1.0,1.0,1.0,7.61051220408e-06,1.0,7.61051220408e-06,0.0,0.0,0.0,0.0,0.0,1.0,1.0,1.0,False,False,False,False,0,False,False,False
0x0700930ce71b49dbe99f20e0f1be485e2aec0de0,1.0,0.0,0.0,1.0,1.0,0.00024102230007624,139963.689694,2026-02-06 18:13:59+00:00,2026-02-06 18:13:59+00:00,1.0,3.0,1.0,3.0,0.0005473350342933309,1.0,0.000131304935562147,0.0,1.0,0.0,0.00084556988593094,0.0,3.0,3.0,1.0,False,False,False,False,0,False,False,False
0x0712a4fe5ce15094a5d833b33c13593cb0f05669,3.0,0.0,0.0,2.0,1.0,0.001336960146198012,15100.641749999999,2026-01-28 14:54:23+00:00,2026-01-31 18:05:23+00:00,1.5,1.0,1.0,1.0,0.000107235074909214,1.0,0.000107235074909214,0.0,1.0,0.0,0.000127168861990932,0.000127168861990932,1.0,0.3333333333333333,0.3333333333333333,False,False,False,False,0,False,False,False
0x0742dd8f244837291ed90d4d1f42d11273bc8653,1.0,0.0,0.0,1.0,1.0,0.000117538296421756,36128.766841,2025-12-29 17:10:11+00:00,2025-12-29 17:10:11+00:00,1.0,7.0,6.0,5.0,0.0009599623469644429,1.0,4.111104952098e-06,0.0,0.0,0.0,0.0,0.0,1.1666666666666667,7.0,1.0,False,False,False,False,0,False,False,False
0x0748c0a13bf3b36b7630d0f24f4ea7e5d3e75836,4.0,0.0,0.0,3.0,3.0,0.000794905304053464,10501.946959,2025-11-28 03:20:11+00:00,2026-02-20 03:24:59+00:00,1.3333333333333333,13.0,7.0,5.0,0.001221331105788888,3.0,0.000237712572754192,5.0,2.0,0.0,0.0006267963989421,0.0,1.8571428571428572,3.25,0.75,False,False,False,False,0,False,False,False
0x07e4c2d6c318f12691bd738f953072cd14fa823d,18.0,1.0,0.0,5.0,2.0,0.009900393921998664,2773377.883314,2025-11-20 17:21:35+00:00,2026-02-11 14:46:35+00:00,3.6,1.0,1.0,1.0,0.000380774654999676,1.0,0.000380774654999676,6.0,1.0,0.0,0.000120147729032139,0.000120147729032139,1.0,0.05555555555555555,0.05555555555555555,False,False,False,False,0,False,False,False
0x07ea411d66f9b43bb41164b73993ca81caa74882,1.0,0.0,0.0,1.0,1.0,0.000201216628530356,20040.0002,2026-01-08 17:57:23+00:00,2026-01-08 17:57:23+00:00,1.0,1.0,1.0,1.0,0.00011962222361868,1.0,0.00011962222361868,0.0,3.0,0.0,0.0008975801695672429,0.00023332591461059298,1.0,1.0,1.0,False,False,False,False,0,False,False,False
0x07f021fc7a4a0b0add5acc45fa11316d354042fc,1.0,0.0,0.0,1.0,1.0,0.000243669379193893,50.0,2026-01-24 18:49:11+00:00,2026-01-24 18:49:11+00:00,1.0,3.0,3.0,3.0,0.00035629346361592,1.0,0.000116611221834678,0.0,1.0,0.0,0.000120365085087031,0.000120365085087031,1.0,3.0,1.0,False,False,False,False,0,False,False,False
0x07fdd0e43758481b48e577b417446455e66b3a43,2.0,0.0,0.0,2.0,2.0,0.000394288739203149,2022.7199369999998,2025-12-06 18:51:47+00:00,2026-01-17 23:15:11+00:00,1.0,2.0,2.0,1.0,0.00019204799804003602,2.0,0.00019204799804003602,0.0,2.0,0.0,0.00022011168196102302,0.0,1.0,1.0,1.0,False,False,False,False,0,False,False,False
0x08167d1f3ec121633a07a455a7c987af5e107577,1.0,0.0,0.0,1.0,1.0,0.000264335619947931,1532.033279,2026-01-29 17:30:23+00:00,2026-01-29 17:30:23+00:00,1.0,1.0,1.0,1.0,0.000139622747071554,1.0,0.000139622747071554,0.0,1.0,0.0,0.001908801413460745,0.0,1.0,1.0,1.0,False,False,False,False,0,False,False,False
0x0834d99b5053a03b675d094d0e1b621b9989334e,2.0,1.0,0.0,1.0,1.0,2.4751054783523998e-05,476.700291,2025-11-01 15:47:11+00:00,2025-11-01 16:46:35+00:00,2.0,1.0,1.0,1.0,6.51529417594e-06,1.0,6.51529417594e-06,1.0,2.0,0.0,0.000208652095256488,0.0,1.0,0.5,0.5,False,False,False,False,0,False,False,False
0x087943daaf6814dd9183fd656c1b030d3fd728b7,2.0,0.0,0.0,2.0,1.0,0.000414697852673209,73542.05258,2026-01-11 18:31:35+00:00,2026-01-12 22:41:47+00:00,1.0,1.0,1.0,1.0,9.94785309882e-05,1.0,9.94785309882e-05,0.0,0.0,0.0,0.0,0.0,1.0,0.5,0.5,False,False,False,False,0,False,False,False
0x089a196d8e1e19071b017d893943d126ad7281de,9.0,0.0,0.0,7.0,4.0,0.001425258223291895,4227606.318263,2025-11-07 21:06:23+00:00,2026-02-26 22:49:35+00:00,1.2857142857142858,17.0,15.0,6.0,0.002637832412780266,9.0,0.00068109502598951,0.0,2.0,0.0,1.075409681439e-05,1.075409681439e-05,1.1333333333333333,1.8888888888888888,1.0,False,False,False,False,0,False,False,False
0x08bc6870f1d3e2dba03bb4e7b86db1eb0c1e8b52,2.0,0.0,0.0,2.0,1.0,1.3531893154166999e-05,40000.0,2025-12-19 09:09:47+00:00,2025-12-31 15:02:47+00:00,1.0,2.0,2.0,1.0,6.4155041200740005e-06,2.0,6.4155041200740005e-06,2.0,1.0,0.0,3.8183088558614e-05,0.0,1.0,1.0,1.0,False,False,False,False,0,False,False,False
0x08ea13671c850b364865e36cf0ed86b7a8eabb88,6.0,0.0,0.0,6.0,2.0,0.003110353052553107,845.8795,2026-01-31 06:30:59+00:00,2026-02-23 08:50:23+00:00,1.0,4.0,4.0,2.0,0.0009985079371505239,1.0,0.000102252929605353,0.0,0.0,0.0,0.0,0.0,1.0,0.6666666666666666,0.16666666666666666,False,False,False,False,0,False,False,False
0x09382e9bbdf4a47d48d83d56857704cf6fab1f82,4.0,0.0,0.0,4.0,2.0,0.001628687152862691,293373.903893,2025-11-03 17:48:47+00:00,2025-12-15 14:45:23+00:00,1.0,10.0,5.0,2.0,0.004150777649080154,3.0,0.000480843698380976,17.0,0.0,0.0,0.0,0.0,2.0,2.5,0.75,False,False,False,False,0,False,False,False
0x0940dcd96681805b86f38312fc72a64beadea971,1.0,0.0,0.0,1.0,1.0,2.2077393899696e-05,69133.007209,2025-11-11 13:22:23+00:00,2025-11-11 13:22:23+00:00,1.0,2.0,2.0,2.0,1.646337894167e-05,1.0,1.4661621824434e-05,0.0,0.0,0.0,0.0,0.0,1.0,2.0,1.0,False,False,False,False,0,False,False,False
0x09cc8f5b33d5c831aa1bf4d09e0fd5dcb3d157cb,1.0,0.0,0.0,1.0,1.0,0.000265272999428822,30000.0,2025-11-19 14:07:11+00:00,2025-11-19 14:07:11+00:00,1.0,5.0,3.0,3.0,0.001375067863800256,1.0,0.000114109660071747,0.0,0.0,0.0,0.0,0.0,1.6666666666666667,5.0,1.0,False,False,False,False,0,False,False,False
0x09eb864d4243ba95dfae7473b3de62a403fd9cd2,2.0,1.0,0.0,1.0,1.0,0.000622291315104751,529.901964,2025-11-16 19:03:47+00:00,2025-11-16 19:16:59+00:00,2.0,2.0,1.0,2.0,0.000203103760508554,1.0,8.7089598150156e-05,5.0,1.0,0.0,0.000761174494270375,0.0,2.0,1.0,0.5,False,False,False,False,0,False,False,False
0x09ee0f3892bd56751568f8dadf3da8a29dfbf4ac,1.0,0.0,0.0,1.0,1.0,9.015120681864e-06,31198.991977,2026-01-14 00:35:47+00:00,2026-01-14 00:35:47+00:00,1.0,1.0,1.0,1.0,4.651289404832e-06,1.0,4.651289404832e-06,0.0,1.0,0.0,2.23930681961e-05,0.0,1.0,1.0,1.0,False,False,False,False,0,False,False,False
0x0aaee056f9bc555e84ee0b88677740bc5b1c6ee7,1.0,0.0,0.0,1.0,1.0,4.325818757043e-06,10005.0,2025-12-21 17:21:11+00:00,2025-12-21 17:21:11+00:00,1.0,1.0,1.0,1.0,2.174938959188e-06,1.0,2.174938959188e-06,0.0,0.0,0.0,0.0,0.0,1.0,1.0,1.0,False,False,False,False,0,False,False,False
0x0acefa6b0313b012ffb7fb833398005e384485e2,39.0,0.0,0.0,9.0,4.0,0.003278266393378043,287339.225445,2025-11-04 17:49:11+00:00,2026-02-05 17:15:59+00:00,4.333333333333333,51.0,9.0,2.0,0.000908422552203373,0.0,0.0,2.0,1.0,0.0,0.000142800305097763,0.0,5.666666666666667,1.3076923076923077,0.0,True,False,False,False,0,False,False,True
0x0ad993a273e3b8e69ccd9a60f5a17e9765848e2c,3.0,0.0,0.0,1.0,1.0,0.000688797490451314,17100.0,2026-02-15 00:56:47+00:00,2026-02-15 02:05:47+00:00,3.0,9.0,2.0,6.0,0.000648578330868444,3.0,0.00029722020378486404,0.0,1.0,0.0,0.000123092896001775,0.000123092896001775,4.5,3.0,1.0,False,False,False,False,0,False,False,False
0x0b2b3483a5cedb08839e098d3d9f02d1893a20dc,1.0,0.0,0.0,1.0,1.0,1.037299599184e-05,20.0,2025-11-11 06:44:59+00:00,2025-11-11 06:44:59+00:00,1.0,45.0,25.0,21.0,0.001211722781956519,1.0,6.073065592018e-06,0.0,1.0,1.0,8.301437423477e-06,8.301437423477e-06,1.8,45.0,1.0,False,False,False,False,0,False,False,False
0x0b3492cb3ce07cd3d04ed6d41e40687b688b7a7b,2.0,0.0,0.0,2.0,2.0,0.00260423849916315,24152.684233,2025-11-21 22:00:23+00:00,2026-02-05 20:38:11+00:00,1.0,0.0,0.0,0.0,0.0,0.0,0.0,1.0,3.0,0.0,0.007224111467628327,0.0,0.0,0.0,0.0,False,False,False,False,0,False,False,False
0x0b4ac3845911750891e200e1b93e9c8aa6283e9f,2.0,0.0,0.0,1.0,1.0,0.00030645499572171705,145000.0,2026-02-06 18:17:35+00:00,2026-02-06 18:31:47+00:00,2.0,7.0,3.0,3.0,0.000397196111677812,1.0,7.597455771222e-05,0.0,0.0,0.0,0.0,0.0,2.3333333333333335,3.5,0.5,False,False,False,False,0,False,False,False
0x0b7370289c7b26cd1db2a7ec3edc48c00331acef,1.0,0.0,0.0,1.0,1.0,0.000278222833181295,13250.0,2026-02-02 16:50:47+00:00,2026-02-02 16:50:47+00:00,1.0,21.0,3.0,11.0,0.003256666909090392,1.0,0.000114199401860478,0.0,0.0,0.0,0.0,0.0,7.0,21.0,1.0,False,False,False,False,0,False,False,False
0x0c07c3d23c3e9ff501c99ecdc9ea36396fc1a67c,2.0,0.0,0.0,1.0,1.0,0.00041249820906181795,226061.65939400002,2025-11-06 20:20:23+00:00,2025-11-06 20:25:59+00:00,2.0,1.0,1.0,1.0,8.1503736080208e-05,1.0,8.1503736080208e-05,1.0,1.0,0.0,0.001451285171450105,0.0,1.0,0.5,0.5,False,False,False,False,0,False,False,False
0x0c6862ad596c52afe9f3b4562685068c869a904c,2.0,0.0,0.0,2.0,1.0,0.000211604498016587,91.0,2025-11-02 18:15:59+00:00,2025-11-03 19:31:11+00:00,1.0,1.0,1.0,1.0,0.00022336729554257,0.0,0.0,1.0,1.0,0.0,9.7477501172927e-05,9.7477501172927e-05,1.0,0.5,0.0,False,False,False,False,0,False,False,False
0x0c8d713694e5741b10929da5b398eed32e968cb3,2.0,1.0,0.0,2.0,2.0,0.0008957714094756819,2160.0,2025-11-17 21:02:23+00:00,2026-02-23 15:02:47+00:00,1.0,1.0,1.0,1.0,8.4193491274622e-05,1.0,8.4193491274622e-05,2.0,1.0,0.0,0.001393568657483548,0.0,1.0,0.5,0.5,False,False,False,False,0,False,False,False
0x0cc3671aea8d9150fc50614a7088f62e4179a6e2,2.0,0.0,0.0,2.0,2.0,8.185273134796e-06,264816.110672,2025-12-27 12:51:11+00:00,2026-01-06 05:12:23+00:00,1.0,2.0,2.0,1.0,3.679282103175e-06,2.0,3.679282103175e-06,0.0,0.0,0.0,0.0,0.0,1.0,1.0,1.0,False,False,False,False,0,False,False,False
0x0cca935895965dcb991d63de5c2ff4987253c0dd,5.0,0.0,0.0,3.0,2.0,0.00045834940211267,527.864003,2026-01-30 13:16:23+00:00,2026-02-11 16:13:35+00:00,1.6666666666666667,0.0,0.0,0.0,0.0,0.0,0.0,2.0,2.0,0.0,0.00171477188118805,0.0,0.0,0.0,0.0,False,False,False,False,0,False,False,False
0x0cebff0d6c2cfb8de1152dd2846223987047d4b4,1.0,0.0,0.0,1.0,1.0,5.7531553472692e-05,3003.982997,2025-11-07 21:14:35+00:00,2025-11-07 21:14:35+00:00,1.0,1.0,1.0,1.0,2.5038941005503e-05,1.0,2.5038941005503e-05,0.0,2.0,0.0,4.304882393104e-05,0.0,1.0,1.0,1.0,False,False,False,False,0,False,False,False
0x0cf54ec97dbcabf6fd7e4bb8277c2682d07a7917,16.0,1.0,0.0,6.0,2.0,0.011364826459856224,73050.151852,2026-01-30 02:16:11+00:00,2026-02-05 20:57:47+00:00,2.6666666666666665,1.0,1.0,1.0,0.00012843820064984,1.0,0.00012843820064984,0.0,2.0,0.0,0.0014906363979772259,0.0,1.0,0.0625,0.0625,False,False,False,False,0,False,False,False
0x0d5a0fc92132ace3e103d21ca19f734a9923d546,1.0,0.0,0.0,1.0,1.0,4.674392694114e-06,13794.3,2025-12-04 02:23:11+00:00,2025-12-04 02:23:11+00:00,1.0,1.0,1.0,1.0,2.508811848496e-06,1.0,2.508811848496e-06,0.0,0.0,0.0,0.0,0.0,1.0,1.0,1.0,False,False,False,False,0,False,False,False
0x0d6f466cd4c9f4e695f6ab7401c1f3497fd9186b,1.0,0.0,0.0,1.0,1.0,0.000236787536023725,501000.5,2025-11-08 07:40:47+00:00,2025-11-08 07:40:47+00:00,1.0,1.0,1.0,1.0,0.00011868683489545,1.0,0.00011868683489545,0.0,0.0,0.0,0.0,0.0,1.0,1.0,1.0,False,False,False,False,0,False,False,False
0x0dbb84aec761c062caa166f4d47b5b8c2118401d,1.0,0.0,0.0,1.0,1.0,2.4694664998828e-05,7000.0,2025-11-19 13:47:47+00:00,2025-11-19 13:47:47+00:00,1.0,1.0,1.0,1.0,9.887043379526e-06,1.0,9.887043379526e-06,3.0,0.0,0.0,0.0,0.0,1.0,1.0,1.0,False,False,False,False,0,False,False,False
0x0dc5ac5bdb9e7dfba26064844169406319831b82,1.0,0.0,0.0,1.0,1.0,6.300107073099e-06,31302.763515,2026-01-20 07:59:59+00:00,2026-01-20 07:59:59+00:00,1.0,1.0,1.0,1.0,2.675955058755e-06,1.0,2.675955058755e-06,0.0,0.0,0.0,0.0,0.0,1.0,1.0,1.0,False,False,False,False,0,False,False,False
0x0dc9b80c9e656258c840ec6e6077cfc52f3bab1b,14.0,0.0,0.0,13.0,4.0,0.003463315718417181,5440.600358,2025-11-17 04:39:23+00:00,2026-02-13 12:42:59+00:00,1.0769230769230769,0.0,0.0,0.0,0.0,0.0,0.0,2.0,2.0,0.0,0.00105866683908642,0.0,0.0,0.0,0.0,False,False,False,False,0,False,False,False
0x0df47042f0c9455a2a14544bf2ffc3c9fc107390,1.0,0.0,0.0,1.0,1.0,0.000422103314078619,4.956099,2025-11-07 17:06:59+00:00,2025-11-07 17:06:59+00:00,1.0,3.0,2.0,3.0,0.000804993525961258,1.0,0.00018513273493321,0.0,0.0,0.0,0.0,0.0,1.5,3.0,1.0,False,False,False,False,0,False,False,False
0x0e4d77edb9bf3ffce7e5910edce70e1b9f5a9a89,5.0,0.0,0.0,3.0,2.0,0.000430208251659147,183347.296892,2025-11-04 14:01:35+00:00,2026-02-04 14:52:35+00:00,1.6666666666666667,12.0,6.0,1.0,0.000118480015374142,0.0,0.0,2.0,2.0,0.0,0.001763849919925762,0.0,2.0,2.4,0.0,False,False,False,False,0,False,False,False
0x0e5b9bb138a1db16bc604c7742194f94e4a359d2,1.0,0.0,0.0,1.0,1.0,6.368016921114e-05,4000.0,2026-02-02 01:30:59+00:00,2026-02-02 01:30:59+00:00,1.0,7.0,3.0,7.0,0.000169610044110685,1.0,3.2517913259103e-05,0.0,1.0,0.0,7.0770592627763e-05,0.0,2.3333333333333335,7.0,1.0,False,False,False,False,0,False,False,False
0x0e61dae710688c22d8f6d0c3fdd1735d27ddff8f,2.0,0.0,0.0,2.0,1.0,0.000503352680820781,137618.44491,2025-11-04 18:17:59+00:00,2025-11-22 17:31:23+00:00,1.0,1.0,1.0,1.0,0.001819607960248493,0.0,0.0,6.0,2.0,0.0,0.000341488003196683,0.0,1.0,0.5,0.0,False,False,False,False,0,False,False,False
0x0e6a82112a180238e4b21ac457144b8bcbb18975,1.0,0.0,0.0,1.0,1.0,0.000205439948395137,10705.88071,2026-01-20 11:46:59+00:00,2026-01-20 11:46:59+00:00,1.0,4.0,2.0,3.0,0.002045017835227622,1.0,0.00011403077390585,2.0,2.0,0.0,0.000152002274444879,0.0,2.0,4.0,1.0,False,False,False,False,0,False,False,False
0x0eb43e0cc1bd4d29b3e66e37222c082b77a80caa,1.0,0.0,0.0,1.0,1.0,4.870510939223e-06,99470.009937,2026-01-20 07:58:47+00:00,2026-01-20 07:58:47+00:00,1.0,1.0,1.0,1.0,2.427303053295e-06,1.0,2.427303053295e-06,0.0,0.0,0.0,0.0,0.0,1.0,1.0,1.0,False,False,False,False,0,False,False,False
0x0ec6d11fd1504e614ec2320d19e239bff0658a6b,1.0,0.0,0.0,1.0,1.0,4.73655875847e-06,8735.079097,2026-01-24 03:03:47+00:00,2026-01-24 03:03:47+00:00,1.0,1.0,1.0,1.0,2.411542319772e-06,1.0,2.411542319772e-06,0.0,1.0,0.0,2.699650188333e-06,2.699650188333e-06,1.0,1.0,1.0,False,False,False,False,0,False,False,False
0x0ed2adcc25ab3576928c1b4f47bac3e8f30afede,1.0,0.0,0.0,1.0,1.0,0.000203382873723087,940.877667,2025-12-31 01:09:11+00:00,2025-12-31 01:09:11+00:00,1.0,2.0,1.0,2.0,0.000226738988745338,1.0,0.000113800501170524,0.0,1.0,0.0,6.5101875461697e-05,0.0,2.0,2.0,1.0,False,False,False,False,0,False,False,False
0x0ef98f5c3274e4d5f19405c0c8441e78d0cbb6fa,1.0,0.0,0.0,1.0,1.0,0.000226550678630895,299.484911,2026-02-20 05:14:35+00:00,2026-02-20 05:14:35+00:00,1.0,4.0,2.0,3.0,0.0018733692137232732,2.0,0.000185419752048068,0.0,0.0,0.0,0.0,0.0,2.0,4.0,2.0,False,False,False,False,0,False,False,False
0x0f38485d07d8d2b4495d23f2dedfef33b1adef4d,1.0,0.0,0.0,1.0,1.0,0.000155133774840164,2000.0,2025-11-18 16:31:23+00:00,2025-11-18 16:31:23+00:00,1.0,2.0,2.0,2.0,0.000178760075126704,1.0,8.9428025986412e-05,0.0,0.0,0.0,0.0,0.0,1.0,2.0,1.0,False,False,False,False,0,False,False,False
0x0f5b1203d70e8edb7949d5617d4010305d6eef8b,1.0,0.0,0.0,1.0,1.0,9.228935736754e-06,100.0,2026-01-08 07:05:23+00:00,2026-01-08 07:05:23+00:00,1.0,4.0,3.0,4.0,0.000174489578103833,1.0,0.00011432569217578,0.0,0.0,0.0,0.0,0.0,1.3333333333333333,4.0,1.0,False,False,False,False,0,False,False,False
0x0f7e5751c527dbc975c3858e463086911c2d1402,1.0,0.0,0.0,1.0,1.0,6.727885740277e-06,3842.0,2025-11-15 17:52:47+00:00,2025-11-15 17:52:47+00:00,1.0,3.0,2.0,3.0,9.107262200104e-06,1.0,3.744003519814e-06,0.0,0.0,0.0,0.0,0.0,1.5,3.0,1.0,False,False,False,False,0,False,False,False
0x0fc2e454d5b3972b9c9c17ebc9760215b7e3c429,1.0,0.0,0.0,1.0,1.0,3.574873760057e-06,10000.0,2026-01-25 10:21:35+00:00,2026-01-25 10:21:35+00:00,1.0,1.0,1.0,1.0,1.77815070848e-06,1.0,1.77815070848e-06,0.0,0.0,0.0,0.0,0.0,1.0,1.0,1.0,False,False,False,False,0,False,False,False
0x0fc34116565d5b05a94f672dea93988b13a104c4,1.0,0.0,0.0,1.0,1.0,6.724004250861e-06,29999.35552,2026-01-19 02:38:35+00:00,2026-01-19 02:38:35+00:00,1.0,2.0,1.0,2.0,7.52530450737e-06,1.0,3.532935821798e-06,0.0,1.0,0.0,3.735355e-05,0.0,2.0,2.0,1.0,False,False,False,False,0,False,False,False
0x104a008b5e100f6d1d2fdd288a18cd042f44df73,1.0,0.0,0.0,1.0,1.0,8.117645375196e-06,29099.730992,2026-01-16 01:01:47+00:00,2026-01-16 01:01:47+00:00,1.0,1.0,1.0,1.0,4.317251478428e-06,1.0,4.317251478428e-06,0.0,1.0,0.0,5.7912801631708e-05,0.0,1.0,1.0,1.0,False,False,False,False,0,False,False,False
0x105e6cc99ed17ac161fed96becbd65394f513e81,2.0,0.0,0.0,2.0,2.0,5.9711162147805e-05,50343.380858000004,2025-11-06 06:38:59+00:00,2026-02-05 02:54:59+00:00,1.0,3.0,3.0,3.0,0.00012267502521458402,1.0,1.8441700800498e-05,0.0,0.0,0.0,0.0,0.0,1.0,1.5,0.5,False,False,False,False,0,False,False,False
0x10621b6357d083bacf095894220027ef7bb31e4d,1.0,0.0,0.0,1.0,1.0,3.026616535869e-06,802.262895,2025-12-17 07:55:59+00:00,2025-12-17 07:55:59+00:00,1.0,2.0,2.0,2.0,0.000198792617698125,1.0,9.9310538548017e-05,0.0,1.0,0.0,0.000116618086640694,0.000116618086640694,1.0,2.0,1.0,False,False,False,False,0,False,False,False
0x106cdfbe5ebf1e5c3275822d1b2753a1228373b2,1.0,0.0,0.0,1.0,1.0,3.166767976472e-06,7500.00075,2025-12-28 12:35:47+00:00,2025-12-28 12:35:47+00:00,1.0,3.0,1.0,1.0,4.275230266422e-06,3.0,4.275230266422e-06,0.0,6.0,4.0,0.000138950747304821,0.000138950747304821,3.0,3.0,3.0,False,False,False,False,0,False,False,False
0x1098630f346dbab4bba7c3310fce0a977b474220,2.0,0.0,0.0,2.0,2.0,0.000410182759006136,3769.5699999999997,2025-11-10 10:32:11+00:00,2026-02-09 11:53:11+00:00,1.0,2.0,2.0,1.0,0.000214869156007521,0.0,0.0,1.0,0.0,0.0,0.0,0.0,1.0,1.0,0.0,False,False,False,False,0,False,False,False
0x10cdd829716a40f5c69baed08fbc731f008bfd2f,1.0,0.0,0.0,1.0,1.0,4.327707778176e-06,5000.0,2026-02-21 16:50:35+00:00,2026-02-21 16:50:35+00:00,1.0,0.0,0.0,0.0,0.0,0.0,0.0,2.0,1.0,0.0,0.00207084280525026,0.0,0.0,0.0,0.0,False,False,False,False,0,False,False,False
0x1107f797c1af4982b038eb91260b3f9a90eecee9,38.0,0.0,0.0,23.0,4.0,0.00411753403899976,22323.022988,2025-11-04 20:51:47+00:00,2026-02-28 15:12:23+00:00,1.6521739130434783,3.0,2.0,1.0,3.0740556810766e-05,0.0,0.0,1.0,1.0,0.0,0.00073787400625501,0.0,1.5,0.07894736842105263,0.0,True,False,False,False,0,False,False,True
0x112dfc02cad82af7c6f2aeb644fab599d98c6a16,5.0,0.0,0.0,2.0,2.0,0.004367688453385122,115644.58238800001,2026-01-26 18:03:35+00:00,2026-02-05 22:05:59+00:00,2.5,0.0,0.0,0.0,0.0,0.0,0.0,1.0,1.0,0.0,0.001229398859167085,0.0,0.0,0.0,0.0,False,False,False,False,0,False,False,False
0x11347f0fc96810716092152afda194ab449fd3d0,1.0,0.0,0.0,1.0,1.0,1.2227128857063e-05,13750.905917,2025-11-11 05:16:23+00:00,2025-11-11 05:16:23+00:00,1.0,1.0,1.0,1.0,5.933816652906e-06,1.0,5.933816652906e-06,0.0,0.0,0.0,0.0,0.0,1.0,1.0,1.0,False,False,False,False,0,False,False,False
0x116941a597acf4ba41a417caabdada8f049ba740,1.0,0.0,0.0,1.0,1.0,1.0882702217806e-05,88701.588405,2025-12-19 01:36:11+00:00,2025-12-19 01:36:11+00:00,1.0,5.0,3.0,4.0,0.004383126310386569,1.0,4.47144646339e-06,6.0,1.0,0.0,0.000441724565037635,0.0,1.6666666666666667,5.0,1.0,False,False,False,False,0,False,False,False
0x117a34b37723506a44e1cc063f9945ea68c92c29,8.0,0.0,0.0,7.0,2.0,0.000678315020892768,17284.041251,2026-01-20 23:27:47+00:00,2026-02-24 22:33:11+00:00,1.1428571428571428,9.0,7.0,4.0,0.0017802336085313841,1.0,4.409026634094e-06,4.0,1.0,0.0,0.00085678664396562,0.0,1.2857142857142858,1.125,0.125,False,False,False,False,0,False,False,False
0x11a03f6a5f6b9d0d0c70c0312b519403d0df8183,1.0,0.0,0.0,1.0,1.0,0.000122664587226974,2000.0,2026-01-27 18:07:35+00:00,2026-01-27 18:07:35+00:00,1.0,5.0,1.0,3.0,0.000174172261544444,1.0,4.7004778003194e-05,0.0,0.0,0.0,0.0,0.0,5.0,5.0,1.0,False,False,False,False,0,False,False,False
0x120d7dcb0977647f812ada57f66a35684afaa954,4.0,0.0,0.0,3.0,2.0,0.002473161468276944,1859.2202379999999,2025-11-02 19:40:23+00:00,2026-02-05 20:45:47+00:00,1.3333333333333333,24.0,14.0,10.0,0.000574443973710768,2.0,0.00019776280000868601,0.0,0.0,0.0,0.0,0.0,1.7142857142857142,6.0,0.5,False,False,False,False,0,False,False,False
0x12158ec38b398631fbed34a8faedb988527e5323,1.0,0.0,0.0,1.0,1.0,3.5598662562335e-05,30766.809677,2025-11-10 10:54:35+00:00,2025-11-10 10:54:35+00:00,1.0,0.0,0.0,0.0,0.0,0.0,0.0,1.0,1.0,0.0,0.000435658758034025,0.0,0.0,0.0,0.0,False,False,False,False,0,False,False,False
0x1218986cf9ce1ca7cf717db72ad6c963b2f41cd3,1.0,0.0,0.0,1.0,1.0,1.6814022840398e-05,99370.000992,2026-02-10 07:13:11+00:00,2026-02-10 07:13:11+00:00,1.0,1.0,1.0,1.0,6.95284144875e-06,1.0,6.95284144875e-06,0.0,0.0,0.0,0.0,0.0,1.0,1.0,1.0,False,False,False,False,0,False,False,False
0x121c5314a6ddadea5087c36cf4e2a315cf31597d,2.0,0.0,0.0,2.0,2.0,0.000383196453763956,61.057176999999996,2025-12-18 19:33:23+00:00,2026-01-30 18:35:35+00:00,1.0,3.0,2.0,1.0,0.00040257227791789,3.0,0.00040257227791789,1.0,2.0,2.0,0.00030500166395457,0.0,1.5,1.5,1.5,False,False,False,False,0,False,False,False
0x1237e6a0d07338efafbe376a866f2731d3192479,1.0,0.0,0.0,1.0,1.0,0.000224317457050848,4776.0,2025-11-03 16:46:23+00:00,2025-11-03 16:46:23+00:00,1.0,2.0,1.0,1.0,0.00010322151797532601,0.0,0.0,1.0,0.0,0.0,0.0,0.0,2.0,2.0,0.0,False,False,False,False,0,False,False,False
0x1258f1624d1aedae3ce5df02d1c135cf20da6e4c,1.0,0.0,0.0,1.0,1.0,0.000275538998883,5896.006504,2026-02-02 04:03:59+00:00,2026-02-02 04:03:59+00:00,1.0,4.0,4.0,4.0,0.00477722647876071,1.0,0.000146465512755822,0.0,1.0,0.0,0.00016507754401547,0.00016507754401547,1.0,4.0,1.0,False,False,False,False,0,False,False,False
0x125bcfbfa38324c370d49020561d912f74bce805,5.0,1.0,0.0,4.0,2.0,0.0027574680729592228,12032.170577,2026-01-31 18:00:47+00:00,2026-02-11 07:22:11+00:00,1.25,0.0,0.0,0.0,0.0,0.0,0.0,1.0,1.0,0.0,0.000263035921056484,0.0,0.0,0.0,0.0,False,False,False,False,0,False,False,False
0x1287f3bf59ffdcc896ca6f7681cfb9f39d3c3e64,2.0,0.0,0.0,2.0,1.0,0.00042791923449445404,390214.80576699995,2025-11-02 08:34:11+00:00,2025-11-09 13:08:59+00:00,1.0,2.0,2.0,1.0,0.000197208556938118,2.0,0.000197208556938118,0.0,0.0,0.0,0.0,0.0,1.0,1.0,1.0,False,False,False,False,0,False,False,False
0x129b3936ef1f9093a38904d7a1792bf7a82c1946,1.0,0.0,0.0,1.0,1.0,1.0824073625806e-05,100669.0,2026-01-07 09:30:47+00:00,2026-01-07 09:30:47+00:00,1.0,1.0,1.0,1.0,4.97655912075e-06,1.0,4.97655912075e-06,0.0,0.0,0.0,0.0,0.0,1.0,1.0,1.0,False,False,False,False,0,False,False,False
0x12ab5196345e421306d317f168b368435b338282,1.0,0.0,0.0,1.0,1.0,0.000233302003189148,1.0,2025-11-17 06:39:11+00:00,2025-11-17 06:39:11+00:00,1.0,1.0,1.0,1.0,0.000120498997225023,1.0,0.000120498997225023,0.0,2.0,0.0,0.0025330102157050853,0.0,1.0,1.0,1.0,False,False,False,False,0,False,False,False
0x12ae0b2648af963321e8e55edb648ef59bdab374,3.0,0.0,0.0,2.0,1.0,0.000612637905526619,1501.400023,2025-11-15 23:47:47+00:00,2025-11-24 08:36:47+00:00,1.5,12.0,9.0,7.0,0.001336233152673658,3.0,0.000277387645328184,1.0,1.0,0.0,0.000137806664963701,0.000137806664963701,1.3333333333333333,4.0,1.0,False,False,False,False,0,False,False,False
0x12d114f419f6efac7e5290b5a44788d38fa00b93,1.0,0.0,0.0,1.0,1.0,6.065002432951e-06,99470.009937,2026-01-20 07:59:35+00:00,2026-01-20 07:59:35+00:00,1.0,1.0,1.0,1.0,2.712991015575e-06,1.0,2.712991015575e-06,0.0,0.0,0.0,0.0,0.0,1.0,1.0,1.0,False,False,False,False,0,False,False,False
0x133289557d457f9eddd07989ab0920005c686181,4.0,0.0,0.0,4.0,2.0,0.000221223861954727,1215903.61007,2025-12-10 03:14:35+00:00,2026-01-25 03:35:11+00:00,1.0,43.0,19.0,15.0,0.001312702913336964,5.0,0.000137740994215646,1.0,1.0,1.0,9.0901348028774e-05,1.9868519010854e-05,2.263157894736842,10.75,1.25,False,False,False,False,0,False,False,False
0x1356b0b269a990efc859567f447d04069bb70393,2.0,0.0,0.0,2.0,2.0,0.0014974939506077279,53974.842742,2025-11-05 17:10:59+00:00,2026-02-05 21:30:23+00:00,1.0,5.0,5.0,3.0,0.001391921662168282,0.0,0.0,1.0,1.0,0.0,0.000329668068385135,0.0,1.0,2.5,0.0,False,False,False,False,0,False,False,False
0x135d339f887de4f6483e9a1fe26a3a794abc1882,1.0,0.0,0.0,1.0,1.0,0.000227285272364217,48000.91385,2025-12-25 14:11:11+00:00,2025-12-25 14:11:11+00:00,1.0,1.0,1.0,1.0,0.000114176132857746,1.0,0.000114176132857746,0.0,0.0,0.0,0.0,0.0,1.0,1.0,1.0,False,False,False,False,0,False,False,False
0x1398829e778314f7a29a05a0c41698ea5a2eb1ab,1.0,0.0,0.0,1.0,1.0,0.000123955549046532,40712.0,2025-12-09 16:05:59+00:00,2025-12-09 16:05:59+00:00,1.0,2.0,2.0,2.0,9.5991161264386e-05,1.0,5.7705e-05,1.0,0.0,0.0,0.0,0.0,1.0,2.0,1.0,False,False,False,False,0,False,False,False
0x13a6001679b1a537dd27005289c322ad2f318ec6,1.0,0.0,0.0,1.0,1.0,0.000328194068066441,5.0,2025-11-18 15:22:47+00:00,2025-11-18 15:22:47+00:00,1.0,5.0,2.0,4.0,0.000592846162250106,1.0,0.000156635175033358,0.0,0.0,0.0,0.0,0.0,2.5,5.0,1.0,False,False,False,False,0,False,False,False
0x13b83b8a162874889483e85d104ae711f4ac6389,2.0,0.0,0.0,1.0,1.0,1.86031519068e-05,430000.0,2026-01-06 11:00:11+00:00,2026-01-06 11:02:11+00:00,2.0,1.0,1.0,1.0,5.008415706081e-06,1.0,5.008415706081e-06,0.0,0.0,0.0,0.0,0.0,1.0,0.5,0.5,False,False,False,False,0,False,False,False
0x14195f9026f29dd36c118da3ac6d671847c2df0a,1.0,0.0,0.0,1.0,1.0,5.519722614741e-06,99470.009937,2026-01-20 07:58:23+00:00,2026-01-20 07:58:23+00:00,1.0,1.0,1.0,1.0,2.706252373245e-06,1.0,2.706252373245e-06,0.0,0.0,0.0,0.0,0.0,1.0,1.0,1.0,False,False,False,False,0,False,False,False
0x14427965a954ef41f30f5c0f7bb32b22406a4b00,4.0,0.0,0.0,2.0,1.0,0.000419126417088601,1200.0,2026-02-19 09:25:59+00:00,2026-02-27 13:51:47+00:00,2.0,9.0,2.0,3.0,0.01005536695597673,1.0,2.805101551732e-06,0.0,0.0,0.0,0.0,0.0,4.5,2.25,0.25,False,False,False,False,0,False,False,False
0x144c27f2da90293c648bd86ad0acf422a7300a0b,1.0,0.0,0.0,1.0,1.0,0.000128218783959963,9.0,2025-11-02 17:52:23+00:00,2025-11-02 17:52:23+00:00,1.0,1.0,1.0,1.0,5.3540463927351e-05,1.0,5.3540463927351e-05,0.0,0.0,0.0,0.0,0.0,1.0,1.0,1.0,False,False,False,False,0,False,False,False
0x144db040f93f10e594b4f92cb96ffb95a9e7eee1,1.0,0.0,0.0,1.0,1.0,4.773979726915e-06,19000.0,2026-02-08 12:09:47+00:00,2026-02-08 12:09:47+00:00,1.0,1.0,1.0,1.0,2.395460232094e-06,1.0,2.395460232094e-06,0.0,0.0,0.0,0.0,0.0,1.0,1.0,1.0,False,False,False,False,0,False,False,False
0x145b93f975faf40e632322c78953f339b8da9f71,3.0,0.0,0.0,3.0,2.0,0.000609868111179591,1742141.106129,2025-11-07 07:20:23+00:00,2026-01-28 07:42:47+00:00,1.0,3.0,3.0,1.0,0.000249877017239808,3.0,0.000249877017239808,15.0,2.0,0.0,0.00127424535983091,0.0,1.0,1.0,1.0,False,False,False,False,0,False,False,False
0x146d302c10226b33972dd5f8e2547b085e1f9a16,1.0,0.0,0.0,1.0,1.0,0.000246576076771806,10000.0,2025-11-11 20:30:11+00:00,2025-11-11 20:30:11+00:00,1.0,8.0,2.0,7.0,0.000701199199501194,1.0,0.000118636340708062,0.0,0.0,0.0,0.0,0.0,4.0,8.0,1.0,False,False,False,False,0,False,False,False
0x146ecc0b89f05b2596791ef647a8b4e6fc3c2207,1.0,0.0,0.0,1.0,1.0,0.000154746455519292,30.0,2025-11-24 17:17:59+00:00,2025-11-24 17:17:59+00:00,1.0,1.0,1.0,1.0,6.4383565267287e-05,1.0,6.4383565267287e-05,0.0,0.0,0.0,0.0,0.0,1.0,1.0,1.0,False,False,False,False,0,False,False,False
0x1485cbfdfbd8061a64fbdafcd5d2c7b629e55b71,1.0,0.0,0.0,1.0,1.0,1.6814022840398e-05,99470.000993,2026-02-10 07:13:11+00:00,2026-02-10 07:13:11+00:00,1.0,1.0,1.0,1.0,6.94555369875e-06,1.0,6.94555369875e-06,0.0,0.0,0.0,0.0,0.0,1.0,1.0,1.0,False,False,False,False,0,False,False,False
0x14cf326b6592e310f72ae33450ec06ce852e16c9,1.0,0.0,0.0,1.0,1.0,3.300989727386e-06,100.0,2025-12-06 18:02:59+00:00,2025-12-06 18:02:59+00:00,1.0,1.0,1.0,1.0,1.518294781566e-06,1.0,1.518294781566e-06,2.0,0.0,0.0,0.0,0.0,1.0,1.0,1.0,False,False,False,False,0,False,False,False
0x14d42a5ad9573325cd564f019fbe05896c108b45,1.0,0.0,0.0,1.0,1.0,0.000255674855492494,10.0,2026-01-09 15:27:35+00:00,2026-01-09 15:27:35+00:00,1.0,10.0,7.0,6.0,0.001181213807125995,1.0,0.000110221882357894,0.0,0.0,0.0,0.0,0.0,1.4285714285714286,10.0,1.0,False,False,False,False,0,False,False,False
0x14e3cb36fdc4427533d90eefe32d0bc3aa0c5230,19.0,0.0,0.0,3.0,1.0,0.0016834687202373281,456393.545062,2025-11-04 19:39:59+00:00,2025-11-16 21:45:35+00:00,6.333333333333333,3.0,2.0,1.0,0.0006081162650953069,0.0,0.0,1.0,1.0,0.0,0.00042126580971069,0.0,1.5,0.15789473684210525,0.0,False,False,False,False,0,False,False,False
0x15081e16e97180c18fa1a830b54a181fd3dc94f8,1.0,0.0,0.0,1.0,1.0,0.00019894692786501,9587.24184,2025-11-11 14:15:47+00:00,2025-11-11 14:15:47+00:00,1.0,1.0,1.0,1.0,7.8015029880172e-05,1.0,7.8015029880172e-05,1.0,1.0,0.0,0.001544528116493345,0.0,1.0,1.0,1.0,False,False,False,False,0,False,False,False
0x152594df04e788ca272e757b3a78b4e441dad227,1.0,0.0,0.0,1.0,1.0,3.1548475324729e-05,10511.151065,2025-11-18 07:29:23+00:00,2025-11-18 07:29:23+00:00,1.0,5.0,4.0,5.0,3.6837063810926e-05,1.0,1.4315057457534e-05,0.0,0.0,0.0,0.0,0.0,1.25,5.0,1.0,False,False,False,False,0,False,False,False
0x15546ddbf40a55d3409be904630bd949a59ddf80,2.0,0.0,0.0,1.0,1.0,0.00045559568712358,2035.3886470000002,2026-01-20 09:30:11+00:00,2026-01-20 09:32:23+00:00,2.0,4.0,1.0,3.0,0.0008041506358692999,2.0,0.000218740767181879,0.0,0.0,0.0,0.0,0.0,4.0,2.0,1.0,False,False,False,False,0,False,False,False
0x15932c99ecd4d3ac5b6f8e9b2d0178900cc8bf04,1.0,0.0,0.0,1.0,1.0,0.000245104341973348,10.0,2025-12-23 15:21:11+00:00,2025-12-23 15:21:11+00:00,1.0,2.0,2.0,2.0,0.001050110037275224,1.0,0.00011858221771812,0.0,2.0,0.0,0.000203600422964227,0.000203600422964227,1.0,2.0,1.0,False,False,False,False,0,False,False,False
0x159aee82c13ce7303697eec330571580147c923e,1.0,0.0,0.0,1.0,1.0,1.0438396853927e-05,1731.468234,2026-02-12 02:48:47+00:00,2026-02-12 02:48:47+00:00,1.0,2.0,2.0,2.0,3.8099495088423006e-05,1.0,4.172890823388e-06,0.0,0.0,0.0,0.0,0.0,1.0,2.0,1.0,False,False,False,False,0,False,False,False
0x15def91705fd5fa51a7aecce1294aa182615de16,2.0,0.0,0.0,2.0,2.0,3.9338699829787e-05,160.105664,2025-11-03 08:12:59+00:00,2025-12-19 10:37:23+00:00,1.0,1.0,1.0,1.0,1.5138125842743e-05,1.0,1.5138125842743e-05,0.0,0.0,0.0,0.0,0.0,1.0,0.5,0.5,False,False,False,False,0,False,False,False
0x15e096009b6609e7da6136a486e3cb1f6a57635c,10.0,2.0,0.0,10.0,3.0,0.0022261869702679825,8631.462033,2025-11-25 21:54:59+00:00,2026-02-15 14:28:11+00:00,1.0,78.0,40.0,10.0,0.003109446294806682,0.0,0.0,1.0,2.0,1.0,0.000327447596679482,3.955525193039e-06,1.95,7.8,0.0,False,False,False,False,0,False,False,False
0x15ee72ff4df91e43bb4f06da9de579b6a4765771,1.0,0.0,0.0,1.0,1.0,1.4957120163293e-05,50.0,2026-02-03 03:13:11+00:00,2026-02-03 03:13:11+00:00,1.0,6.0,4.0,5.0,4.6428322161282e-05,1.0,7.422053724144e-06,0.0,0.0,0.0,0.0,0.0,1.5,6.0,1.0,False,False,False,False,0,False,False,False
0x15fbaed545ea1de34ffef8254d8e5cc6f8be1329,4.0,0.0,0.0,3.0,2.0,0.00037609089271812803,65000.0,2025-11-17 01:49:47+00:00,2025-12-19 00:19:23+00:00,1.3333333333333333,7.0,7.0,3.0,2.250711177589e-05,2.0,4.454042351412e-06,4.0,1.0,0.0,0.000596424076531525,0.0,1.0,1.75,0.5,False,False,False,False,0,False,False,False
0x15fec9de5daa9a9c2b7bf935f44ef1aa25e9b9db,1.0,0.0,0.0,1.0,1.0,9.859502553845e-06,149293.30717,2025-11-26 16:22:23+00:00,2025-11-26 16:22:23+00:00,1.0,2.0,1.0,1.0,7.990726857975001e-06,2.0,7.990726857975001e-06,0.0,0.0,0.0,0.0,0.0,2.0,2.0,2.0,False,False,False,False,0,False,False,False
0x1608a70933901af05b76caa7a7554ca5020cd4e8,3.0,0.0,0.0,3.0,2.0,0.000186219112825879,3011684.391523,2025-12-03 15:11:23+00:00,2026-01-05 08:32:35+00:00,1.0,3.0,2.0,2.0,8.3687878298541e-05,2.0,5.2211695064304e-05,7.0,0.0,0.0,0.0,0.0,1.5,1.0,0.6666666666666666,False,False,False,False,0,False,False,False
0x16511fadd09577fcdd6453cadbda9b07c007d0b4,7.0,0.0,0.0,4.0,4.0,0.003502803836726707,5442.686505,2025-11-22 07:27:47+00:00,2026-02-05 21:10:35+00:00,1.75,1.0,1.0,1.0,0.000101856746356965,1.0,0.000101856746356965,0.0,2.0,0.0,0.00019858836933648,0.0,1.0,0.14285714285714285,0.14285714285714285,False,False,False,False,0,False,False,False
0x165c9022d09b64ebca20b0c1fcc514bd869146dc,1.0,0.0,0.0,1.0,1.0,9.737474697258e-06,8000.000004,2025-11-22 13:14:47+00:00,2025-11-22 13:14:47+00:00,1.0,1.0,1.0,1.0,1.2017197526968e-05,1.0,1.2017197526968e-05,0.0,1.0,0.0,4.8318971765099e-05,0.0,1.0,1.0,1.0,False,False,False,False,0,False,False,False
0x165ce72fb9fbb8486586a81ff088b300fb3fedbc,4.0,0.0,0.0,4.0,3.0,0.000822260262332388,1731.974829,2025-11-12 12:55:11+00:00,2026-02-28 11:30:59+00:00,1.0,9.0,6.0,4.0,0.001054532452313057,1.0,0.00011768092047369,0.0,1.0,0.0,0.000184930999113121,0.000184930999113121,1.5,2.25,0.25,False,False,False,False,0,False,False,False
0x168effef8f2ed0b312eeb5dbdd1f891dc7d3383c,1.0,0.0,0.0,1.0,1.0,7.6353128363551e-05,0.1,2026-01-22 13:12:59+00:00,2026-01-22 13:12:59+00:00,1.0,4.0,2.0,3.0,7.3075697132286e-05,2.0,3.7770034537434e-05,0.0,0.0,0.0,0.0,0.0,2.0,4.0,2.0,False,False,False,False,0,False,False,False
0x17453a3531444e1977fcbedad07be7d6c5b93c44,1.0,0.0,0.0,1.0,1.0,0.000238264913321246,22576.478168,2026-02-06 09:13:35+00:00,2026-02-06 09:13:35+00:00,1.0,2.0,2.0,2.0,0.000164208045501758,1.0,0.000106919946066258,0.0,0.0,0.0,0.0,0.0,1.0,2.0,1.0,False,False,False,False,0,False,False,False
0x1794303c8cc24b2187f6d7c28e768963cbe51198,1.0,0.0,0.0,1.0,1.0,1.1287962886536e-05,17800.000055,2026-01-22 19:20:47+00:00,2026-01-22 19:20:47+00:00,1.0,9.0,5.0,3.0,0.000256997431174628,1.0,5.915517946866e-06,0.0,0.0,0.0,0.0,0.0,1.8,9.0,1.0,False,False,False,False,0,False,False,False
0x17c19c023c2e032bd70f06c5d44c1758feb13808,3.0,0.0,0.0,3.0,2.0,0.000219440591333511,124114.042852,2025-12-04 19:26:47+00:00,2026-02-27 21:45:35+00:00,1.0,2.0,1.0,1.0,0.000162514923110904,2.0,0.000162514923110904,1.0,1.0,0.0,0.000149440578789675,0.0,2.0,0.6666666666666666,0.6666666666666666,False,False,False,False,0,False,False,False
0x17ea332d630e9a64613ce705d43598ae4b1a7dc9,5.0,0.0,0.0,3.0,1.0,0.002622105603934024,9497.407811,2026-02-03 18:43:35+00:00,2026-02-24 04:33:47+00:00,1.6666666666666667,0.0,0.0,0.0,0.0,0.0,0.0,1.0,0.0,0.0,0.0,0.0,0.0,0.0,0.0,False,False,False,False,0,False,False,False
0x180b7ba46a19fb8b6f7bb970ea45a9e642a8d3a7,1.0,0.0,0.0,1.0,1.0,2.972664297335e-06,99868.000229,2025-12-31 06:13:11+00:00,2025-12-31 06:13:11+00:00,1.0,1.0,1.0,1.0,1.43326128963e-06,1.0,1.43326128963e-06,0.0,0.0,0.0,0.0,0.0,1.0,1.0,1.0,False,False,False,False,0,False,False,False
0x182b8b96368d16d99ab316f3d1235af07f746ec5,2.0,0.0,0.0,2.0,1.0,1.0596118143743e-05,127.0,2025-12-01 07:56:47+00:00,2025-12-03 03:55:35+00:00,1.0,3.0,2.0,1.0,9.144207432965999e-06,3.0,9.144207432965999e-06,0.0,1.0,0.0,2.241139269839e-06,2.241139269839e-06,1.5,1.5,1.5,False,False,False,False,0,False,False,False
0x18605955aaaccb329df11b1406c1d062b5c7ca53,1.0,0.0,0.0,1.0,1.0,4.015304096496e-06,20012.324751,2026-01-10 13:32:35+00:00,2026-01-10 13:32:35+00:00,1.0,10.0,4.0,3.0,0.0005909028239967651,2.0,2.609040485765e-06,0.0,0.0,0.0,0.0,0.0,2.5,10.0,2.0,False,False,False,False,0,False,False,False
0x18c7ab9d37bf5fd679a3823c7f9adfcf8873fdbb,13.0,0.0,0.0,10.0,3.0,0.005336201173216497,124062.992488,2025-11-05 12:42:11+00:00,2026-02-05 03:40:35+00:00,1.3,0.0,0.0,0.0,0.0,0.0,0.0,1.0,1.0,0.0,0.000783892733724875,0.0,0.0,0.0,0.0,False,False,False,False,0,False,False,False
0x18d095768a69f550c2da9d562ea2e28637da7601,1.0,0.0,0.0,1.0,1.0,0.000256783868761728,399730.610305,2025-12-08 19:15:35+00:00,2025-12-08 19:15:35+00:00,1.0,1.0,1.0,1.0,0.000129321441430296,1.0,0.000129321441430296,0.0,0.0,0.0,0.0,0.0,1.0,1.0,1.0,False,False,False,False,0,False,False,False
0x18dafd733ba63361a367d6bc43996ecf6a14a1bc,1.0,0.0,0.0,1.0,1.0,1.0867467306618e-05,1695.488984,2025-12-12 04:11:47+00:00,2025-12-12 04:11:47+00:00,1.0,4.0,3.0,4.0,0.00048740887979739004,1.0,2.4209560907162e-05,0.0,1.0,0.0,0.000154762042988191,0.0,1.3333333333333333,4.0,1.0,False,False,False,False,0,False,False,False
0x190a522c90224cea63beafcfd3031b3404d44db8,2.0,0.0,0.0,2.0,2.0,0.000310013945352614,220972.838017,2025-11-07 08:10:23+00:00,2025-12-06 06:07:59+00:00,1.0,2.0,2.0,1.0,9.6330794843838e-05,2.0,9.6330794843838e-05,1.0,0.0,0.0,0.0,0.0,1.0,1.0,1.0,False,False,False,False,0,False,False,False
0x198a5948ffe700f434d4218c286d9e85e35704f4,8.0,0.0,0.0,6.0,2.0,0.00041595955018488,440.964174,2025-11-12 17:51:35+00:00,2025-12-05 10:07:23+00:00,1.3333333333333333,18.0,9.0,3.0,0.000291023556168976,9.0,0.000211724977897806,0.0,0.0,0.0,0.0,0.0,2.0,2.25,1.125,False,False,False,False,0,False,False,False
0x19a89ac8e4fb999245d583243ad9a41cd089c481,2.0,0.0,0.0,2.0,2.0,0.000450946741880929,3743.745583,2026-01-29 21:09:59+00:00,2026-02-01 15:03:35+00:00,1.0,0.0,0.0,0.0,0.0,0.0,0.0,4.0,3.0,0.0,0.00294311622473049,0.0,0.0,0.0,0.0,False,False,False,False,0,False,False,False
0x19eb2688e698f540f77ead8d42b0993616fa656d,6.0,0.0,0.0,1.0,1.0,0.000825004467819807,217597.276282,2025-11-21 02:26:11+00:00,2025-11-21 09:45:35+00:00,6.0,1.0,1.0,1.0,8.0316837650792e-05,1.0,8.0316837650792e-05,1.0,1.0,0.0,0.00249874233437889,0.0,1.0,0.16666666666666666,0.16666666666666666,False,False,False,False,0,False,False,False
0x1a1cd9c606727a7400bb2da6e4d5c70db5b4cade,3.0,1.0,0.0,1.0,1.0,3.4298816380091e-05,350095.0,2025-11-17 07:05:11+00:00,2025-11-17 09:33:35+00:00,3.0,0.0,0.0,0.0,0.0,0.0,0.0,1.0,1.0,0.0,0.00249518649738075,0.0,0.0,0.0,0.0,False,False,False,False,0,False,False,False
0x1a2baae40637289ca1018b68e34d8b63b7c1fec3,8.0,2.0,0.0,5.0,4.0,0.00964913955194603,1036691.8451479999,2025-11-03 07:04:23+00:00,2026-02-04 19:59:47+00:00,1.6,0.0,0.0,0.0,0.0,0.0,0.0,1.0,5.0,0.0,0.000917468552308192,0.0,0.0,0.0,0.0,False,False,False,False,0,False,False,False
0x1a5db8d19a0fa940834ddbf22b0a48faa44d68bc,2.0,0.0,0.0,2.0,2.0,6.875864954812e-05,4000.00408,2025-12-18 15:38:59+00:00,2026-02-06 05:41:11+00:00,1.0,1.0,1.0,1.0,1.0725149589093e-05,1.0,1.0725149589093e-05,0.0,1.0,0.0,1.2008301159315e-05,1.2008301159315e-05,1.0,0.5,0.5,False,False,False,False,0,False,False,False
0x1a624c736842cb3944b7b21a77ca1eceff4a220e,1.0,0.0,0.0,1.0,1.0,0.000197716316270364,29910.067645,2025-11-16 22:43:23+00:00,2025-11-16 22:43:23+00:00,1.0,1.0,1.0,1.0,8.1139727573336e-05,1.0,8.1139727573336e-05,2.0,0.0,0.0,0.0,0.0,1.0,1.0,1.0,False,False,False,False,0,False,False,False
0x1a6ff5fa93ba5e93f8bffc40e78fbaef691cba3d,1.0,0.0,0.0,1.0,1.0,1.2265497727893e-05,99768.0,2026-01-07 09:33:47+00:00,2026-01-07 09:33:47+00:00,1.0,1.0,1.0,1.0,5.54784992439e-06,1.0,5.54784992439e-06,0.0,0.0,0.0,0.0,0.0,1.0,1.0,1.0,False,False,False,False,0,False,False,False
0x1ac0e9b76110435deafdbbeac3a5cd04e2b98232,1.0,0.0,0.0,1.0,1.0,2.924652194604e-05,5000.0,2026-02-27 15:43:47+00:00,2026-02-27 15:43:47+00:00,1.0,1.0,1.0,1.0,1.4848153332759e-05,1.0,1.4848153332759e-05,0.0,0.0,0.0,0.0,0.0,1.0,1.0,1.0,False,False,False,False,0,False,False,False
0x1ad698f170f0d83fecd5461e3143795a94aefed6,1.0,0.0,0.0,1.0,1.0,1.0787014216245e-05,20186.743419,2025-11-12 03:20:35+00:00,2025-11-12 03:20:35+00:00,1.0,8.0,5.0,5.0,0.0004933180501613461,1.0,4.059792099034e-06,1.0,1.0,0.0,0.000227024684035677,0.0,1.6,8.0,1.0,False,False,False,False,0,False,False,False
0x1af86176b4b0e2493189fe8569864ed3ca6ef460,2.0,0.0,0.0,1.0,1.0,0.000333968717149566,14795.0,2025-11-20 14:23:23+00:00,2025-11-20 14:27:11+00:00,2.0,12.0,2.0,6.0,0.003161234624446669,3.0,0.000217789986442917,1.0,0.0,0.0,0.0,0.0,6.0,6.0,1.5,False,False,False,False,0,False,False,False
0x1b07574efc0b129a36904efe817f375f4b04b967,1.0,0.0,0.0,1.0,1.0,0.000226382359026768,151686.16934,2026-01-07 13:32:11+00:00,2026-01-07 13:32:11+00:00,1.0,5.0,3.0,3.0,0.000372701350449979,2.0,0.000156086254957492,0.0,0.0,0.0,0.0,0.0,1.6666666666666667,5.0,2.0,False,False,False,False,0,False,False,False
0x1b48184dc077f1c9bf1d152984d251e73e8d551d,3.0,1.0,0.0,1.0,1.0,0.000931513149594804,96004.071384,2025-11-03 08:03:11+00:00,2025-11-03 10:16:23+00:00,3.0,1.0,1.0,1.0,0.00010437459069107,1.0,0.00010437459069107,1.0,1.0,0.0,0.00118688917250479,0.0,1.0,0.3333333333333333,0.3333333333333333,False,False,False,False,0,False,False,False
0x1b5378977764681855b7ca364f229f046f57de23,1.0,0.0,0.0,1.0,1.0,1.7179226963955e-05,25000.0,2025-12-23 06:49:59+00:00,2025-12-23 06:49:59+00:00,1.0,8.0,5.0,5.0,0.000367879785283297,1.0,4.021847618478e-06,1.0,1.0,0.0,6.32137e-05,0.0,1.6,8.0,1.0,False,False,False,False,0,False,False,False
0x1b53a89dddedb7d7742fc50440e2a393201a3a20,1.0,0.0,0.0,1.0,1.0,1.3005237538605e-05,7277.923325,2025-12-19 09:20:47+00:00,2025-12-19 09:20:47+00:00,1.0,1.0,1.0,1.0,5.671530678924e-06,1.0,5.671530678924e-06,0.0,1.0,0.0,6.648121270498e-06,6.648121270498e-06,1.0,1.0,1.0,False,False,False,False,0,False,False,False
0x1b5dbc96f883ec47f0fcfb27e2b5842fd714940c,2.0,0.0,0.0,2.0,2.0,0.00015946083001000002,500000.0,2025-12-20 10:27:23+00:00,2026-01-08 16:26:11+00:00,1.0,22.0,14.0,9.0,0.001755991623496011,4.0,8.4509348859847e-05,0.0,0.0,0.0,0.0,0.0,1.5714285714285714,11.0,2.0,False,False,False,False,0,False,False,False
0x1b96d54ae408eca13574c7995a8bc1f23e1442b2,3.0,0.0,0.0,3.0,2.0,0.000423032648076555,68370.94,2025-11-19 12:28:23+00:00,2025-12-04 14:09:23+00:00,1.0,0.0,0.0,0.0,0.0,0.0,0.0,1.0,1.0,0.0,2.192520751164e-06,2.192520751164e-06,0.0,0.0,0.0,False,False,False,False,0,False,False,False
0x1ba522003f4978edf299cfd660b2909982d2eff3,4.0,0.0,0.0,3.0,1.0,4.3346527979218e-05,10254.195333,2026-01-23 16:44:59+00:00,2026-01-25 13:44:59+00:00,1.3333333333333333,6.0,5.0,3.0,0.000254133209014496,3.0,1.6136729244018e-05,0.0,0.0,0.0,0.0,0.0,1.2,1.5,0.75,False,False,False,False,0,False,False,False
0x1ba7220893b07f0a189d40056212975fb44e47aa,1.0,0.0,0.0,1.0,1.0,1.1839088474148e-05,349.689297,2026-01-21 00:12:59+00:00,2026-01-21 00:12:59+00:00,1.0,5.0,5.0,5.0,4.2123840538137e-05,1.0,3.637619097918e-06,0.0,0.0,0.0,0.0,0.0,1.0,5.0,1.0,False,False,False,False,0,False,False,False
0x1bf12f35366e93b23a56b525bd64b246ae4063ea,1.0,0.0,0.0,1.0,1.0,0.00022038362460278,21.562673,2026-01-14 23:27:11+00:00,2026-01-14 23:27:11+00:00,1.0,9.0,5.0,5.0,0.000596455539960394,1.0,0.000100031592144186,0.0,0.0,0.0,0.0,0.0,1.8,9.0,1.0,False,False,False,False,0,False,False,False
0x1bf7f251522e564d5fa891e04396c1bb54cafd8e,1.0,0.0,0.0,1.0,1.0,3.34994350385e-06,10000.0,2026-01-25 10:05:11+00:00,2026-01-25 10:05:11+00:00,1.0,1.0,1.0,1.0,1.810329195772e-06,1.0,1.810329195772e-06,0.0,0.0,0.0,0.0,0.0,1.0,1.0,1.0,False,False,False,False,0,False,False,False
0x1c1022ad671df0d9099ef77aad29dab9172c0587,2.0,0.0,0.0,1.0,1.0,1.0880214854795001e-05,7000.0,2026-01-03 13:51:23+00:00,2026-01-03 14:08:35+00:00,2.0,3.0,1.0,2.0,4.1786189108783994e-05,1.0,3.416489679544e-06,0.0,0.0,0.0,0.0,0.0,3.0,1.5,0.5,False,False,False,False,0,False,False,False
0x1c3c7cb9d5a17a37c011cabe4fb4796cd2a85163,1.0,0.0,0.0,1.0,1.0,5.6082685100596e-05,500000.011029,2026-01-07 17:08:35+00:00,2026-01-07 17:08:35+00:00,1.0,1.0,1.0,1.0,2.8994380465995e-05,1.0,2.8994380465995e-05,2.0,1.0,0.0,0.001021239805912141,0.0,1.0,1.0,1.0,False,False,False,False,0,False,False,False
0x1c6609e2b59e5e8401880b00c7200667c6a1d6e2,2.0,0.0,0.0,2.0,2.0,0.000391587676338266,103326.392368,2025-12-14 19:00:23+00:00,2026-02-16 17:48:35+00:00,1.0,2.0,2.0,2.0,0.000192753094953922,1.0,7.9164618630142e-05,2.0,0.0,0.0,0.0,0.0,1.0,1.0,0.5,False,False,False,False,0,False,False,False
0x1c71458a4aadc0b7e977b614c7f026391deac4f7,1.0,0.0,0.0,1.0,1.0,1.2927114753146e-05,13765.17,2025-12-12 00:31:35+00:00,2025-12-12 00:31:35+00:00,1.0,2.0,1.0,2.0,1.4057627636038e-05,1.0,7.077373449184e-06,0.0,0.0,0.0,0.0,0.0,2.0,2.0,1.0,False,False,False,False,0,False,False,False
0x1c742c63c348ce9918b671c4002b6c7e5ab83b4a,1.0,0.0,0.0,1.0,1.0,0.000238752408601473,10.0,2026-01-20 07:39:11+00:00,2026-01-20 07:39:11+00:00,1.0,4.0,3.0,3.0,0.000418356413109396,1.0,0.000116373104746876,0.0,0.0,0.0,0.0,0.0,1.3333333333333333,4.0,1.0,False,False,False,False,0,False,False,False
0x1cb54b5a516935587f4731d4212b495b488f93fe,1.0,0.0,0.0,1.0,1.0,1.2574098798478e-05,100266.0,2026-01-07 09:33:23+00:00,2026-01-07 09:33:23+00:00,1.0,1.0,1.0,1.0,5.050855740015e-06,1.0,5.050855740015e-06,0.0,0.0,0.0,0.0,0.0,1.0,1.0,1.0,False,False,False,False,0,False,False,False
0x1cd58d74249d284eec244385399f487d49c85391,2.0,0.0,0.0,1.0,1.0,0.00011284213930975499,427962.0,2025-11-14 12:04:11+00:00,2025-11-14 12:04:59+00:00,2.0,0.0,0.0,0.0,0.0,0.0,0.0,2.0,2.0,0.0,9.3047391578118e-05,2.0289593768243e-05,0.0,0.0,0.0,False,False,False,False,0,False,False,False
0x1cf6aa609afd0d3a838b0fc544b34313e70fe557,2.0,0.0,0.0,1.0,1.0,1.4478600057492e-05,335532.4697,2025-11-15 11:59:47+00:00,2025-11-15 12:06:11+00:00,2.0,6.0,3.0,6.0,2.3405988930979997e-05,2.0,6.986681271578e-06,0.0,2.0,0.0,2.511649196513e-05,2.511649196513e-05,2.0,3.0,1.0,False,False,False,False,0,False,False,False
0x1cf9e733e286413be10698802820c8b11041eaba,1.0,0.0,0.0,1.0,1.0,2.972664297335e-06,99669.000499,2025-12-31 06:13:11+00:00,2025-12-31 06:13:11+00:00,1.0,1.0,1.0,1.0,1.351694022285e-06,1.0,1.351694022285e-06,0.0,0.0,0.0,0.0,0.0,1.0,1.0,1.0,False,False,False,False,0,False,False,False
0x1d2649df5d6511803c5418f0020104412fe3f269,1.0,0.0,0.0,1.0,1.0,0.000245268439629381,263931.607551,2025-12-08 19:07:23+00:00,2025-12-08 19:07:23+00:00,1.0,1.0,1.0,1.0,0.000111209618217141,1.0,0.000111209618217141,0.0,0.0,0.0,0.0,0.0,1.0,1.0,1.0,False,False,False,False,0,False,False,False
0x1d5f938654b58e825d4372bec4018e08bfc3759d,1.0,0.0,0.0,1.0,1.0,4.225840273566e-06,2400.0,2025-11-30 13:28:35+00:00,2025-11-30 13:28:35+00:00,1.0,53.0,19.0,12.0,0.002316598430920006,2.0,7.4278605589758e-05,0.0,0.0,0.0,0.0,0.0,2.789473684210526,53.0,2.0,False,False,False,False,0,False,False,False
0x1d65172085e9d2623b712af83d42927983396931,3.0,0.0,0.0,2.0,2.0,1.9462697133022002e-05,15799.583258999999,2025-12-17 18:26:35+00:00,2026-01-20 23:56:11+00:00,1.5,1.0,1.0,1.0,2.699375870234e-06,1.0,2.699375870234e-06,0.0,1.0,0.0,1.8878779377979e-05,0.0,1.0,0.3333333333333333,0.3333333333333333,False,False,False,False,0,False,False,False
0x1d67cdf83caeabd685d049afbfd015ffca0f2423,1.0,0.0,0.0,1.0,1.0,1.7941741392246e-05,101559.000101,2026-02-10 07:13:23+00:00,2026-02-10 07:13:23+00:00,1.0,1.0,1.0,1.0,7.61051220408e-06,1.0,7.61051220408e-06,0.0,0.0,0.0,0.0,0.0,1.0,1.0,1.0,False,False,False,False,0,False,False,False
0x1d9c949ca44b9e4c5fce9661d12b3eb6d7dde0b2,1.0,0.0,0.0,1.0,1.0,0.000109182313632744,4400.0,2025-12-09 19:20:23+00:00,2025-12-09 19:20:23+00:00,1.0,3.0,2.0,3.0,0.000190851833024854,1.0,2.407587232192e-05,0.0,0.0,0.0,0.0,0.0,1.5,3.0,1.0,False,False,False,False,0,False,False,False
0x1dad15dcf97f6dd3e2bfc898f020164d9886d358,1.0,0.0,0.0,1.0,1.0,1.29503311552e-05,0.162985,2025-12-27 08:56:35+00:00,2025-12-27 08:56:35+00:00,1.0,2.0,2.0,2.0,5.9878908759375e-05,1.0,6.546137850726e-06,0.0,0.0,0.0,0.0,0.0,1.0,2.0,1.0,False,False,False,False,0,False,False,False
0x1dc10b9d5ec6999d5b686c0935fcdf93f802798a,1.0,0.0,0.0,1.0,1.0,0.000131334581194188,5000.0,2025-11-10 09:30:11+00:00,2025-11-10 09:30:11+00:00,1.0,3.0,3.0,2.0,0.00020904483418918,1.0,6.3363214182546e-05,0.0,0.0,0.0,0.0,0.0,1.0,3.0,1.0,False,False,False,False,0,False,False,False
0x1ddbcf5c844cc0830ad62b9dfd80b01a0418fd56,1.0,0.0,0.0,1.0,1.0,3.2221544103012e-05,6700.0,2026-01-27 17:58:11+00:00,2026-01-27 17:58:11+00:00,1.0,1.0,1.0,1.0,1.411693991793e-05,1.0,1.411693991793e-05,0.0,0.0,0.0,0.0,0.0,1.0,1.0,1.0,False,False,False,False,0,False,False,False
0x1de08615b59cb12b5083dfbd77453812a060a4cd,13.0,0.0,0.0,13.0,3.0,0.000193992569468957,16503.670946,2025-12-09 13:33:23+00:00,2026-02-24 11:32:47+00:00,1.0,13.0,13.0,1.0,8.283906533627201e-05,13.0,8.283906533627201e-05,0.0,0.0,0.0,0.0,0.0,1.0,1.0,1.0,False,False,False,False,0,False,False,False
0x1deef502c0b411546c3ed3b03338e5cf4afb0518,1.0,0.0,0.0,1.0,1.0,1.2266935498089e-05,99569.0,2026-01-07 09:33:47+00:00,2026-01-07 09:33:47+00:00,1.0,1.0,1.0,1.0,5.54784992439e-06,1.0,5.54784992439e-06,0.0,0.0,0.0,0.0,0.0,1.0,1.0,1.0,False,False,False,False,0,False,False,False
0x1dfc66f1b1b85db71c162803f0e0e1bdf3eb6c0b,1.0,0.0,0.0,1.0,1.0,5.031958910634e-06,1.0,2026-01-18 05:48:47+00:00,2026-01-18 05:48:47+00:00,1.0,16.0,5.0,6.0,0.001234264164908182,1.0,2.33161395882e-06,0.0,1.0,0.0,0.000187276503397122,0.000187276503397122,3.2,16.0,1.0,False,False,False,False,0,False,False,False
0x1dfeac995b12d35301b52f4122c235a67085d73e,1.0,0.0,0.0,1.0,1.0,8.884257156576e-06,481.147701,2025-11-17 01:34:23+00:00,2025-11-17 01:34:23+00:00,1.0,2.0,2.0,1.0,9.015803536134001e-06,2.0,9.015803536134001e-06,0.0,0.0,0.0,0.0,0.0,1.0,2.0,2.0,False,False,False,False,0,False,False,False
0x1e212eef1b64a90f63969006ca65022f777ebc10,1.0,0.0,0.0,1.0,1.0,1.8081833312896e-05,15183.01,2025-11-12 08:57:47+00:00,2025-11-12 08:57:47+00:00,1.0,2.0,2.0,2.0,0.000164268602483488,1.0,9.565504803834e-06,0.0,0.0,0.0,0.0,0.0,1.0,2.0,1.0,False,False,False,False,0,False,False,False
0x1e2ac461edc05bdc7b471cf93aeceec91f32ed29,129.0,2.0,0.0,49.0,4.0,0.005783747503094692,162593171.786073,2025-11-01 04:28:47+00:00,2026-02-05 18:55:35+00:00,2.63265306122449,344.0,81.0,3.0,0.009701771267437773,84.0,0.001430958845409868,38.0,3.0,0.0,0.00021289225319962902,0.0,4.246913580246914,2.6666666666666665,0.6511627906976745,True,False,False,False,0,False,False,True
0x1e60c9534a6cb991f99180bcf07f5331e81b3a03,2.0,0.0,0.0,2.0,1.0,0.00034274826156616,9998.900689999999,2026-02-02 04:50:47+00:00,2026-02-06 01:31:35+00:00,1.0,8.0,5.0,5.0,0.001617488504256543,1.0,9.646156261764e-06,0.0,1.0,0.0,5.3357637063793e-05,0.0,1.6,4.0,0.5,False,False,False,False,0,False,False,False
0x1e6a6626164b9486d77507c147de3cbd81ae4191,3.0,0.0,0.0,2.0,2.0,0.000849210134549017,18481.559065,2025-12-23 19:18:23+00:00,2026-01-31 16:57:35+00:00,1.5,2.0,1.0,2.0,0.000212815311911057,2.0,0.000212815311911057,0.0,1.0,0.0,0.000118713352137469,0.000118713352137469,2.0,0.6666666666666666,0.6666666666666666,False,False,False,False,0,False,False,False
0x1e917caeb72ff9fee4b8e8aa2281910b12587e6c,1.0,0.0,0.0,1.0,1.0,4.0123091894688e-05,38415.863729,2025-12-01 00:53:23+00:00,2025-12-01 00:53:23+00:00,1.0,2.0,2.0,2.0,2.7191382440058e-05,1.0,2.3053941066074e-05,0.0,0.0,0.0,0.0,0.0,1.0,2.0,1.0,False,False,False,False,0,False,False,False
0x1e99ef77fd83914b27a9a482ba1d576372449d77,1.0,0.0,0.0,1.0,1.0,0.00025806912664455,4014.574521,2025-11-07 16:14:47+00:00,2025-11-07 16:14:47+00:00,1.0,2.0,2.0,2.0,0.000150213845429242,1.0,0.000146363224139052,0.0,0.0,0.0,0.0,0.0,1.0,2.0,1.0,False,False,False,False,0,False,False,False
0x1e9e5f99ded54d8d7b3fd04be604cf07581e617c,1.0,0.0,0.0,1.0,1.0,3.9070239259716e-05,6789.671143,2025-11-12 13:34:23+00:00,2025-11-12 13:34:23+00:00,1.0,5.0,3.0,4.0,0.000140009689044526,1.0,1.9379385587614e-05,0.0,0.0,0.0,0.0,0.0,1.6666666666666667,5.0,1.0,False,False,False,False,0,False,False,False
0x1ecc011fd50c37d3dccaf22139584a944cc6ddc1,1.0,0.0,0.0,1.0,1.0,3.168673644613e-06,99669.001125,2025-12-31 07:05:59+00:00,2025-12-31 07:05:59+00:00,1.0,1.0,1.0,1.0,1.30985655567e-06,1.0,1.30985655567e-06,0.0,0.0,0.0,0.0,0.0,1.0,1.0,1.0,False,False,False,False,0,False,False,False
0x1edd7f359e0a10cc3ee444960fd7d4f32b7b55cc,1.0,0.0,0.0,1.0,1.0,6.00442424218e-06,100.0,2026-01-21 04:39:11+00:00,2026-01-21 04:39:11+00:00,1.0,2.0,1.0,2.0,5.0934146814e-06,1.0,2.673759300723e-06,0.0,0.0,0.0,0.0,0.0,2.0,2.0,1.0,False,False,False,False,0,False,False,False
0x1ef278ad16c445f31ca61f0e273aae8bab5e67c2,1.0,0.0,0.0,1.0,1.0,5.7201433986868e-05,14867.712856,2025-12-24 01:10:23+00:00,2025-12-24 01:10:23+00:00,1.0,7.0,5.0,5.0,0.000143101787709491,1.0,2.576325763305e-05,0.0,3.0,3.0,0.000142825981543018,0.000142825981543018,1.4,7.0,1.0,False,False,False,False,0,False,False,False
0x1f1441e0b4e1bfcf9afd0ed0904161112a712f8f,1.0,0.0,0.0,1.0,1.0,1.6485129700809e-05,102621.132523,2026-02-28 08:28:59+00:00,2026-02-28 08:28:59+00:00,1.0,1.0,1.0,1.0,7.361578024586e-06,1.0,7.361578024586e-06,0.0,0.0,0.0,0.0,0.0,1.0,1.0,1.0,False,False,False,False,0,False,False,False
0x1f267b095b15c8c1ebed3e352b7d2d9ffc1db86c,2.0,0.0,0.0,2.0,1.0,0.000270477103937144,208.046304,2025-12-01 15:54:11+00:00,2025-12-03 13:39:59+00:00,1.0,2.0,1.0,2.0,0.000292003881817815,1.0,0.000137832435100683,0.0,2.0,0.0,4.116534253769e-06,4.116534253769e-06,2.0,1.0,0.5,False,False,False,False,0,False,False,False
0x1f2f6ad4094101d66abee70637300b0252566c55,2.0,0.0,0.0,2.0,2.0,4.0963495535683e-05,8892.450664,2025-11-14 21:21:11+00:00,2025-12-18 22:00:23+00:00,1.0,3.0,3.0,2.0,9.27555196471e-05,1.0,5.333129612852e-06,2.0,2.0,0.0,0.00023106593524454,0.0,1.0,1.5,0.5,False,False,False,False,0,False,False,False
0x1f6f1dbae8fd905345a813d1a2493d66bd88d9a8,2.0,0.0,0.0,1.0,1.0,0.000500661096217125,212383.256305,2026-02-04 16:09:47+00:00,2026-02-04 16:16:59+00:00,2.0,2.0,2.0,2.0,0.000123823833854728,0.0,0.0,1.0,1.0,0.0,0.00224755580209669,0.0,1.0,1.0,0.0,False,False,False,False,0,False,False,False
0x1fe662fd946e832aabed2e96d0180d2b91718fe6,4.0,3.0,0.0,1.0,1.0,0.000739896124463561,216.900022,2025-11-16 06:57:35+00:00,2025-11-16 08:13:11+00:00,4.0,1.0,1.0,1.0,2.261360466604e-06,0.0,0.0,1.0,2.0,0.0,0.000104893251343203,0.0,1.0,0.25,0.0,False,False,False,False,0,False,False,False
0x1fedda0d98c5b4fdebde9342d3db6eff284b0d18,2.0,0.0,0.0,2.0,1.0,1.3582193181144e-05,0.02,2026-01-13 11:15:47+00:00,2026-01-21 07:45:35+00:00,1.0,2.0,2.0,2.0,3.2886804700384e-05,1.0,3.415680272476e-06,0.0,0.0,0.0,0.0,0.0,1.0,1.0,0.5,False,False,False,False,0,False,False,False
0x200168cee5ecccce4cf7831cbe02832137cca714,1.0,0.0,0.0,1.0,1.0,1.3072934587225e-05,45000.0,2025-11-15 16:47:35+00:00,2025-11-15 16:47:35+00:00,1.0,5.0,2.0,3.0,4.2940042211276e-05,1.0,5.062071887874e-06,0.0,0.0,0.0,0.0,0.0,2.5,5.0,1.0,False,False,False,False,0,False,False,False
0x2014b92428b673b8b86bad41b0288e1f2feb5202,2.0,0.0,0.0,1.0,1.0,0.000231124137876974,4495.0,2025-11-03 09:49:59+00:00,2025-11-03 22:12:35+00:00,2.0,0.0,0.0,0.0,0.0,0.0,0.0,1.0,1.0,0.0,0.000122336637350216,0.0,0.0,0.0,0.0,False,False,False,False,0,False,False,False
0x202b060bb6588b1a61059b41ccb4a24bae8df4da,1.0,0.0,0.0,1.0,1.0,5.2953588494964e-05,150000.0,2025-11-25 13:19:35+00:00,2025-11-25 13:19:35+00:00,1.0,4.0,3.0,3.0,0.000168302834487769,1.0,2.5000901877735e-05,0.0,1.0,0.0,2.9838318418689e-05,2.9838318418689e-05,1.3333333333333333,4.0,1.0,False,False,False,False,0,False,False,False
0x208a982b183092a7abac3ee92cc7b804fa351837,1.0,0.0,0.0,1.0,1.0,0.00022200057887525,10229.662829,2026-01-28 08:10:23+00:00,2026-01-28 08:10:23+00:00,1.0,2.0,2.0,1.0,0.000157224604765117,2.0,0.000157224604765117,0.0,0.0,0.0,0.0,0.0,1.0,2.0,2.0,False,False,False,False,0,False,False,False
0x208ed9064e68c571ff7b7fca2679fa4168d619f2,1.0,0.0,0.0,1.0,1.0,0.000120972902882981,9998.5,2025-11-09 03:50:47+00:00,2025-11-09 03:50:47+00:00,1.0,1.0,1.0,1.0,6.3112391689922e-05,1.0,6.3112391689922e-05,0.0,0.0,0.0,0.0,0.0,1.0,1.0,1.0,False,False,False,False,0,False,False,False
0x2091b12446f0e79cc5ea6657ed52a9dee5ee91a8,4.0,2.0,0.0,3.0,2.0,0.0031834998558100003,305850.707576,2025-11-17 22:43:35+00:00,2026-02-05 15:54:59+00:00,1.3333333333333333,6.0,3.0,2.0,0.015748799921107216,0.0,0.0,5.0,3.0,0.0,0.003638984285312358,0.0,2.0,1.5,0.0,False,False,False,False,0,False,False,False
0x20ad0b5d66654154b86af4c72d16d0a80691a2f6,3.0,0.0,0.0,2.0,2.0,0.000260964109251352,1520678.8572,2025-12-03 11:36:59+00:00,2026-02-09 07:54:11+00:00,1.5,6.0,2.0,3.0,0.000363003008554903,1.0,5.7996628462332e-05,1.0,1.0,0.0,0.000175806205590858,0.000175806205590858,3.0,2.0,0.3333333333333333,False,False,False,False,0,False,False,False
0x2102e7aed2e0ca2da43a171ecc75e9e234acb95c,11.0,0.0,0.0,7.0,3.0,0.003205741394625308,2826021.6828199998,2025-12-18 21:40:11+00:00,2026-02-27 15:36:47+00:00,1.5714285714285714,1.0,1.0,1.0,1.6774044845152e-05,0.0,0.0,5.0,1.0,0.0,0.00280525864341525,0.0,1.0,0.09090909090909091,0.0,False,False,False,False,0,False,False,False
0x2173c99dd03589a897b6096b6b634404508ca8ee,3.0,0.0,0.0,3.0,1.0,0.00041589177728536595,1202371.361193,2025-11-07 11:46:11+00:00,2025-11-18 08:56:47+00:00,1.0,9.0,7.0,5.0,0.000400186932455768,2.0,0.000157724110582862,9.0,0.0,0.0,0.0,0.0,1.2857142857142858,3.0,0.6666666666666666,False,False,False,False,0,False,False,False
0x218e706232e1186464a2134c8b38476c78b7584e,1.0,0.0,0.0,1.0,1.0,3.709206212388e-06,10000.0,2026-01-25 10:12:11+00:00,2026-01-25 10:12:11+00:00,1.0,1.0,1.0,1.0,1.840122453574e-06,1.0,1.840122453574e-06,0.0,0.0,0.0,0.0,0.0,1.0,1.0,1.0,False,False,False,False,0,False,False,False
0x219ce7b889b80dfd85960814183fc2c5d443ddd3,3.0,0.0,0.0,3.0,2.0,4.2844821870596e-05,54290.388823,2025-11-11 00:53:35+00:00,2025-12-28 21:06:59+00:00,1.0,85.0,38.0,11.0,0.000573378769599695,3.0,9.667465469342e-06,8.0,5.0,0.0,0.0022637625964371712,1.700544212555e-05,2.236842105263158,28.333333333333332,1.0,False,False,False,False,0,False,False,False
0x21a8721f8372a7b7b5cf9443b97cb03358e08bab,1.0,0.0,0.0,1.0,1.0,1.6814022840398e-05,99470.000993,2026-02-10 07:13:11+00:00,2026-02-10 07:13:11+00:00,1.0,1.0,1.0,1.0,6.95284144875e-06,1.0,6.95284144875e-06,0.0,0.0,0.0,0.0,0.0,1.0,1.0,1.0,False,False,False,False,0,False,False,False
0x21c008fa67789784acb55b9d5679cd606ee6141d,1.0,0.0,0.0,1.0,1.0,0.000190662401722884,835489.302477,2025-11-01 13:40:35+00:00,2025-11-01 13:40:35+00:00,1.0,0.0,0.0,0.0,0.0,0.0,0.0,1.0,0.0,0.0,0.0,0.0,0.0,0.0,0.0,False,False,False,False,0,False,False,False
0x21cf10e47886ca7fdba5eedd96da4d51319939cd,3.0,0.0,0.0,2.0,1.0,0.000172331302936423,25027.345595,2025-11-07 14:19:11+00:00,2025-11-18 07:50:59+00:00,1.5,10.0,6.0,5.0,0.000384028858216169,3.0,9.141964666206499e-05,0.0,0.0,0.0,0.0,0.0,1.6666666666666667,3.3333333333333335,1.0,False,False,False,False,0,False,False,False
0x21de05125dbf872cf7d7c85bade2590134df9fdd,1.0,0.0,0.0,1.0,1.0,0.00022381207578226,2271.5274,2025-11-10 06:10:59+00:00,2025-11-10 06:10:59+00:00,1.0,2.0,2.0,2.0,0.000588758385903327,0.0,0.0,1.0,0.0,0.0,0.0,0.0,1.0,2.0,0.0,False,False,False,False,0,False,False,False
0x221a5d1fcabeca06608eaaa4df016533b1ff67ca,1.0,0.0,0.0,1.0,1.0,4.944678630869e-06,2695992.080063,2025-11-26 21:18:11+00:00,2025-11-26 21:18:11+00:00,1.0,1.0,1.0,1.0,8.7309764068768e-05,1.0,8.7309764068768e-05,3.0,1.0,0.0,0.000107922085380144,0.0,1.0,1.0,1.0,False,False,False,False,0,False,False,False
0x224cf46124baf654f1fa103309ae8540e5617834,2.0,0.0,0.0,1.0,1.0,0.00040825479633182105,736.5299620000001,2026-01-20 18:50:11+00:00,2026-01-20 18:53:59+00:00,2.0,2.0,1.0,1.0,0.00016408406891990998,2.0,0.00016408406891990998,4.0,0.0,0.0,0.0,0.0,2.0,1.0,1.0,False,False,False,False,0,False,False,False
0x2264620b487b705da15e1ac9d218fb5ccb2e9685,1.0,0.0,0.0,1.0,1.0,5.652839018957e-06,34999.0,2026-02-24 19:03:23+00:00,2026-02-24 19:03:23+00:00,1.0,1.0,1.0,1.0,3.48586297768e-06,1.0,3.48586297768e-06,2.0,0.0,0.0,0.0,0.0,1.0,1.0,1.0,False,False,False,False,0,False,False,False
0x227d85a65a48a5480fd4e48921026103a905abb0,1.0,0.0,0.0,1.0,1.0,0.000198882588608739,100000.0,2025-11-11 19:41:35+00:00,2025-11-11 19:41:35+00:00,1.0,1.0,1.0,1.0,0.00010244183928828,1.0,0.00010244183928828,0.0,0.0,0.0,0.0,0.0,1.0,1.0,1.0,False,False,False,False,0,False,False,False
0x22df45090c5da07158187b06c56299f8a2889028,1.0,0.0,0.0,1.0,1.0,5.5457381417393e-05,6372241.722302,2026-02-05 03:30:35+00:00,2026-02-05 03:30:35+00:00,1.0,4.0,3.0,3.0,0.000172035031405984,1.0,2.2189012365978e-05,1.0,1.0,0.0,0.0001225404930276,0.0,1.3333333333333333,4.0,1.0,False,False,False,False,0,False,False,False
0x2316853e1c585133dc299c2ab4c03bd42b93e6c4,3.0,0.0,0.0,3.0,2.0,4.2831538955527e-05,314596.27620799997,2026-01-13 09:07:35+00:00,2026-02-04 03:39:35+00:00,1.0,2.0,1.0,2.0,1.6841543763255e-05,1.0,3.779472442599e-06,0.0,0.0,0.0,0.0,0.0,2.0,0.6666666666666666,0.3333333333333333,False,False,False,False,0,False,False,False
0x231e458d35cf537f11452a9e21fe2f192f723036,1.0,0.0,0.0,1.0,1.0,1.5860326265679e-05,99470.000993,2026-02-10 07:12:35+00:00,2026-02-10 07:12:35+00:00,1.0,1.0,1.0,1.0,8.02996098741e-06,1.0,8.02996098741e-06,0.0,0.0,0.0,0.0,0.0,1.0,1.0,1.0,False,False,False,False,0,False,False,False
0x236c2417c14e6dc5038a5b32c0bc050f13ad6111,2.0,0.0,0.0,2.0,2.0,7.4667884809663e-05,517011.041773,2026-01-25 12:04:35+00:00,2026-02-04 21:15:59+00:00,1.0,15.0,6.0,9.0,0.002661451552222343,1.0,2.835313517521e-05,0.0,1.0,0.0,3.5731556797608e-05,3.5731556797608e-05,2.5,7.5,0.5,False,False,False,False,0,False,False,False
0x23790570698e7fb46c88432d8a5fdca6c3838fca,4.0,0.0,0.0,3.0,3.0,0.000668189951942578,7892.158469999999,2025-11-11 08:54:47+00:00,2026-02-05 12:21:35+00:00,1.3333333333333333,2.0,2.0,1.0,0.000207778036550942,0.0,0.0,1.0,1.0,0.0,2.4572148680238e-05,0.0,1.0,0.5,0.0,False,False,False,False,0,False,False,False
0x23861e52b561389e15c0b12cf2a987885c40ce7d,2.0,1.0,0.0,2.0,2.0,0.00115789509017652,80.921334,2025-11-05 16:35:23+00:00,2026-02-02 11:13:35+00:00,1.0,2.0,1.0,1.0,7.7774905284337e-05,0.0,0.0,1.0,2.0,0.0,0.0035538572590951504,0.0,2.0,1.0,0.0,False,False,False,False,0,False,False,False
0x23a96e8a6f0003dff27482e28d5557cb50aa25a3,1.0,0.0,0.0,1.0,1.0,1.2677245269566e-05,63557.09,2025-11-12 10:54:35+00:00,2025-11-12 10:54:35+00:00,1.0,1.0,1.0,1.0,1.67718e-05,1.0,1.67718e-05,0.0,0.0,0.0,0.0,0.0,1.0,1.0,1.0,False,False,False,False,0,False,False,False
0x23c28761e14fc2dd07eed9b5dc67d8d20b880216,7.0,0.0,0.0,2.0,1.0,0.001714823610140785,17854.830943,2025-11-02 15:50:11+00:00,2025-11-03 15:22:47+00:00,3.5,3.0,2.0,1.0,0.000306036283827622,3.0,0.000306036283827622,2.0,1.0,0.0,0.000218370691782595,0.0,1.5,0.42857142857142855,0.42857142857142855,False,False,False,False,0,False,False,False
0x23c33534a8ed99d48a97d42fbadb6bbf70ee5583,3.0,0.0,0.0,1.0,1.0,9.1869186372533e-05,2754.5948559999997,2025-12-09 13:27:59+00:00,2025-12-09 14:04:47+00:00,3.0,5.0,3.0,2.0,4.8609195110583e-05,2.0,2.4093078686127e-05,0.0,0.0,0.0,0.0,0.0,1.6666666666666667,1.6666666666666667,0.6666666666666666,False,False,False,False,0,False,False,False
0x2401379c8f2f131089db4a13454920f64bfbe622,1.0,0.0,0.0,1.0,1.0,0.000227112144261898,500.0,2026-01-14 23:33:47+00:00,2026-01-14 23:33:47+00:00,1.0,1.0,1.0,1.0,0.000114487829884308,1.0,0.000114487829884308,0.0,0.0,0.0,0.0,0.0,1.0,1.0,1.0,False,False,False,False,0,False,False,False
0x240ea828383545c0e7da9f2e7679dc501e90240e,2.0,0.0,0.0,2.0,2.0,1.1075748031257e-05,13193.077025999999,2025-11-12 10:10:59+00:00,2026-01-19 08:54:59+00:00,1.0,0.0,0.0,0.0,0.0,0.0,0.0,1.0,0.0,0.0,0.0,0.0,0.0,0.0,0.0,False,False,False,False,0,False,False,False
0x24911976524329691327d3d4b1df3ab4be641e69,2.0,0.0,0.0,2.0,1.0,0.000437000000062227,2900100.008202,2025-12-30 14:14:47+00:00,2025-12-31 02:42:47+00:00,1.0,2.0,2.0,1.0,0.00020342521015743,2.0,0.00020342521015743,0.0,0.0,0.0,0.0,0.0,1.0,1.0,1.0,False,False,False,False,0,False,False,False
0x24dcfed8f22a1ca762bc7b9288c9ad6706a1e79d,1.0,0.0,0.0,1.0,1.0,1.0986108324835e-05,41000.0,2026-01-02 06:22:35+00:00,2026-01-02 06:22:35+00:00,1.0,1.0,1.0,1.0,5.709110545108e-06,1.0,5.709110545108e-06,0.0,0.0,0.0,0.0,0.0,1.0,1.0,1.0,False,False,False,False,0,False,False,False
0x24f15743bbed6e3bdea06f8841838d58b09c2cc3,1.0,0.0,0.0,1.0,1.0,2.53775220237e-06,49.65,2025-12-06 04:21:35+00:00,2025-12-06 04:21:35+00:00,1.0,2.0,2.0,2.0,5.7038187948126e-05,1.0,1.0516668966e-06,0.0,1.0,0.0,1.220780618253e-06,1.220780618253e-06,1.0,2.0,1.0,False,False,False,False,0,False,False,False
0x256455b367f1dd4438aa53cdbfd40782a2ced64e,3.0,0.0,0.0,3.0,2.0,0.000127916523041454,875.784056,2025-11-04 07:28:35+00:00,2026-01-30 09:53:23+00:00,1.0,5.0,5.0,5.0,0.000215670887984824,0.0,0.0,1.0,1.0,0.0,2.29868e-05,0.0,1.0,1.6666666666666667,0.0,False,False,False,False,0,False,False,False
0x25a76d10b870c07000e9fee68c901d9a354460ab,7.0,0.0,0.0,4.0,3.0,0.001295940506725552,6461.184939000001,2025-11-14 03:19:23+00:00,2026-02-05 19:44:23+00:00,1.75,3.0,2.0,2.0,0.00015644263534813501,0.0,0.0,2.0,4.0,1.0,0.0036162450299509277,0.0,1.5,0.42857142857142855,0.0,False,False,False,False,0,False,False,False
0x25f2f439fc9d71cc8e497860085f98e29ce47b5e,1.0,0.0,0.0,1.0,1.0,0.000108031805952395,13771.0,2025-12-31 09:25:11+00:00,2025-12-31 09:25:11+00:00,1.0,0.0,0.0,0.0,0.0,0.0,0.0,2.0,1.0,0.0,0.000860403740489804,0.0,0.0,0.0,0.0,False,False,False,False,0,False,False,False
0x262962d75e84399a6fa507de93b33d5868686868,2.0,0.0,0.0,2.0,2.0,8.607347317225801e-05,452822.15281,2025-12-19 15:58:59+00:00,2026-01-11 16:35:35+00:00,1.0,1.0,1.0,1.0,1.8795918703164e-05,1.0,1.8795918703164e-05,2.0,2.0,0.0,0.000166347685453637,3.5908739224409e-05,1.0,0.5,0.5,False,False,False,False,0,False,False,False
0x2649bb086552825ced34545388dbc40f6c51fea0,2.0,0.0,0.0,1.0,1.0,0.000410375284195126,121769.902193,2025-12-31 16:02:59+00:00,2025-12-31 16:07:11+00:00,2.0,3.0,1.0,2.0,0.0006435616936856,2.0,0.000200346505065632,0.0,2.0,0.0,0.0002007392961129,0.000122333676195626,3.0,1.5,1.0,False,False,False,False,0,False,False,False
0x269feb48ead69c22726c9dfce4a70f61105ea4c3,1.0,0.0,0.0,1.0,1.0,0.000213332027607555,20043.627053,2026-01-05 18:27:59+00:00,2026-01-05 18:27:59+00:00,1.0,3.0,3.0,3.0,0.000373710553767417,1.0,0.000108330512591025,0.0,0.0,0.0,0.0,0.0,1.0,3.0,1.0,False,False,False,False,0,False,False,False
0x26ef71965703d899790207345f0e654eb94c39f1,2.0,0.0,0.0,1.0,1.0,0.00046762697250301395,100100.0,2025-11-11 13:53:23+00:00,2025-11-11 13:58:47+00:00,2.0,3.0,1.0,2.0,0.00111051747694633,2.0,0.00020890054765283002,0.0,0.0,0.0,0.0,0.0,3.0,1.5,1.0,False,False,False,False,0,False,False,False
0x270524ab7a77a155771846631a9ab40c0a315dc1,1.0,0.0,0.0,1.0,1.0,1.432536684441e-05,2098.765757,2025-12-19 21:31:23+00:00,2025-12-19 21:31:23+00:00,1.0,1.0,1.0,1.0,7.03410326261e-06,1.0,7.03410326261e-06,0.0,1.0,0.0,1.560934975255e-05,1.560934975255e-05,1.0,1.0,1.0,False,False,False,False,0,False,False,False
0x2718f952a15702336c31baa335f907edc0ed2fb0,11.0,0.0,0.0,8.0,4.0,0.005100374517438488,110253.963174,2025-11-05 12:37:59+00:00,2026-02-05 03:42:23+00:00,1.375,2.0,2.0,1.0,5.1354901614222e-05,0.0,0.0,6.0,1.0,0.0,0.002828073101517636,0.0,1.0,0.18181818181818182,0.0,False,False,False,False,0,False,False,False
0x27549f9b38923c28dddf3001b6faa3f55b230c60,2.0,0.0,0.0,1.0,1.0,9.367307991892e-06,10000.0,2026-01-25 09:36:35+00:00,2026-01-25 09:38:23+00:00,2.0,8.0,1.0,7.0,0.000284934354000277,2.0,6.0600038592534004e-05,0.0,0.0,0.0,0.0,0.0,8.0,4.0,1.0,False,False,False,False,0,False,False,False
0x27583e14b03340c6f2f34f37d8da94cfe40439d7,15.0,0.0,0.0,8.0,2.0,0.0017624234233868839,754435.0,2025-11-03 19:38:59+00:00,2026-02-25 15:57:35+00:00,1.875,0.0,0.0,0.0,0.0,0.0,0.0,1.0,1.0,0.0,7.1472833448662e-05,0.0,0.0,0.0,0.0,False,False,False,False,0,False,False,False
0x2787bdee94188a69fc078239bb99863ac28811a7,18.0,4.0,0.0,16.0,3.0,0.000941915072681131,2386725.770931,2025-12-17 18:57:59+00:00,2026-02-18 08:34:59+00:00,1.125,3.0,1.0,3.0,0.000134733064580384,0.0,0.0,1.0,1.0,0.0,6.6751977727667e-05,0.0,3.0,0.16666666666666666,0.0,False,False,False,False,0,False,False,False
0x2791820f42dea2e3c863241def1107cb0ed74ba6,1.0,0.0,0.0,1.0,1.0,0.000189772915262658,97139.004,2025-12-26 02:29:59+00:00,2025-12-26 02:29:59+00:00,1.0,2.0,2.0,1.0,4.6263719839445e-05,0.0,0.0,2.0,0.0,0.0,0.0,0.0,1.0,2.0,0.0,False,False,False,False,0,False,False,False
0x279662e4e7a82cc272f0365eb5fc65fecb7b33ce,1.0,0.0,0.0,1.0,1.0,1.2179987436335e-05,103848.0,2026-01-07 09:34:59+00:00,2026-01-07 09:34:59+00:00,1.0,1.0,1.0,1.0,5.74577413701e-06,1.0,5.74577413701e-06,0.0,0.0,0.0,0.0,0.0,1.0,1.0,1.0,False,False,False,False,0,False,False,False
0x2796cabe1b6c1f7756c55436c793094ca6e8339b,13.0,0.0,0.0,5.0,2.0,0.005919334071520878,106251.647558,2026-01-29 18:26:47+00:00,2026-02-05 03:26:23+00:00,2.6,2.0,1.0,1.0,0.00010174366052225601,2.0,0.00010174366052225601,0.0,1.0,0.0,0.001386793950641588,0.0,2.0,0.15384615384615385,0.15384615384615385,False,False,False,False,0,False,False,False
0x27afd152c50709dffa177e78e55e20be363ce124,3.0,0.0,0.0,1.0,1.0,0.00123220133355478,6608.74868,2025-11-07 11:37:59+00:00,2025-11-07 11:51:47+00:00,3.0,2.0,2.0,2.0,0.00077891022973008,0.0,0.0,1.0,1.0,0.0,0.00097929569701814,0.0,1.0,0.6666666666666666,0.0,False,False,False,False,0,False,False,False
0x27d1b99666c28128ed70a480321e81dc5c3b67bb,1.0,0.0,0.0,1.0,1.0,0.000220672911304692,30067.17191,2026-02-24 15:25:23+00:00,2026-02-24 15:25:23+00:00,1.0,1.0,1.0,1.0,8.8816939669924e-05,1.0,8.8816939669924e-05,1.0,0.0,0.0,0.0,0.0,1.0,1.0,1.0,False,False,False,False,0,False,False,False
0x2811a5c3d848168b24cacb27e82e08c65ed8360b,1.0,0.0,0.0,1.0,1.0,5.088089369849e-06,21627.425035,2026-01-03 20:23:59+00:00,2026-01-03 20:23:59+00:00,1.0,1.0,1.0,1.0,3.42910045187e-06,1.0,3.42910045187e-06,0.0,0.0,0.0,0.0,0.0,1.0,1.0,1.0,False,False,False,False,0,False,False,False
0x285faec6d2c848a9ecfa121ddfc2cab6c63c9269,3.0,0.0,0.0,2.0,1.0,4.3296762944252e-05,200.12097599999998,2026-02-21 16:28:59+00:00,2026-02-25 22:07:11+00:00,1.5,19.0,8.0,6.0,0.000227584232242397,4.0,2.6575411004756002e-05,0.0,3.0,3.0,3.1710894500123e-05,3.1710894500123e-05,2.375,6.333333333333333,1.3333333333333333,False,False,False,False,0,False,False,False
0x28af85f5f65bb16629802e04608bb7bdc8c8e269,1.0,0.0,0.0,1.0,1.0,1.519163816044e-05,0.027645,2026-02-24 23:21:35+00:00,2026-02-24 23:21:35+00:00,1.0,16.0,10.0,9.0,0.000351514097512679,1.0,6.781746042234e-06,0.0,1.0,0.0,8.364638033434e-06,8.364638033434e-06,1.6,16.0,1.0,False,False,False,False,0,False,False,False
0x29098bc87a7c9c58b6affffa55e4368d691ec69b,1.0,0.0,0.0,1.0,1.0,1.5957793543814e-05,20000.0,2026-01-27 12:30:47+00:00,2026-01-27 12:30:47+00:00,1.0,4.0,3.0,4.0,0.000142510973110887,1.0,8.34614076588e-06,0.0,0.0,0.0,0.0,0.0,1.3333333333333333,4.0,1.0,False,False,False,False,0,False,False,False
0x291d5f427695e74051f01639434bafa1d295f69e,2.0,0.0,0.0,2.0,1.0,0.000481244714572036,100000.0,2025-11-19 21:45:35+00:00,2025-11-20 12:47:11+00:00,1.0,1.0,1.0,1.0,0.000119291861338983,1.0,0.000119291861338983,0.0,0.0,0.0,0.0,0.0,1.0,0.5,0.5,False,False,False,False,0,False,False,False
0x29495037692b88431de19a82d3c421705d588451,2.0,0.0,0.0,1.0,1.0,0.00027460943453968,6708.0,2025-11-06 17:57:47+00:00,2025-11-06 18:05:23+00:00,2.0,1.0,1.0,1.0,6.7350050836242e-05,1.0,6.7350050836242e-05,1.0,0.0,0.0,0.0,0.0,1.0,0.5,0.5,False,False,False,False,0,False,False,False
0x2958bd591e44001d07fcca0da0f88c756c08fa13,3.0,0.0,0.0,3.0,3.0,0.004523353004543909,8233.0,2025-11-18 01:26:47+00:00,2026-02-06 00:24:47+00:00,1.0,2.0,2.0,2.0,0.002266256438075496,0.0,0.0,2.0,1.0,0.0,0.0007319408811168,0.0,1.0,0.6666666666666666,0.0,False,False,False,False,0,False,False,False
0x297d2b80728966f8b6aade2f1a0016ad5e479084,2.0,0.0,0.0,2.0,2.0,0.0026642066564643483,1548.1,2025-11-21 14:43:11+00:00,2026-02-05 21:04:59+00:00,1.0,2.0,2.0,2.0,0.00031411247861766597,1.0,0.000201369900430719,0.0,0.0,0.0,0.0,0.0,1.0,1.0,0.5,False,False,False,False,0,False,False,False
0x298040c4b1bffc9516a4e470ee8f576abd9c0665,12.0,1.0,0.0,12.0,3.0,0.001315701889778733,400794.698052,2025-11-04 11:19:59+00:00,2026-02-21 09:14:47+00:00,1.0,12.0,8.0,5.0,0.000932338774435494,0.0,0.0,1.0,1.0,0.0,1.638214240081e-06,1.638214240081e-06,1.5,1.0,0.0,False,False,False,False,0,False,False,False
0x29983374cbb8253a114df5f38ec3f171f95bb8c7,1.0,0.0,0.0,1.0,1.0,0.000208877772376674,21196.475775,2025-11-23 21:45:35+00:00,2025-11-23 21:45:35+00:00,1.0,1.0,1.0,1.0,8.0782140644538e-05,1.0,8.0782140644538e-05,1.0,1.0,0.0,6.8675106400241e-05,0.0,1.0,1.0,1.0,False,False,False,False,0,False,False,False
0x29efb4bf78dacb7906d66c5a30341623cdae51a3,1.0,0.0,0.0,1.0,1.0,3.310272395087e-06,99470.000329,2025-12-31 06:13:35+00:00,2025-12-31 06:13:35+00:00,1.0,1.0,1.0,1.0,1.410653085825e-06,1.0,1.410653085825e-06,0.0,0.0,0.0,0.0,0.0,1.0,1.0,1.0,False,False,False,False,0,False,False,False
0x29f773cd170095fae8e68c5055004abd389f1fe2,3.0,0.0,0.0,3.0,3.0,3.4900566423270004e-05,7126.0,2025-12-29 17:47:47+00:00,2026-02-12 17:53:59+00:00,1.0,4.0,2.0,2.0,1.5639891614456e-05,3.0,1.3167355367254e-05,0.0,0.0,0.0,0.0,0.0,2.0,1.3333333333333333,1.0,False,False,False,False,0,False,False,False
0x29fad0cefcd3ca18c8731763439bd904efb1a756,1.0,0.0,0.0,1.0,1.0,0.000118798581636731,1999.965998,2026-01-09 14:04:59+00:00,2026-01-09 14:04:59+00:00,1.0,4.0,3.0,3.0,0.00026116432531844203,1.0,5.9589156268004e-05,0.0,0.0,0.0,0.0,0.0,1.3333333333333333,4.0,1.0,False,False,False,False,0,False,False,False
0x2a0ae2473f91e5804a465d49281550b5d1599521,1.0,0.0,0.0,1.0,1.0,1.403177989495e-05,15182.74002,2025-11-12 08:07:47+00:00,2025-11-12 08:07:47+00:00,1.0,2.0,2.0,2.0,8.913786082031401e-05,1.0,7.23953125726e-06,0.0,0.0,0.0,0.0,0.0,1.0,2.0,1.0,False,False,False,False,0,False,False,False
0x2a2f03f05f844f29ab6d0d90bc74ed8c15876158,3.0,0.0,0.0,3.0,1.0,0.000573763218972635,172446.977668,2025-11-14 17:57:11+00:00,2025-11-28 15:05:47+00:00,1.0,12.0,8.0,4.0,0.000973483346719321,2.0,0.000221018589468801,0.0,0.0,0.0,0.0,0.0,1.5,4.0,0.6666666666666666,False,False,False,False,0,False,False,False
0x2a324ad53dfede1f15acd481a2d1de544431af75,3.0,0.0,0.0,3.0,2.0,4.1625566206665e-05,441085.415527,2026-01-31 02:26:47+00:00,2026-02-27 02:08:35+00:00,1.0,0.0,0.0,0.0,0.0,0.0,0.0,3.0,1.0,0.0,7.8843388361995e-05,0.0,0.0,0.0,0.0,False,False,False,False,0,False,False,False
0x2a532927075ef71e7ae99b24df4a6bcdc9dee122,1.0,0.0,0.0,1.0,1.0,0.000275870262210422,100.0,2025-11-10 22:55:11+00:00,2025-11-10 22:55:11+00:00,1.0,1.0,1.0,1.0,0.000120733743606544,1.0,0.000120733743606544,0.0,0.0,0.0,0.0,0.0,1.0,1.0,1.0,False,False,False,False,0,False,False,False
0x2a6c098b1865df1c248e54be2d8365394cda5097,3.0,0.0,0.0,2.0,1.0,3.3515427478676e-05,10020.738927,2026-02-21 03:24:35+00:00,2026-02-22 03:58:35+00:00,1.5,18.0,5.0,3.0,0.000130729547420245,5.0,1.9765089419804e-05,0.0,0.0,0.0,0.0,0.0,3.6,6.0,1.6666666666666667,False,False,False,False,0,False,False,False
0x2a72e322fb8033f4e765065107a1f54578c0c6d8,3.0,0.0,0.0,2.0,2.0,3.5554975607026e-05,3051.484064,2025-12-17 17:31:47+00:00,2026-01-20 23:21:59+00:00,1.5,1.0,1.0,1.0,4.50179073157e-06,1.0,4.50179073157e-06,2.0,1.0,0.0,4.5422705189773e-05,0.0,1.0,0.3333333333333333,0.3333333333333333,False,False,False,False,0,False,False,False
0x2a81d7730763d7b9d845925c86b9d95e05bc01c4,1.0,0.0,0.0,1.0,1.0,2.6801644684796e-05,70000.0,2025-11-11 13:32:59+00:00,2025-11-11 13:32:59+00:00,1.0,1.0,1.0,1.0,1.111908787494e-05,1.0,1.111908787494e-05,0.0,0.0,0.0,0.0,0.0,1.0,1.0,1.0,False,False,False,False,0,False,False,False
0x2ab3da753851e34ad23a4f155d1196ec8d09c9d4,4.0,0.0,0.0,4.0,1.0,0.000283273439873767,1022488.7312640001,2025-11-03 01:48:23+00:00,2025-11-08 02:10:59+00:00,1.0,8.0,3.0,7.0,0.000129205910824876,2.0,4.2373364061044e-05,0.0,1.0,1.0,0.000285992924201373,1.879200491184e-05,2.6666666666666665,2.0,0.5,False,False,False,False,0,False,False,False
0x2b0ab96b38c16e2c610922926d3cad4669d023b9,2.0,0.0,0.0,1.0,1.0,0.00040077568580211597,39.891307999999995,2026-02-05 22:57:35+00:00,2026-02-05 23:01:59+00:00,2.0,17.0,8.0,7.0,0.001076634162823371,2.0,0.000190469906847699,0.0,0.0,0.0,0.0,0.0,2.125,8.5,1.0,False,False,False,False,0,False,False,False
0x2b4adb78d6f778aea295e527125c85bd01391f00,1.0,0.0,0.0,1.0,1.0,0.000188438638927812,999999.000528,2025-12-01 05:20:11+00:00,2025-12-01 05:20:11+00:00,1.0,0.0,0.0,0.0,0.0,0.0,0.0,3.0,0.0,0.0,0.0,0.0,0.0,0.0,0.0,False,False,False,False,0,False,False,False
0x2b6a5f31554da285d64b7d878f3d98a8d9ee4fc5,6.0,0.0,0.0,5.0,2.0,0.001164458511780185,111805.00300499999,2025-12-20 16:15:47+00:00,2026-01-30 09:22:23+00:00,1.2,69.0,20.0,11.0,0.006727073121892905,0.0,0.0,1.0,2.0,0.0,0.000120759364320378,0.0,3.45,11.5,0.0,False,False,False,False,0,False,False,False
0x2b8a769a09c2cea036a312c87c0a772f01e501f7,7.0,0.0,0.0,4.0,3.0,0.000754573879068442,1170723.447583,2025-11-12 02:09:23+00:00,2026-01-19 06:37:35+00:00,1.75,10.0,7.0,5.0,0.000535484943672199,4.0,0.000196996791709471,0.0,1.0,0.0,6.0682718100149e-05,6.0682718100149e-05,1.4285714285714286,1.4285714285714286,0.5714285714285714,False,False,False,False,0,False,False,False
0x2bd22318ccba4b8b70a7f43fa5aae7d515a9593e,1.0,0.0,0.0,1.0,1.0,1.5749443526698e-05,23589.879032,2026-01-25 21:00:23+00:00,2026-01-25 21:00:23+00:00,1.0,2.0,2.0,2.0,1.641579498117e-05,1.0,8.30796164883e-06,0.0,0.0,0.0,0.0,0.0,1.0,2.0,1.0,False,False,False,False,0,False,False,False
0x2bde09471db82671b380c4d4d8f2374d2368e640,1.0,0.0,0.0,1.0,1.0,0.00011162898263231,71800.0,2025-11-11 09:55:59+00:00,2025-11-11 09:55:59+00:00,1.0,15.0,11.0,5.0,0.001799491057189038,0.0,0.0,1.0,1.0,0.0,6.3028475756153e-05,0.0,1.3636363636363635,15.0,0.0,False,False,False,False,0,False,False,False
0x2bf863a129cd3faffcfc6e7caa49588d446b2af3,2.0,0.0,0.0,1.0,1.0,0.001001384484046813,137355.88162,2026-02-05 22:10:35+00:00,2026-02-05 22:21:59+00:00,2.0,0.0,0.0,0.0,0.0,0.0,0.0,1.0,0.0,0.0,0.0,0.0,0.0,0.0,0.0,False,False,False,False,0,False,False,False
0x2c075d4b23e700b7cfcfe01e09389e10c77f2917,1.0,0.0,0.0,1.0,1.0,4.042368388256e-06,37030.479343,2025-12-15 11:29:59+00:00,2025-12-15 11:29:59+00:00,1.0,1.0,1.0,1.0,2.503110589454e-06,1.0,2.503110589454e-06,5.0,2.0,0.0,2.2696249491482e-05,2.284225555358e-06,1.0,1.0,1.0,False,False,False,False,0,False,False,False
0x2c11f97c74852b8214245c63121a3d30b1a32a33,7.0,0.0,0.0,5.0,2.0,0.000229537972432449,121541.75,2025-11-10 11:48:35+00:00,2026-01-07 17:14:11+00:00,1.4,8.0,6.0,6.0,0.000292862136140539,2.0,2.6241925745836998e-05,0.0,1.0,0.0,1.852736712137e-06,1.852736712137e-06,1.3333333333333333,1.1428571428571428,0.2857142857142857,False,False,False,False,0,False,False,False
0x2c27b0ed31ee08d10f4759051c2d21dc53509834,2.0,0.0,0.0,2.0,1.0,0.000227665335915958,300.0,2026-02-04 20:54:11+00:00,2026-02-23 23:41:35+00:00,1.0,1.0,1.0,1.0,7.2860552856486e-05,1.0,7.2860552856486e-05,0.0,2.0,0.0,0.000188226919626896,0.000188226919626896,1.0,0.5,0.5,False,False,False,False,0,False,False,False
0x2c3c45a64310519849c3304c8fcac3dbd14a758f,3.0,0.0,0.0,2.0,2.0,0.001359146951538456,79043.348451,2025-11-03 16:55:47+00:00,2025-12-01 15:09:23+00:00,1.5,4.0,3.0,3.0,0.001689867835451754,2.0,0.00041407283545175403,6.0,2.0,2.0,0.002871127999382465,0.0,1.3333333333333333,1.3333333333333333,0.6666666666666666,False,False,False,False,0,False,False,False
0x2c5549067a5617c1cef354d5b96b0940dcfc867a,1.0,0.0,0.0,1.0,1.0,0.000421025037191025,12490.0051,2026-02-05 18:48:35+00:00,2026-02-05 18:48:35+00:00,1.0,1.0,1.0,1.0,0.000239919958764488,1.0,0.000239919958764488,0.0,0.0,0.0,0.0,0.0,1.0,1.0,1.0,False,False,False,False,0,False,False,False
0x2c5d5d383b43c9a75ec0221113264fd329f4ca0a,2.0,0.0,0.0,2.0,1.0,0.00047608347327979196,30443.1,2026-01-12 15:48:47+00:00,2026-01-31 15:38:11+00:00,1.0,0.0,0.0,0.0,0.0,0.0,0.0,1.0,2.0,0.0,0.000289985315918173,0.0,0.0,0.0,0.0,False,False,False,False,0,False,False,False
0x2c6a15e71fdf7a34a1b54cb42a93353b4169fcf1,9.0,0.0,0.0,6.0,2.0,0.002207296897635864,58173.569728,2026-01-21 17:51:35+00:00,2026-02-06 12:43:47+00:00,1.5,10.0,6.0,3.0,0.001079284667867144,2.0,0.00017664289209378,4.0,2.0,1.0,0.000524500654838644,0.0,1.6666666666666667,1.1111111111111112,0.2222222222222222,False,False,False,False,0,False,False,False
0x2cd8f7bcc7ea6bdb3b308ba661e445e7990cf114,6.0,0.0,0.0,6.0,2.0,0.001272911747447873,6806.550957,2025-11-04 20:40:47+00:00,2026-01-19 10:59:35+00:00,1.0,0.0,0.0,0.0,0.0,0.0,0.0,1.0,0.0,0.0,0.0,0.0,0.0,0.0,0.0,False,False,False,False,0,False,False,False
0x2cf6d2c8bd7a4301c80b596e35ef2558965ea7c9,1.0,0.0,0.0,1.0,1.0,0.000299506274274842,3.0,2025-11-12 17:27:59+00:00,2025-11-12 17:27:59+00:00,1.0,1.0,1.0,1.0,0.000143772470551988,1.0,0.000143772470551988,0.0,0.0,0.0,0.0,0.0,1.0,1.0,1.0,False,False,False,False,0,False,False,False
0x2d1a5c2269237cf98f7d5dafe1bef2f9fed4f1d9,12.0,0.0,0.0,3.0,2.0,0.001982287962699975,3515008.414049,2025-11-05 10:12:35+00:00,2026-01-31 13:26:59+00:00,4.0,10.0,3.0,1.0,0.000716928249378005,0.0,0.0,1.0,1.0,0.0,0.00365326661325311,0.0,3.3333333333333335,0.8333333333333334,0.0,False,False,False,False,0,False,False,False
0x2d72c21c08f91c68124aecc48f8ab0317dc430c0,2.0,0.0,0.0,1.0,1.0,3.6613613985735e-05,318.982264,2025-11-14 01:32:23+00:00,2025-11-14 01:33:47+00:00,2.0,4.0,1.0,1.0,3.0495228883426e-05,4.0,3.0495228883426e-05,0.0,1.0,0.0,1.052156809229e-05,1.052156809229e-05,4.0,2.0,2.0,False,False,False,False,0,False,False,False
0x2e3bd4e33281ec73b88233ab5f8b0e52a8d6f913,22.0,6.0,0.0,7.0,2.0,0.007404402563550421,43007.071357,2025-11-04 08:32:47+00:00,2026-02-22 21:28:35+00:00,3.142857142857143,0.0,0.0,0.0,0.0,0.0,0.0,3.0,7.0,0.0,0.007660125135395466,0.0,0.0,0.0,0.0,False,False,False,False,0,False,False,False
0x2e3d75af5b86273287836cd263dbab73bd327baf,1.0,0.0,0.0,1.0,1.0,9.163275311736e-06,160958.55086,2025-11-14 03:56:59+00:00,2025-11-14 03:56:59+00:00,1.0,1.0,1.0,1.0,4.799825317728e-06,0.0,0.0,12.0,0.0,0.0,0.0,0.0,1.0,1.0,0.0,False,False,False,False,0,False,False,False
0x2e64104b05e1c80cde1764014960798dcfb8c3ef,10.0,0.0,0.0,6.0,3.0,0.008443014736404793,51200.0,2025-11-14 07:32:23+00:00,2026-02-05 21:18:11+00:00,1.6666666666666667,2.0,1.0,2.0,4.4859383743732e-05,1.0,2.2301202832536e-05,0.0,1.0,0.0,0.000841866984505305,0.0,2.0,0.2,0.1,False,False,False,False,0,False,False,False
0x2e7787eecbbda8ee508bf264fe7149f60f0e5e4b,2.0,0.0,0.0,1.0,1.0,1.3411831601219e-05,25000.00125,2025-12-28 22:58:35+00:00,2025-12-28 23:02:47+00:00,2.0,7.0,3.0,3.0,0.000156411753561246,1.0,2.416224959451e-06,0.0,0.0,0.0,0.0,0.0,2.3333333333333335,3.5,0.5,False,False,False,False,0,False,False,False
0x2ebb6312447075ff76f6eaeef9ca66fb5bc7f9fd,4.0,0.0,0.0,2.0,1.0,0.000869827284873684,433443.44130500004,2025-11-01 14:29:47+00:00,2025-11-03 19:05:23+00:00,2.0,3.0,3.0,2.0,0.0003245453729578,2.0,0.00016857878388185798,2.0,0.0,0.0,0.0,0.0,1.0,0.75,0.5,False,False,False,False,0,False,False,False
0x2ec446421b91a6c54bf11ef6505851def7f9c347,1.0,0.0,0.0,1.0,1.0,1.1060737192323e-05,99470.102928,2026-01-07 09:31:35+00:00,2026-01-07 09:31:35+00:00,1.0,1.0,1.0,1.0,4.77571689303e-06,1.0,4.77571689303e-06,0.0,0.0,0.0,0.0,0.0,1.0,1.0,1.0,False,False,False,False,0,False,False,False
0x2eca0be455683dc60406c1e1782a20692a14628c,2.0,0.0,0.0,2.0,1.0,0.000210539353127898,51404.238378,2026-02-06 01:58:35+00:00,2026-02-22 22:20:47+00:00,1.0,6.0,3.0,4.0,0.000677795399266003,1.0,0.000107347145904171,0.0,0.0,0.0,0.0,0.0,2.0,3.0,0.5,False,False,False,False,0,False,False,False
0x2edcf560762de2058750b9c15a62a450e4b3cd72,1.0,0.0,0.0,1.0,1.0,0.000194921028182925,488165.179569,2026-01-16 19:40:47+00:00,2026-01-16 19:40:47+00:00,1.0,1.0,1.0,1.0,1.6124053181464e-05,0.0,0.0,2.0,0.0,0.0,0.0,0.0,1.0,1.0,0.0,False,False,False,False,0,False,False,False
0x2f234d2f5da6962d4308f287b5e2ac2548906ca3,2.0,0.0,0.0,2.0,2.0,0.00160215626082088,126840.094167,2025-11-04 20:38:47+00:00,2026-01-14 14:06:59+00:00,1.0,0.0,0.0,0.0,0.0,0.0,0.0,4.0,2.0,0.0,0.003434095277302305,0.0,0.0,0.0,0.0,False,False,False,False,0,False,False,False
0x2f26d1a3b1fc36bbc1676627bead89ecf4915396,3.0,1.0,0.0,3.0,2.0,0.000596201070191229,72191.413873,2025-12-04 23:38:59+00:00,2026-01-30 22:49:23+00:00,1.0,2.0,2.0,2.0,0.000540352880510394,1.0,0.000113063680104872,0.0,1.0,0.0,0.000144809798683424,0.000144809798683424,1.0,0.6666666666666666,0.3333333333333333,False,False,False,False,0,False,False,False
0x2f88bf6ccdc8d5dd0a0c801793b72ea9514d9370,1.0,0.0,0.0,1.0,1.0,1.8199757415882e-05,99470.0,2026-02-10 07:11:35+00:00,2026-02-10 07:11:35+00:00,1.0,1.0,1.0,1.0,7.689256585755e-06,1.0,7.689256585755e-06,0.0,0.0,0.0,0.0,0.0,1.0,1.0,1.0,False,False,False,False,0,False,False,False
0x2fb2306860d93675845aabbdd7cfe177e86f9872,3.0,1.0,0.0,2.0,2.0,0.000602739302997509,18006.955844,2025-11-20 17:35:23+00:00,2026-02-01 16:39:35+00:00,1.5,1.0,1.0,1.0,6.4402247449668e-05,0.0,0.0,1.0,1.0,0.0,0.000131718523748795,0.0,1.0,0.3333333333333333,0.0,False,False,False,False,0,False,False,False
0x2fb6d88b4c2ea5af5ec92616d9c0892869a63e8a,1.0,0.0,0.0,1.0,1.0,3.658126479138e-06,10000.0,2026-02-16 08:33:23+00:00,2026-02-16 08:33:23+00:00,1.0,60.0,22.0,6.0,0.001828363740887188,1.0,1.905012491868e-06,0.0,0.0,0.0,0.0,0.0,2.727272727272727,60.0,1.0,False,False,False,False,0,False,False,False
0x2fc476342699b9d62973784fc620bd6925cac63d,2.0,0.0,0.0,1.0,1.0,8.058590929448e-06,112496.476626,2026-01-11 18:23:35+00:00,2026-01-11 18:28:11+00:00,2.0,3.0,2.0,2.0,0.000118791074571418,2.0,3.487822803182e-06,0.0,0.0,0.0,0.0,0.0,1.5,1.5,1.0,False,False,False,False,0,False,False,False
0x2ffa838fcf9617b9fe783c890bddd64edca3a38e,1.0,0.0,0.0,1.0,1.0,0.000151071225702313,99999.869974,2025-11-07 21:49:59+00:00,2025-11-07 21:49:59+00:00,1.0,3.0,3.0,2.0,0.000273190190417444,1.0,7.4736064590744e-05,0.0,0.0,0.0,0.0,0.0,1.0,3.0,1.0,False,False,False,False,0,False,False,False
0x301eed31db6500a1ca6862800fa938f5fcc0676c,4.0,0.0,0.0,4.0,3.0,0.000818948636026835,155226.937305,2025-11-22 04:05:47+00:00,2026-02-01 12:07:47+00:00,1.0,0.0,0.0,0.0,0.0,0.0,0.0,3.0,3.0,0.0,0.00548800596538982,0.0,0.0,0.0,0.0,False,False,False,False,0,False,False,False
0x3028c813a7cb128aa5980a93f0798cddd095c422,2.0,0.0,0.0,2.0,1.0,0.000382195498002736,1636.0,2025-12-01 20:17:59+00:00,2025-12-29 18:58:59+00:00,1.0,0.0,0.0,0.0,0.0,0.0,0.0,1.0,1.0,0.0,0.000118408005083258,0.000118408005083258,0.0,0.0,0.0,False,False,False,False,0,False,False,False
0x30462594b784ca284541cf0330c98c2fc74afca9,2.0,0.0,0.0,1.0,1.0,0.00040959948933856,17001.351038,2025-12-19 02:33:23+00:00,2025-12-19 02:39:11+00:00,2.0,14.0,9.0,6.0,0.004333830172718227,2.0,0.000192178636109972,0.0,1.0,0.0,0.000116372584226141,0.000116372584226141,1.5555555555555556,7.0,1.0,False,False,False,False,0,False,False,False
0x306526a8cb1325ccd5b3ec683695917cf7147629,1.0,0.0,0.0,1.0,1.0,5.177324031321e-06,143743.634402,2026-01-27 08:57:11+00:00,2026-01-27 08:57:11+00:00,1.0,5.0,4.0,2.0,6.8764107967306e-05,1.0,2.46182881637e-06,0.0,0.0,0.0,0.0,0.0,1.25,5.0,1.0,False,False,False,False,0,False,False,False
0x306b8512c4cdf82172e526467d480b7999970a89,1.0,0.0,0.0,1.0,1.0,0.0002461489902487,13622.793237,2025-12-08 18:53:23+00:00,2025-12-08 18:53:23+00:00,1.0,1.0,1.0,1.0,0.000114451507653516,1.0,0.000114451507653516,0.0,0.0,0.0,0.0,0.0,1.0,1.0,1.0,False,False,False,False,0,False,False,False
0x3078a7b42dc121faea89e3cdac74f0b2f54546f7,8.0,0.0,0.0,6.0,1.0,6.2584092709099e-05,29483.070793,2026-02-01 09:18:23+00:00,2026-02-26 18:03:47+00:00,1.3333333333333333,24.0,10.0,6.0,0.000176974451500202,6.0,2.660002679096e-05,0.0,1.0,0.0,2.637891207971e-06,2.637891207971e-06,2.4,3.0,0.75,False,False,False,False,0,False,False,False
0x30883bcbad886575120b36422cff99ba10c4b72c,1.0,0.0,0.0,1.0,1.0,0.000191504752114767,107573.116718,2025-11-19 07:23:23+00:00,2025-11-19 07:23:23+00:00,1.0,0.0,0.0,0.0,0.0,0.0,0.0,1.0,0.0,0.0,0.0,0.0,0.0,0.0,0.0,False,False,False,False,0,False,False,False
0x30a3664d4b91b87253a215390722073d4d0347ee,2.0,0.0,0.0,2.0,2.0,0.00017460266489396502,174.0,2026-01-22 17:35:11+00:00,2026-02-04 18:48:59+00:00,1.0,3.0,3.0,2.0,1.9734643139141e-05,1.0,9.041459961566e-06,0.0,0.0,0.0,0.0,0.0,1.0,1.5,0.5,False,False,False,False,0,False,False,False
0x30b39760015343ca9f5576171aa463fc0d697440,2.0,0.0,0.0,1.0,1.0,0.000481718784546673,20000.0,2026-01-02 15:49:11+00:00,2026-01-02 16:22:47+00:00,2.0,9.0,1.0,6.0,0.002358248883277852,1.0,0.00012474385781486,0.0,0.0,0.0,0.0,0.0,9.0,4.5,0.5,False,False,False,False,0,False,False,False
0x30f715ad6b8237fa3723433f83e97be71582f31f,2.0,0.0,0.0,1.0,1.0,2.6077859504864e-05,1998.799498,2026-01-16 02:27:35+00:00,2026-01-16 09:44:11+00:00,2.0,23.0,4.0,8.0,0.0005094046671963929,4.0,2.2530655249698e-05,0.0,1.0,1.0,1.1320873285663e-05,1.1320873285663e-05,5.75,11.5,2.0,False,False,False,False,0,False,False,False
0x310dbdae34e22b2428915e0a672813afa2ff4100,2.0,0.0,0.0,2.0,2.0,1.0836093165502e-05,99988.44,2025-12-30 14:41:59+00:00,2026-01-12 10:40:35+00:00,1.0,1.0,1.0,1.0,5.579860960554e-06,1.0,5.579860960554e-06,0.0,0.0,0.0,0.0,0.0,1.0,0.5,0.5,False,False,False,False,0,False,False,False
0x31103b0b761b0fbf38a98da5bb855b202f330cf1,6.0,4.0,0.0,1.0,1.0,0.002955735177467259,372736.332436,2026-02-03 17:48:35+00:00,2026-02-03 23:56:23+00:00,6.0,1.0,1.0,1.0,0.000140407298458614,1.0,0.000140407298458614,0.0,1.0,0.0,0.000808341240246715,0.0,1.0,0.16666666666666666,0.16666666666666666,False,False,False,False,0,False,False,False
0x311e7dc9078c79e26c196b4000cd240b15fb2d62,2.0,0.0,0.0,2.0,2.0,5.0549751152971996e-05,2593.847092,2025-11-20 23:19:47+00:00,2026-02-06 10:10:35+00:00,1.0,0.0,0.0,0.0,0.0,0.0,0.0,1.0,2.0,0.0,1.2807443697619e-05,0.0,0.0,0.0,0.0,False,False,False,False,0,False,False,False
0x315f8d8ea68846434fe879dc9128355b88cd5cb5,1.0,0.0,0.0,1.0,1.0,1.6559689134778e-05,99470.000993,2026-02-10 07:13:59+00:00,2026-02-10 07:13:59+00:00,1.0,1.0,1.0,1.0,7.82522340873e-06,1.0,7.82522340873e-06,0.0,0.0,0.0,0.0,0.0,1.0,1.0,1.0,False,False,False,False,0,False,False,False
0x3175f8cb88149021e66ac301626f2447f881a6ed,3.0,0.0,0.0,1.0,1.0,0.00064516811398896,476001.076649,2025-12-17 08:52:35+00:00,2025-12-17 09:32:35+00:00,3.0,1.0,1.0,1.0,9.9331048003491e-05,1.0,9.9331048003491e-05,1.0,0.0,0.0,0.0,0.0,1.0,0.3333333333333333,0.3333333333333333,False,False,False,False,0,False,False,False
0x31a9fb4f33e7e226172a394fa680df60844852ac,5.0,0.0,0.0,4.0,2.0,0.0020775481281869123,45219.491191,2025-11-20 19:11:47+00:00,2026-02-23 19:30:47+00:00,1.25,0.0,0.0,0.0,0.0,0.0,0.0,1.0,1.0,0.0,0.00087674656604175,0.0,0.0,0.0,0.0,False,False,False,False,0,False,False,False
0x31ac9896f4ef59976b540db2edf45f4f3e058812,3.0,0.0,0.0,1.0,1.0,0.000677621256167594,10660.296095,2026-02-04 07:45:11+00:00,2026-02-04 12:47:11+00:00,3.0,2.0,1.0,2.0,0.00022608825962618301,2.0,0.00022608825962618301,0.0,0.0,0.0,0.0,0.0,2.0,0.6666666666666666,0.6666666666666666,False,False,False,False,0,False,False,False
0x31bd61c8857eba4f290f94b3d405e1499aee85ed,1.0,0.0,0.0,1.0,1.0,0.000306779504210869,261729.425987,2026-01-15 14:48:11+00:00,2026-01-15 14:48:11+00:00,1.0,1.0,1.0,1.0,0.00013584678745815,1.0,0.00013584678745815,0.0,0.0,0.0,0.0,0.0,1.0,1.0,1.0,False,False,False,False,0,False,False,False
0x31ca67c85205ffeee74d5248ea4004ec79cc514e,1.0,0.0,0.0,1.0,1.0,2.961566484283e-05,2.0,2026-02-02 10:20:23+00:00,2026-02-02 10:20:23+00:00,1.0,1.0,1.0,1.0,1.4910413350884e-05,1.0,1.4910413350884e-05,0.0,0.0,0.0,0.0,0.0,1.0,1.0,1.0,False,False,False,False,0,False,False,False
0x31d3003d795692591bee6a2950462c26d46cd2f4,1.0,0.0,0.0,1.0,1.0,0.000233195814020663,584121.05581,2025-11-09 20:23:47+00:00,2025-11-09 20:23:47+00:00,1.0,3.0,2.0,2.0,0.001154527237980424,2.0,0.00019302685083945798,0.0,0.0,0.0,0.0,0.0,1.5,3.0,2.0,False,False,False,False,0,False,False,False
0x320125996e9fe435c85628ffed4a27f034dcbc85,2.0,1.0,0.0,1.0,1.0,0.0016107980766663279,4518.545942,2025-11-04 17:57:59+00:00,2025-11-04 19:51:59+00:00,2.0,4.0,1.0,3.0,0.000970532007899053,2.0,0.000489680164593122,0.0,2.0,0.0,0.00036681272472901,0.000285786628805714,4.0,2.0,1.0,False,False,False,False,0,False,False,False
0x3204010a20b485ac98be2d1b0a6137de48b42410,1.0,0.0,0.0,1.0,1.0,2.9944369251566e-05,60580.906875,2026-02-01 10:12:47+00:00,2026-02-01 10:12:47+00:00,1.0,1.0,1.0,1.0,1.5314262039244e-05,1.0,1.5314262039244e-05,0.0,0.0,0.0,0.0,0.0,1.0,1.0,1.0,False,False,False,False,0,False,False,False
0x32078ce6974be32fb93dc95d91ca524701075d13,15.0,0.0,0.0,5.0,2.0,0.002691496469071752,25807.381989,2025-11-13 19:21:11+00:00,2026-02-23 15:35:23+00:00,3.0,2.0,1.0,1.0,0.00016454822886338,0.0,0.0,1.0,1.0,0.0,0.00096582110036793,0.0,2.0,0.13333333333333333,0.0,False,False,False,False,0,False,False,False
0x323f58b0eb52135b5552181e1c58a737d014bb1f,1.0,0.0,0.0,1.0,1.0,1.242710184672e-05,6883.779664,2026-01-09 10:08:35+00:00,2026-01-09 10:08:35+00:00,1.0,3.0,2.0,3.0,4.489353288416e-05,1.0,5.073181800952e-06,2.0,0.0,0.0,0.0,0.0,1.5,3.0,1.0,False,False,False,False,0,False,False,False
0x325612868841b5e9b8d4a2204b29b09b4efe2e6c,5.0,0.0,0.0,3.0,1.0,0.000481162415298762,8146.766537,2025-11-14 05:53:59+00:00,2025-11-21 03:28:47+00:00,1.6666666666666667,3.0,2.0,1.0,7.0272037967673e-05,0.0,0.0,6.0,0.0,0.0,0.0,0.0,1.5,0.6,0.0,False,False,False,False,0,False,False,False
0x325d64a5288def34bd9b9afbd05a6330d926e66e,3.0,0.0,0.0,2.0,1.0,5.5474132955366e-05,188221.995493,2025-11-09 16:05:59+00:00,2025-11-15 10:44:59+00:00,1.5,12.0,9.0,7.0,0.000339995655016476,3.0,2.4344495159472e-05,0.0,0.0,0.0,0.0,0.0,1.3333333333333333,4.0,1.0,False,False,False,False,0,False,False,False
0x326fd19a59cd2f8bc7111fac491519a95f4d2673,1.0,0.0,0.0,1.0,1.0,1.6681614182754e-05,103251.000103,2026-02-10 07:13:23+00:00,2026-02-10 07:13:23+00:00,1.0,1.0,1.0,1.0,7.61051220408e-06,1.0,7.61051220408e-06,0.0,0.0,0.0,0.0,0.0,1.0,1.0,1.0,False,False,False,False,0,False,False,False
0x3299dc08e6d84da86ecd5da24eceb264adc94ccd,19.0,0.0,0.0,9.0,3.0,0.000101025599842536,878.891699,2025-11-05 06:06:11+00:00,2026-01-05 04:00:11+00:00,2.111111111111111,19.0,8.0,6.0,0.000651525758614009,1.0,2.029919788503e-06,2.0,0.0,0.0,0.0,0.0,2.375,1.0,0.05263157894736842,False,False,False,False,0,False,False,False
0x32a59b87352e980dd6ab1baf462696d28e63525d,2.0,1.0,0.0,2.0,1.0,8.9535418142342e-05,5028.333181,2025-11-05 19:55:47+00:00,2025-11-08 16:32:35+00:00,1.0,90.0,3.0,68.0,0.000112900285247098,1.0,1.290994894772e-06,1.0,1.0,0.0,0.00078759671592074,0.0,30.0,45.0,0.5,False,False,False,True,1,False,False,False
0x32ba7411efc9a115f19144ddb6ba14471206fdef,1.0,0.0,0.0,1.0,1.0,1.8213809666486e-05,99470.000993,2026-02-10 07:11:23+00:00,2026-02-10 07:11:23+00:00,1.0,1.0,1.0,1.0,7.689256585755e-06,1.0,7.689256585755e-06,0.0,0.0,0.0,0.0,0.0,1.0,1.0,1.0,False,False,False,False,0,False,False,False
0x32f26477857260b3898367e27886890a310ad4e0,5.0,0.0,0.0,2.0,2.0,0.000229251774046858,109439.61,2025-11-23 03:56:47+00:00,2026-02-04 18:36:35+00:00,2.5,0.0,0.0,0.0,0.0,0.0,0.0,1.0,1.0,0.0,0.00052582306875986,0.0,0.0,0.0,0.0,False,False,False,False,0,False,False,False
0x332fb7786e85c7c3f8ad70be7c1d34c202321eac,1.0,0.0,0.0,1.0,1.0,5.365206617938e-06,40024.0,2025-12-23 01:40:59+00:00,2025-12-23 01:40:59+00:00,1.0,5.0,3.0,5.0,3.7206229357964e-05,1.0,2.91113236434e-06,0.0,0.0,0.0,0.0,0.0,1.6666666666666667,5.0,1.0,False,False,False,False,0,False,False,False
0x335bd1a80f7ba99e705c9b673be417a40e20f780,1.0,0.0,0.0,1.0,1.0,0.000288095281852092,186300.003744,2025-11-07 11:07:11+00:00,2025-11-07 11:07:11+00:00,1.0,7.0,4.0,3.0,0.000895794793373817,1.0,0.000146907222567195,0.0,2.0,0.0,0.00024091057638462899,0.0001203578676341,1.75,7.0,1.0,False,False,False,False,0,False,False,False
0x337a14e93390084586a33b38faf60ae8c6495a86,1.0,0.0,0.0,1.0,1.0,0.00034959280803966,16123.125239,2026-01-31 19:58:59+00:00,2026-01-31 19:58:59+00:00,1.0,2.0,2.0,2.0,0.000202784392058922,1.0,0.000199851298584012,0.0,1.0,0.0,7.5100941809252e-05,7.5100941809252e-05,1.0,2.0,1.0,False,False,False,False,0,False,False,False
0x3384b8cccc84a8e04b717d890e72bd446c2be4d9,1.0,0.0,0.0,1.0,1.0,9.450046715774e-06,100005.44387,2025-11-01 04:25:47+00:00,2025-11-01 04:25:47+00:00,1.0,7.0,5.0,3.0,0.000213644140917425,2.0,8.650226259474e-06,0.0,0.0,0.0,0.0,0.0,1.4,7.0,2.0,False,False,False,False,0,False,False,False
0x338a065458ea39b9f2d9458d153d1a109b31f1bb,1.0,0.0,0.0,1.0,1.0,0.00019848469493685,48650.0,2026-02-26 18:09:59+00:00,2026-02-26 18:09:59+00:00,1.0,1.0,1.0,1.0,0.000102721256269893,1.0,0.000102721256269893,0.0,1.0,0.0,1.0561630981472e-05,1.0561630981472e-05,1.0,1.0,1.0,False,False,False,False,0,False,False,False
0x33c45bba908e81cb3abff40233f661e4c2707dfa,1.0,0.0,0.0,1.0,1.0,3.2294924643977e-05,80563.256075,2025-11-11 12:49:11+00:00,2025-11-11 12:49:11+00:00,1.0,2.0,2.0,2.0,1.7195603825612e-05,1.0,1.5339202376716e-05,0.0,0.0,0.0,0.0,0.0,1.0,2.0,1.0,False,False,False,False,0,False,False,False
0x33cd6bcd877e147fde35a8ba4935bc5488b6cb92,3.0,0.0,0.0,3.0,3.0,0.000402398509083828,127000.0,2025-11-11 15:44:23+00:00,2026-02-04 22:40:11+00:00,1.0,0.0,0.0,0.0,0.0,0.0,0.0,1.0,0.0,0.0,0.0,0.0,0.0,0.0,0.0,False,False,False,False,0,False,False,False
0x33d40133bf329746246c20877dba7644e20384b3,4.0,0.0,0.0,1.0,1.0,3.816630508602e-05,1505.4091389999999,2026-02-14 15:54:59+00:00,2026-02-14 16:11:59+00:00,4.0,8.0,5.0,5.0,4.8776029465452e-05,3.0,1.3503315819422e-05,0.0,0.0,0.0,0.0,0.0,1.6,2.0,0.75,False,False,False,False,0,False,False,False
0x33f9cdccd8d8632433d9cad1e4fa8698a4a2966a,1.0,0.0,0.0,1.0,1.0,3.036858401192e-06,11000.0,2025-12-21 19:27:23+00:00,2025-12-21 19:27:23+00:00,1.0,1.0,1.0,1.0,1.371196322865e-06,1.0,1.371196322865e-06,0.0,0.0,0.0,0.0,0.0,1.0,1.0,1.0,False,False,False,False,0,False,False,False
0x33ff9053ee0c52cba9e875e351953828f8835fcf,2.0,0.0,0.0,2.0,1.0,1.4830020959087e-05,703.673629,2025-11-17 02:42:11+00:00,2025-11-19 02:37:47+00:00,1.0,1.0,1.0,1.0,6.0907681052648e-05,1.0,6.0907681052648e-05,0.0,1.0,0.0,3.133129251192e-05,3.133129251192e-05,1.0,0.5,0.5,False,False,False,False,0,False,False,False
0x340c60e6d97fb5cea3b7fdc36f2bd908a128d968,1.0,0.0,0.0,1.0,1.0,1.6346060368638e-05,510032.226348,2025-12-01 19:41:35+00:00,2025-12-01 19:41:35+00:00,1.0,0.0,0.0,0.0,0.0,0.0,0.0,1.0,0.0,0.0,0.0,0.0,0.0,0.0,0.0,False,False,False,False,0,False,False,False
0x340e4330fb7dc217cff74f5f6fc7ac4930a3d4a5,4.0,2.0,0.0,4.0,3.0,0.000178733220527753,57751.78359,2025-11-09 14:51:59+00:00,2026-02-19 07:04:47+00:00,1.0,1.0,1.0,1.0,1.0226996594217e-05,0.0,0.0,1.0,1.0,0.0,4.1209866943498e-05,0.0,1.0,0.25,0.0,False,False,False,False,0,False,False,False
0x348fa863fd53f45f212e3dc00eca7abfac957fd2,1.0,0.0,0.0,1.0,1.0,2.484607755675e-06,250.37912,2025-12-20 07:11:47+00:00,2025-12-20 07:11:47+00:00,1.0,14.0,8.0,5.0,0.000130189641396579,2.0,3.24501751195e-06,0.0,4.0,3.0,8.3735287507781e-05,8.3735287507781e-05,1.75,14.0,2.0,False,False,False,False,0,False,False,False
0x3492765d83764138f43ae6f542c05e1eeaf87afd,16.0,0.0,0.0,10.0,4.0,0.00559047588031022,267156.215616,2025-11-17 13:40:11+00:00,2026-02-07 02:37:47+00:00,1.6,18.0,11.0,2.0,0.001077782774455918,0.0,0.0,4.0,1.0,0.0,0.000538852145714855,0.0,1.6363636363636365,1.125,0.0,False,False,False,False,0,False,False,False
0x34cb3aca2e067ebb687ffec3c17beffd86bc7d76,1.0,0.0,0.0,1.0,1.0,0.00034882118422095,4830.0,2025-12-18 17:26:47+00:00,2025-12-18 17:26:47+00:00,1.0,0.0,0.0,0.0,0.0,0.0,0.0,1.0,1.0,0.0,5.0584066613624e-05,0.0,0.0,0.0,0.0,False,False,False,False,0,False,False,False
0x354c04a74be6da700619778f56f681b7aa3d42f7,5.0,0.0,0.0,2.0,1.0,0.000919748355645553,165488.519986,2026-02-05 20:04:11+00:00,2026-02-06 09:53:47+00:00,2.5,0.0,0.0,0.0,0.0,0.0,0.0,0.0,7.0,3.0,0.011396532905567438,0.0,0.0,0.0,0.0,False,False,False,False,0,False,False,False
0x357dfdc34f93388059d2eb09996d80f233037cba,3.0,0.0,0.0,2.0,1.0,0.000586309869218286,18501.204289,2026-02-21 19:21:47+00:00,2026-02-22 12:28:47+00:00,1.5,17.0,11.0,4.0,0.012198633663282587,1.0,7.9036950537906e-05,72.0,2.0,0.0,0.003448105992463738,0.0,1.5454545454545454,5.666666666666667,0.3333333333333333,False,False,False,False,0,False,False,False
0x357e050aef2e12edc1e755f9d396afceac7c8215,5.0,0.0,0.0,4.0,2.0,0.000125193254112514,3.8,2025-11-24 08:18:11+00:00,2025-12-04 13:21:23+00:00,1.25,60.0,22.0,8.0,0.001353246244982632,6.0,0.000128850468218198,0.0,0.0,0.0,0.0,0.0,2.727272727272727,12.0,1.2,False,False,False,False,0,False,False,False
0x3589fd858ea8fc7217a0002c6e5bea069ab8977e,1.0,0.0,0.0,1.0,1.0,0.0002223826050414,1079.75379,2026-02-01 18:02:11+00:00,2026-02-01 18:02:11+00:00,1.0,1.0,1.0,1.0,0.000131013859281468,1.0,0.000131013859281468,0.0,0.0,0.0,0.0,0.0,1.0,1.0,1.0,False,False,False,False,0,False,False,False
0x35a1c3b2691cd740b71b4b2aea3627cc6fe52228,1.0,0.0,0.0,1.0,1.0,0.00021462091249728,6078.667548,2025-11-08 02:30:47+00:00,2025-11-08 02:30:47+00:00,1.0,6.0,2.0,3.0,0.001651130315716561,1.0,8.2836732890664e-05,1.0,1.0,0.0,9.9789688331541e-05,0.0,3.0,6.0,1.0,False,False,False,False,0,False,False,False
0x35afa724681c5ef9746978b565d3acda457c6b5c,1.0,0.0,0.0,1.0,1.0,3.9399334485979e-05,30383.149899,2025-11-10 11:24:47+00:00,2025-11-10 11:24:47+00:00,1.0,0.0,0.0,0.0,0.0,0.0,0.0,1.0,1.0,0.0,0.00010450046271811,0.0,0.0,0.0,0.0,False,False,False,False,0,False,False,False
0x35c65cf4bf3b327517c825b9772ac52eb7440a7b,1.0,0.0,0.0,1.0,1.0,2.946580180425e-06,99470.00014,2025-12-31 06:13:59+00:00,2025-12-31 06:13:59+00:00,1.0,1.0,1.0,1.0,1.460533653435e-06,1.0,1.460533653435e-06,0.0,0.0,0.0,0.0,0.0,1.0,1.0,1.0,False,False,False,False,0,False,False,False
0x35c6c60703bb89622a3f1d5709f86a4e2b84f3b4,1.0,0.0,0.0,1.0,1.0,1.312895380562e-05,1500.0,2026-02-04 10:43:11+00:00,2026-02-04 10:43:11+00:00,1.0,2.0,2.0,2.0,3.5604423421416e-05,0.0,0.0,2.0,0.0,0.0,0.0,0.0,1.0,2.0,0.0,False,False,False,False,0,False,False,False
0x36036affc5857e9e14c80f2ab5fcc93eccd442d0,1.0,0.0,0.0,1.0,1.0,1.5162452958635e-05,350000.0,2026-02-25 02:23:47+00:00,2026-02-25 02:23:47+00:00,1.0,0.0,0.0,0.0,0.0,0.0,0.0,2.0,2.0,0.0,0.000124659217243379,7.870315174682e-06,0.0,0.0,0.0,False,False,False,False,0,False,False,False
0x365ba3875f5762ede27cdc1f0e1f5ef28a0739c8,2.0,0.0,0.0,2.0,1.0,0.000546832666115344,24846.441884,2026-01-01 21:27:35+00:00,2026-01-31 16:57:35+00:00,1.0,0.0,0.0,0.0,0.0,0.0,0.0,7.0,1.0,0.0,0.000469923889525515,0.0,0.0,0.0,0.0,False,False,False,False,0,False,False,False
0x36730c2130dbad5cbf4638e89d17b318811518ba,2.0,0.0,0.0,2.0,2.0,0.000910037046135829,200.591566,2026-01-08 08:54:47+00:00,2026-02-05 16:23:35+00:00,1.0,4.0,2.0,2.0,0.00085850232528975,2.0,0.00043761141096769,0.0,1.0,1.0,1.3160706895887e-05,1.3160706895887e-05,2.0,2.0,1.0,False,False,False,False,0,False,False,False
0x36b017280cd0440482072fc2f42d3c3be30b86a8,3.0,0.0,0.0,3.0,1.0,0.000420199265453532,3295.195911,2026-02-05 10:01:35+00:00,2026-02-20 20:21:11+00:00,1.0,6.0,3.0,4.0,0.000597635631134507,1.0,1.0428741522994e-05,2.0,2.0,2.0,0.000131190847365982,0.000131190847365982,2.0,2.0,0.3333333333333333,False,False,False,False,0,False,False,False
0x36f1f21636352be086fcf1ddace86b2d5a0a4319,1.0,0.0,0.0,1.0,1.0,0.00020533016033829,107.471655,2025-11-27 12:24:11+00:00,2025-11-27 12:24:11+00:00,1.0,3.0,2.0,3.0,0.000320853717600804,1.0,0.000114802085281242,0.0,0.0,0.0,0.0,0.0,1.5,3.0,1.0,False,False,False,False,0,False,False,False
0x36fbb49250c870c5980c19a9b85f320178c0f332,1.0,0.0,0.0,1.0,1.0,4.841412865775e-06,10.0,2025-12-19 02:30:23+00:00,2025-12-19 02:30:23+00:00,1.0,8.0,5.0,6.0,0.00013474751438672,1.0,1.579396379272e-06,0.0,0.0,0.0,0.0,0.0,1.6,8.0,1.0,False,False,False,False,0,False,False,False
0x3704d7b5a8825a5383a5f4c262d6fccc187d52a8,1.0,0.0,0.0,1.0,1.0,0.000235804601735318,2000.0,2026-01-11 13:35:35+00:00,2026-01-11 13:35:35+00:00,1.0,4.0,2.0,2.0,0.000749282369781582,2.0,0.000183609488148506,0.0,0.0,0.0,0.0,0.0,2.0,4.0,2.0,False,False,False,False,0,False,False,False
0x374a59c0956f9ca3934b1d88b1571b3701ef0470,2.0,0.0,0.0,2.0,1.0,0.000402616317077819,3014.91779,2025-11-08 21:47:47+00:00,2025-11-12 21:46:11+00:00,1.0,3.0,2.0,2.0,0.000313317215629552,2.0,0.000196792648430672,0.0,1.0,0.0,0.000119509686091082,0.000119509686091082,1.5,1.5,1.0,False,False,False,False,0,False,False,False
0x377a1a7a3d763090456c085d65e01363f789ba03,19.0,0.0,0.0,9.0,3.0,0.005472926425896466,67089.513829,2025-11-10 05:29:11+00:00,2026-02-18 17:18:35+00:00,2.111111111111111,1.0,1.0,1.0,0.000113476234353048,0.0,0.0,1.0,1.0,0.0,6.0835531243331e-05,0.0,1.0,0.05263157894736842,0.0,False,False,False,False,0,False,False,False
0x377cfe95b0efd5023d4c5a94887493a6498730ca,1.0,0.0,0.0,1.0,1.0,3.3860249645e-06,10000.0,2026-01-25 10:08:11+00:00,2026-01-25 10:08:11+00:00,1.0,1.0,1.0,1.0,1.712337494408e-06,1.0,1.712337494408e-06,0.0,0.0,0.0,0.0,0.0,1.0,1.0,1.0,False,False,False,False,0,False,False,False
0x37e83174962880f941814faf9e65ad3d4ee45b4a,5.0,1.0,0.0,5.0,3.0,0.00015130497203813602,93090.398278,2025-12-09 14:41:23+00:00,2026-02-05 03:12:59+00:00,1.0,3.0,3.0,2.0,6.5202757340155e-05,1.0,1.4617424172522e-05,1.0,1.0,0.0,3.8799698262549e-05,0.0,1.0,0.6,0.2,False,False,False,False,0,False,False,False
0x37f7e8e9cf9e7051fb5d748fdd688ba647616c12,1.0,0.0,0.0,1.0,1.0,1.0016817114304e-05,99.989822,2026-01-29 09:50:35+00:00,2026-01-29 09:50:35+00:00,1.0,7.0,5.0,5.0,0.002341216110140412,2.0,7.840786457004e-06,0.0,1.0,0.0,8.347602918223e-06,8.347602918223e-06,1.4,7.0,2.0,False,False,False,False,0,False,False,False
0x37fd3c367c5d03640b177fcbd7afe18d805dd10e,10.0,0.0,0.0,1.0,1.0,0.002357783372253835,2449545.174128,2025-11-07 08:13:47+00:00,2025-11-07 09:33:35+00:00,10.0,40.0,18.0,5.0,0.011177761602596412,1.0,0.00011635113570976,1.0,0.0,0.0,0.0,0.0,2.2222222222222223,4.0,0.1,False,False,False,False,0,False,False,False
0x380ac757027e610d2e9897a460a3415c9861fcd3,9.0,8.0,0.0,6.0,2.0,0.00034680619522026,46465.745801,2025-11-17 21:40:23+00:00,2025-12-26 09:25:23+00:00,1.5,11.0,7.0,6.0,0.00026379375462198704,3.0,8.115798536947e-05,1.0,2.0,0.0,0.00020609683760320399,0.000101818790493517,1.5714285714285714,1.2222222222222223,0.3333333333333333,False,False,False,False,0,False,False,False
0x38a78a3acc349462f607d97148dbe325497bb891,1.0,0.0,0.0,1.0,1.0,0.000235047891445596,100.0,2025-12-13 18:33:11+00:00,2025-12-13 18:33:11+00:00,1.0,1.0,1.0,1.0,0.000113605296147034,1.0,0.000113605296147034,0.0,0.0,0.0,0.0,0.0,1.0,1.0,1.0,False,False,False,False,0,False,False,False
0x38b2277cd5c251db364ab68df8ad863d99c44e87,2.0,0.0,0.0,1.0,1.0,0.00038735933789943303,474429.070175,2025-11-16 10:44:47+00:00,2025-11-16 10:46:59+00:00,2.0,1.0,1.0,1.0,8.0511127262932e-05,1.0,8.0511127262932e-05,2.0,2.0,0.0,0.00024766474242969897,0.00012686810063092,1.0,0.5,0.5,False,False,False,False,0,False,False,False
0x38e423431bdacb403ec64c8088fcfd852c42c77a,1.0,0.0,0.0,1.0,1.0,1.8777098907848e-05,26040.297598,2025-11-18 20:10:23+00:00,2025-11-18 20:10:23+00:00,1.0,3.0,2.0,3.0,6.0480812853468004e-05,1.0,1.1768272875326e-05,0.0,1.0,0.0,3.6923690403696e-05,3.6923690403696e-05,1.5,3.0,1.0,False,False,False,False,0,False,False,False
0x3929dce24c33d542d83dfb4d9456c4170e98718a,2.0,0.0,0.0,1.0,1.0,5.91472e-06,220.900152,2025-12-24 04:22:23+00:00,2025-12-24 04:35:23+00:00,2.0,2.0,2.0,2.0,4.879045999999999e-06,1.0,1.655986e-06,0.0,0.0,0.0,0.0,0.0,1.0,1.0,0.5,False,False,False,False,0,False,False,False
0x392faf687f31967760749dec026f589af7bcbd35,1.0,0.0,0.0,1.0,1.0,1.6490065828054e-05,99669.000995,2026-02-10 07:13:47+00:00,2026-02-10 07:13:47+00:00,1.0,1.0,1.0,1.0,7.91612108523e-06,1.0,7.91612108523e-06,0.0,0.0,0.0,0.0,0.0,1.0,1.0,1.0,False,False,False,False,0,False,False,False
0x393b1240b43456e2ac9c40fbf3644e12ee9d00a9,1.0,0.0,0.0,1.0,1.0,0.000272356040383042,30480.737982,2025-11-05 06:38:11+00:00,2025-11-05 06:38:11+00:00,1.0,1.0,1.0,1.0,0.00013634254481482,1.0,0.00013634254481482,0.0,0.0,0.0,0.0,0.0,1.0,1.0,1.0,False,False,False,False,0,False,False,False
0x394070a6d1cb8e1848321cf20b7b7a640d39a5fc,9.0,0.0,0.0,8.0,4.0,0.000288363285723694,758421.961069,2025-11-05 07:57:11+00:00,2026-02-28 19:10:35+00:00,1.125,52.0,25.0,14.0,0.001715579057572459,6.0,4.1885318280612e-05,0.0,2.0,2.0,7.328442553567e-06,7.328442553567e-06,2.08,5.777777777777778,0.6666666666666666,False,False,False,False,0,False,False,False
0x397b7bd1c5a426b03686b66dfdb7496de641eead,1.0,0.0,0.0,1.0,1.0,0.000195164663613902,473052.509436,2025-11-15 13:17:47+00:00,2025-11-15 13:17:47+00:00,1.0,1.0,1.0,1.0,8.3598925223234e-05,1.0,8.3598925223234e-05,1.0,1.0,0.0,1.0904053637521e-05,1.0904053637521e-05,1.0,1.0,1.0,False,False,False,False,0,False,False,False
0x3982b1cfbdd4182133c77859951b8374faf35f9b,1.0,0.0,0.0,1.0,1.0,0.00026686256493972,290203.292398,2025-11-07 09:07:23+00:00,2025-11-07 09:07:23+00:00,1.0,4.0,2.0,3.0,0.00016825809108801,1.0,0.000132902101650516,0.0,0.0,0.0,0.0,0.0,2.0,4.0,1.0,False,False,False,False,0,False,False,False
0x398c259d4d477eaad0487ddf789558eb381e1c3e,2.0,0.0,0.0,2.0,1.0,7.529736e-06,89339.444776,2025-12-22 19:31:35+00:00,2025-12-28 11:29:59+00:00,1.0,13.0,9.0,7.0,0.000354619626941737,1.0,2.348052e-06,0.0,0.0,0.0,0.0,0.0,1.4444444444444444,6.5,0.5,False,False,False,False,0,False,False,False
0x399ee7da8beeacf852a4f578de2cb340abddbdb4,1.0,0.0,0.0,1.0,1.0,0.002019151598279214,128159.886206,2026-02-05 19:28:47+00:00,2026-02-05 19:28:47+00:00,1.0,1.0,1.0,1.0,0.002759819334194214,1.0,0.002759819334194214,1.0,0.0,0.0,0.0,0.0,1.0,1.0,1.0,False,False,False,False,0,False,False,False
0x39da68fcb8ddf5201a67a8b76f4251fe48cfb9bf,29.0,0.0,0.0,15.0,4.0,0.003758868864397579,4512.48,2025-11-04 17:56:35+00:00,2026-02-24 03:51:23+00:00,1.9333333333333333,0.0,0.0,0.0,0.0,0.0,0.0,2.0,1.0,0.0,2.4220365876413e-05,0.0,0.0,0.0,0.0,False,False,False,False,0,False,False,False
0x39e44c3fd8f7745a0118d65a12ac04a86c078eb5,2.0,0.0,0.0,1.0,1.0,6.0124973829732e-05,1726.339694,2026-02-23 17:57:11+00:00,2026-02-23 22:28:59+00:00,2.0,1.0,1.0,1.0,2.7997146843772e-05,1.0,2.7997146843772e-05,0.0,2.0,0.0,6.8145878545425e-05,0.0,1.0,0.5,0.5,False,False,False,False,0,False,False,False
0x39e517118bf841d8e42c8fec21771c23a3a8924f,2.0,0.0,0.0,1.0,1.0,0.000382647238216843,80567.81375999999,2025-12-25 12:40:35+00:00,2025-12-25 12:44:11+00:00,2.0,4.0,2.0,4.0,0.000215573135990969,1.0,7.9172879845452e-05,2.0,1.0,0.0,0.000151377943072555,0.0,2.0,2.0,0.5,False,False,False,False,0,False,False,False
0x3a1a190a3ca856cd1c9076cc7330cbd5471e514f,1.0,0.0,0.0,1.0,1.0,0.00021788138423817,2022.068169,2025-12-23 22:58:47+00:00,2025-12-23 22:58:47+00:00,1.0,1.0,1.0,1.0,9.9191437924752e-05,1.0,9.9191437924752e-05,0.0,0.0,0.0,0.0,0.0,1.0,1.0,1.0,False,False,False,False,0,False,False,False
0x3a26728a0bf898e32089c446069d315cd016dddf,4.0,0.0,0.0,3.0,3.0,0.004014541903175008,2973.326175,2025-11-04 21:44:59+00:00,2026-02-05 21:07:23+00:00,1.3333333333333333,0.0,0.0,0.0,0.0,0.0,0.0,1.0,1.0,0.0,0.001210587413261745,0.0,0.0,0.0,0.0,False,False,False,False,0,False,False,False
0x3a32672e92b84b1dbffd547dc9fdde14d17a6796,4.0,0.0,0.0,4.0,3.0,0.00047299695586212,1100060.158832,2025-11-07 21:47:35+00:00,2026-01-02 12:12:35+00:00,1.0,49.0,19.0,14.0,0.006810520863338436,7.0,0.000354232843916084,14.0,0.0,0.0,0.0,0.0,2.5789473684210527,12.25,1.75,False,False,False,False,0,False,False,False
0x3a43f16df766f316aae9f3cb9d843c4a64fb9417,1.0,0.0,0.0,1.0,1.0,3.652754059561e-06,10000.0,2026-01-25 10:16:35+00:00,2026-01-25 10:16:35+00:00,1.0,1.0,1.0,1.0,1.848085592402e-06,1.0,1.848085592402e-06,0.0,0.0,0.0,0.0,0.0,1.0,1.0,1.0,False,False,False,False,0,False,False,False
0x3a4d44067be83509cd0a0bcb2656120955333217,2.0,0.0,0.0,1.0,1.0,6.628365920744e-06,47540.1887,2026-01-04 02:12:59+00:00,2026-01-04 02:15:35+00:00,2.0,2.0,1.0,2.0,3.520117632357e-06,2.0,3.520117632357e-06,0.0,2.0,0.0,3.761730801391e-06,3.761730801391e-06,2.0,1.0,1.0,False,False,False,False,0,False,False,False
0x3ab2893d35309b91a210fcb665ffb54ea8791ea1,6.0,0.0,0.0,3.0,2.0,0.00468781948267917,391274.715553,2026-01-31 17:40:11+00:00,2026-02-13 00:43:47+00:00,2.0,0.0,0.0,0.0,0.0,0.0,0.0,1.0,1.0,0.0,0.000123889287364921,0.0,0.0,0.0,0.0,False,False,False,False,0,False,False,False
0x3acd63bc5f2a2e4623ae8cc8ce33a766c86290bb,1.0,0.0,0.0,1.0,1.0,0.000240975393687736,10.0,2025-11-15 15:24:59+00:00,2025-11-15 15:24:59+00:00,1.0,13.0,9.0,11.0,0.001352430533956513,1.0,0.000116104801973514,0.0,0.0,0.0,0.0,0.0,1.4444444444444444,13.0,1.0,False,False,False,False,0,False,False,False
0x3ad7bbfef19b8260a60ffbe06f27e11ce9bcf4ca,1.0,0.0,0.0,1.0,1.0,0.000230526392448153,483.0,2025-11-16 03:39:59+00:00,2025-11-16 03:39:59+00:00,1.0,1.0,1.0,1.0,0.000100789677029172,1.0,0.000100789677029172,0.0,0.0,0.0,0.0,0.0,1.0,1.0,1.0,False,False,False,False,0,False,False,False
0x3ae42d4d79e4ed61ec1a6b8c88a34d2a0606d991,1.0,0.0,0.0,1.0,1.0,4.133430906005e-06,0.792928,2025-12-02 22:31:11+00:00,2025-12-02 22:31:11+00:00,1.0,1.0,1.0,1.0,1.682173517139e-06,1.0,1.682173517139e-06,0.0,1.0,0.0,1.845765735169e-06,1.845765735169e-06,1.0,1.0,1.0,False,False,False,False,0,False,False,False
0x3ae8f185a97e25f40913d60ebf419212f94319c5,1.0,0.0,0.0,1.0,1.0,0.000113310118895256,3168.485047,2025-11-18 10:36:59+00:00,2025-11-18 10:36:59+00:00,1.0,3.0,1.0,3.0,9.2089230642884e-05,0.0,0.0,1.0,0.0,0.0,0.0,0.0,3.0,3.0,0.0,False,False,False,False,0,False,False,False
0x3aeb173f9a182f43d3024559a057d1f7e7d3da45,1.0,0.0,0.0,1.0,1.0,3.930196106202e-06,460.0,2026-01-25 13:57:47+00:00,2026-01-25 13:57:47+00:00,1.0,1.0,1.0,1.0,2.075385148146e-06,1.0,2.075385148146e-06,0.0,0.0,0.0,0.0,0.0,1.0,1.0,1.0,False,False,False,False,0,False,False,False
0x3b2b389e6ba7cd904abcf3d213515e652cb60073,1.0,0.0,0.0,1.0,1.0,2.8153170981271e-05,9999.153037,2025-11-07 02:46:23+00:00,2025-11-07 02:46:23+00:00,1.0,4.0,3.0,3.0,4.9013714848149004e-05,1.0,1.4332232002428e-05,0.0,1.0,0.0,1.3161476391961e-05,1.3161476391961e-05,1.3333333333333333,4.0,1.0,False,False,False,False,0,False,False,False
0x3b54379b06153cb99c909d9d7702028b571696f9,1.0,0.0,0.0,1.0,1.0,2.7244277924248e-05,94924.527478,2025-11-18 19:48:11+00:00,2025-11-18 19:48:11+00:00,1.0,12.0,7.0,5.0,0.000337517540169741,2.0,1.6454123610828e-05,0.0,0.0,0.0,0.0,0.0,1.7142857142857142,12.0,2.0,False,False,False,False,0,False,False,False
0x3b6f0324405a978000d6af6b1fd99cda6d9da776,1.0,0.0,0.0,1.0,1.0,3.78888903299e-06,81847.597056,2026-01-11 19:22:59+00:00,2026-01-11 19:22:59+00:00,1.0,13.0,10.0,8.0,0.000687702974071376,1.0,1.635038862813e-06,0.0,0.0,0.0,0.0,0.0,1.3,13.0,1.0,False,False,False,False,0,False,False,False
0x3b70330b1d60f9659fbaec24946ffa233c2223e4,1.0,0.0,0.0,1.0,1.0,0.00023521920042397,5000.0,2025-12-30 05:49:23+00:00,2025-12-30 05:49:23+00:00,1.0,5.0,3.0,2.0,0.001701464688358412,1.0,0.00011353852766714,0.0,1.0,0.0,0.000117951052152601,0.000117951052152601,1.6666666666666667,5.0,1.0,False,False,False,False,0,False,False,False
0x3b8b0e3278446ffda24f41051c8d92a28f0be802,2.0,0.0,0.0,2.0,2.0,0.00046776401391914596,1500.0,2025-12-09 06:04:59+00:00,2026-02-02 13:43:47+00:00,1.0,1.0,1.0,1.0,0.0001094965385688,1.0,0.0001094965385688,0.0,1.0,0.0,0.000119722427833209,0.000119722427833209,1.0,0.5,0.5,False,False,False,False,0,False,False,False
0x3b9c89fa75f71dd56861a722641119ca69bc0aed,3.0,0.0,0.0,1.0,1.0,4.824859572123e-05,355.0,2025-11-23 09:30:47+00:00,2025-11-23 10:16:23+00:00,3.0,3.0,2.0,3.0,2.3204563242636e-05,1.0,8.259015239246e-06,0.0,2.0,0.0,1.4402999230736001e-05,1.4402999230736001e-05,1.5,1.0,0.3333333333333333,False,False,False,False,0,False,False,False
0x3ba3473ccf3a85a4e8b94d3064e81ae6e5a61b8e,2.0,0.0,0.0,1.0,1.0,0.00043303908817917205,165.39250099999998,2026-01-15 20:14:11+00:00,2026-01-15 20:19:11+00:00,2.0,2.0,1.0,2.0,0.00023669505838788397,1.0,0.00011416312375517,0.0,2.0,0.0,0.000236992214677378,0.000236992214677378,2.0,1.0,0.5,False,False,False,False,0,False,False,False
0x3bca1153ec6e1ff1fde4faa75073796b8d7fd7bc,4.0,1.0,0.0,3.0,1.0,0.000786354249410277,1753147.789915,2025-11-21 09:00:23+00:00,2025-11-28 21:32:47+00:00,1.3333333333333333,2.0,2.0,1.0,0.00022130319300000002,2.0,0.00022130319300000002,0.0,1.0,0.0,3.50778568e-05,3.50778568e-05,1.0,0.5,0.5,False,False,False,False,0,False,False,False
0x3bed81a2aad56160fecd9faa1d557aafc5331a83,1.0,0.0,0.0,1.0,1.0,6.148943741115e-06,99470.009937,2026-01-20 07:59:11+00:00,2026-01-20 07:59:11+00:00,1.0,1.0,1.0,1.0,2.311260404385e-06,1.0,2.311260404385e-06,0.0,0.0,0.0,0.0,0.0,1.0,1.0,1.0,False,False,False,False,0,False,False,False
0x3bf8c56331f3b2a82068488bd041d70a82d23f78,1.0,0.0,0.0,1.0,1.0,0.000265484478920892,263096.7001,2025-12-01 00:58:11+00:00,2025-12-01 00:58:11+00:00,1.0,2.0,2.0,2.0,0.0001167206250684,1.0,0.00010869544958844,0.0,0.0,0.0,0.0,0.0,1.0,2.0,1.0,False,False,False,False,0,False,False,False
0x3c02145bfc624e9ba77e5f8662aa87c53404a073,2.0,0.0,0.0,2.0,1.0,0.000133149192651988,950.452427,2026-02-04 17:32:35+00:00,2026-02-06 05:30:35+00:00,1.0,2.0,1.0,1.0,7.030969118400599e-05,2.0,7.030969118400599e-05,0.0,1.0,0.0,1.3443146410035e-05,0.0,2.0,1.0,1.0,False,False,False,False,0,False,False,False
0x3c1becc34a8aa87873873a09d284abf45dc95649,4.0,0.0,0.0,2.0,1.0,0.000866865858846718,7061.085894,2026-02-04 17:45:23+00:00,2026-02-11 21:55:23+00:00,2.0,2.0,2.0,2.0,0.000259976776471493,2.0,0.000259976776471493,0.0,1.0,0.0,0.000157879731142669,0.000157879731142669,1.0,0.5,0.5,False,False,False,False,0,False,False,False
0x3c48918a5f0dd4956c0ea0bad944c1494fe8ff87,1.0,0.0,0.0,1.0,1.0,5.849825865363e-06,2020.92834,2026-02-16 15:12:35+00:00,2026-02-16 15:12:35+00:00,1.0,14.0,8.0,9.0,0.000599908277812896,1.0,2.331108177238e-06,0.0,1.0,0.0,6.1927965178718e-05,6.1927965178718e-05,1.75,14.0,1.0,False,False,False,False,0,False,False,False
0x3c8e44178735c2e9e81674058b934b5650c81734,1.0,0.0,0.0,1.0,1.0,5.6415723094458e-05,18018.211339,2025-12-17 19:37:47+00:00,2025-12-17 19:37:47+00:00,1.0,5.0,2.0,3.0,0.000284285616557958,1.0,3.2005852982156e-05,0.0,0.0,0.0,0.0,0.0,2.5,5.0,1.0,False,False,False,False,0,False,False,False
0x3c9ea5c4fec2a77e23dd82539f4414266fe8f757,74.0,12.0,0.0,45.0,4.0,0.01696549909055808,157451498.948242,2025-11-01 01:04:35+00:00,2026-02-26 23:00:47+00:00,1.6444444444444444,11.0,4.0,3.0,0.001499605092649467,2.0,0.000236595528888958,138.0,4.0,0.0,0.003322610499353615,0.0,2.75,0.14864864864864866,0.02702702702702703,True,False,False,False,0,False,False,True
0x3cca904c36b7c0ea1652b06184c3908ddb5ca215,6.0,0.0,0.0,4.0,3.0,3.7865468305371e-05,190521.09089700002,2025-11-09 01:11:11+00:00,2026-01-28 11:34:59+00:00,1.5,12.0,8.0,5.0,0.000415816126370115,7.0,0.000164509659825545,0.0,2.0,0.0,0.000125536038155451,0.000125536038155451,1.5,2.0,1.1666666666666667,False,False,False,False,0,False,False,False
0x3cf61cc4f5e194e3ffd823434bbf7b823b934f45,1.0,0.0,0.0,1.0,1.0,0.000205782968847555,81443.024565,2025-11-11 20:24:11+00:00,2025-11-11 20:24:11+00:00,1.0,1.0,1.0,1.0,8.361026393236e-05,1.0,8.361026393236e-05,2.0,0.0,0.0,0.0,0.0,1.0,1.0,1.0,False,False,False,False,0,False,False,False
0x3cfae815829750b076586dbf201789dc6c5ef0a8,1.0,0.0,0.0,1.0,1.0,0.000240752220063006,20.0,2026-01-28 11:38:23+00:00,2026-01-28 11:38:23+00:00,1.0,1.0,1.0,1.0,0.00011926153683519,1.0,0.00011926153683519,0.0,0.0,0.0,0.0,0.0,1.0,1.0,1.0,False,False,False,False,0,False,False,False
0x3d10ed16c911cd22d100cbc00165c918a2df66bc,5.0,4.0,0.0,3.0,3.0,0.003483314760472498,11004796.322107,2025-11-20 00:11:47+00:00,2026-02-12 06:55:59+00:00,1.6666666666666667,3.0,3.0,1.0,0.00024510791339515,3.0,0.00024510791339515,2.0,2.0,0.0,0.004185081459874861,0.0,1.0,0.6,0.6,False,False,False,False,0,False,False,False
0x3d471c9548af7035e65f567eac32aa7047c9dfbf,1.0,0.0,0.0,1.0,1.0,0.00022599492439413,600000.0,2026-02-25 11:42:59+00:00,2026-02-25 11:42:59+00:00,1.0,1.0,1.0,1.0,0.00011409766314024,1.0,0.00011409766314024,0.0,0.0,0.0,0.0,0.0,1.0,1.0,1.0,False,False,False,False,0,False,False,False
0x3d4c07e42b140b60a8abdfda30d19b43672b0fa2,2.0,0.0,0.0,1.0,1.0,0.000189383,100000.0,2025-11-28 16:54:23+00:00,2025-11-28 17:24:23+00:00,2.0,4.0,1.0,3.0,0.000456444554602662,2.0,0.00024397934667144,2.0,0.0,0.0,0.0,0.0,4.0,2.0,1.0,False,False,False,False,0,False,False,False
0x3d698257a4fa20ac1f596db634eff685d2cedb42,1.0,0.0,0.0,1.0,1.0,1.6263927369015e-05,489.88,2026-02-01 19:42:59+00:00,2026-02-01 19:42:59+00:00,1.0,2.0,2.0,1.0,6.6362173558681e-05,0.0,0.0,3.0,0.0,0.0,0.0,0.0,1.0,2.0,0.0,False,False,False,False,0,False,False,False
0x3d6991085ab1ae3926cb96f25684c40a364b6856,1.0,0.0,0.0,1.0,1.0,1.6762491721255e-05,22.5,2026-02-13 02:28:11+00:00,2026-02-13 02:28:11+00:00,1.0,49.0,29.0,36.0,0.001294199037802469,1.0,8.89974538789e-06,0.0,1.0,0.0,3.1369878389196e-05,3.1369878389196e-05,1.6896551724137931,49.0,1.0,False,False,False,False,0,False,False,False
0x3da61b35ddebafe37964b0d1c0a8e801ccceb200,5.0,0.0,0.0,4.0,1.0,0.000140433513869556,2000.0,2025-12-16 11:31:59+00:00,2025-12-29 12:22:23+00:00,1.25,16.0,13.0,6.0,0.000365958640574613,2.0,3.705285984586e-06,0.0,0.0,0.0,0.0,0.0,1.2307692307692308,3.2,0.4,False,False,False,False,0,False,False,False
0x3da714a70451a1f9d62780ea8a93340ff2eba874,1.0,0.0,0.0,1.0,1.0,7.73741795181e-06,5000.0,2025-11-09 07:21:23+00:00,2025-11-09 07:21:23+00:00,1.0,7.0,5.0,5.0,2.499596065924e-05,1.0,4.01169149089e-06,0.0,0.0,0.0,0.0,0.0,1.4,7.0,1.0,False,False,False,False,0,False,False,False
0x3e1ce5ba3a78e56e81796a74c22831786d95c5a4,3.0,0.0,0.0,2.0,1.0,0.000335169165757703,500118.0,2025-11-03 07:30:59+00:00,2025-11-09 15:31:11+00:00,1.5,2.0,1.0,2.0,0.000106735918735071,1.0,5.3368529090931e-05,0.0,0.0,0.0,0.0,0.0,2.0,0.6666666666666666,0.3333333333333333,False,False,False,False,0,False,False,False
0x3e46baffa5613d5e3d00ded89d0a5b729c0f13eb,2.0,0.0,0.0,2.0,1.0,3.5685390066831e-05,2000.0,2026-02-14 09:08:59+00:00,2026-02-15 18:58:11+00:00,1.0,6.0,3.0,4.0,0.000230599712169912,1.0,1.0460900163656e-05,0.0,0.0,0.0,0.0,0.0,2.0,3.0,0.5,False,False,False,False,0,False,False,False
0x3e4ab259d4872c7ec91787bd35fde130264dbf46,1.0,0.0,0.0,1.0,1.0,0.00019920134463669,19993.775928,2026-01-02 20:29:47+00:00,2026-01-02 20:29:47+00:00,1.0,1.0,1.0,1.0,8.1568066261036e-05,1.0,8.1568066261036e-05,2.0,0.0,0.0,0.0,0.0,1.0,1.0,1.0,False,False,False,False,0,False,False,False
0x3e591db7fddf3ead878de2db751e2a9bfa152553,4.0,0.0,0.0,3.0,2.0,0.000422804267844195,1999327.191016,2025-11-10 19:24:47+00:00,2026-01-08 13:03:47+00:00,1.3333333333333333,13.0,8.0,5.0,0.000614181647583087,4.0,0.000206273743419191,0.0,0.0,0.0,0.0,0.0,1.625,3.25,1.0,False,False,False,False,0,False,False,False
0x3e72b58d0d0a6c30208f56cc217bed48638d41c1,2.0,0.0,0.0,1.0,1.0,5.593269110831e-06,1.8988360000000002,2025-12-24 06:33:11+00:00,2025-12-24 07:00:23+00:00,2.0,2.0,1.0,1.0,2.679981847263e-06,2.0,2.679981847263e-06,0.0,0.0,0.0,0.0,0.0,2.0,1.0,1.0,False,False,False,False,0,False,False,False
0x3edd3747fcc1e65ebb05e980ef56e7eaec11bf96,7.0,0.0,0.0,6.0,4.0,0.0008132417569996779,252578.40078899998,2025-11-07 21:03:59+00:00,2026-02-25 16:04:11+00:00,1.1666666666666667,2.0,2.0,1.0,0.00010729894953759,2.0,0.00010729894953759,4.0,2.0,0.0,0.003608195342942185,0.0,1.0,0.2857142857142857,0.2857142857142857,False,False,False,False,0,False,False,False
0x3efd6dae4295902987075467e62666bc9ff50ac5,4.0,4.0,0.0,2.0,1.0,0.001483202642763453,1983353.547939,2025-11-04 18:16:11+00:00,2025-11-10 17:02:47+00:00,2.0,1.0,1.0,1.0,1.362511597491e-05,0.0,0.0,3.0,2.0,0.0,0.0025463282277790747,0.0,1.0,0.25,0.0,False,False,False,False,0,False,False,False
0x3f0ca5ec9754cc9d5ae889b876a066f7c5b76d5d,2.0,1.0,0.0,2.0,1.0,1.1464269557388e-05,5011.8,2025-12-14 21:51:35+00:00,2025-12-17 09:55:23+00:00,1.0,6.0,4.0,2.0,0.000141392040007996,2.0,4.664239742952e-06,0.0,1.0,0.0,2.342665529135e-06,2.342665529135e-06,1.5,3.0,1.0,False,False,False,False,0,False,False,False
0x3f240539312fbaf1f01544f3be7d667c1ecbcb01,1.0,0.0,0.0,1.0,1.0,1.6490065828054e-05,102057.000101,2026-02-10 07:13:47+00:00,2026-02-10 07:13:47+00:00,1.0,1.0,1.0,1.0,7.90555384773e-06,1.0,7.90555384773e-06,0.0,0.0,0.0,0.0,0.0,1.0,1.0,1.0,False,False,False,False,0,False,False,False
0x3f30aac0f99464196a727c97dccf54f9f81332ee,1.0,0.0,0.0,1.0,1.0,0.0006519829471606,9613.58,2025-11-21 08:00:11+00:00,2025-11-21 08:00:11+00:00,1.0,0.0,0.0,0.0,0.0,0.0,0.0,1.0,1.0,0.0,8.043958151486e-05,0.0,0.0,0.0,0.0,False,False,False,False,0,False,False,False
0x3f34639387e4b34928b4ca50009d32c5f50dfc31,2.0,0.0,0.0,2.0,2.0,0.0015319368809225279,4537.692644,2026-01-31 17:50:35+00:00,2026-02-05 21:48:35+00:00,1.0,1.0,1.0,1.0,0.000813305860418724,1.0,0.000813305860418724,0.0,2.0,0.0,4.9713185375738e-05,0.0,1.0,0.5,0.5,False,False,False,False,0,False,False,False
0x3f71c0aff684ccdd84df06a88fa5c6c5725f07cd,7.0,0.0,0.0,7.0,3.0,0.000444441537207496,16318.432519,2025-12-26 18:47:35+00:00,2026-02-18 12:52:23+00:00,1.0,7.0,7.0,1.0,0.00022470754183826101,7.0,0.00022470754183826101,0.0,0.0,0.0,0.0,0.0,1.0,1.0,1.0,False,False,False,False,0,False,False,False
0x3f7d726196ea68d3fb05fb41a05fb33558cecd9c,1.0,0.0,0.0,1.0,1.0,3.96202928136e-06,5810.533786,2025-12-28 04:46:35+00:00,2025-12-28 04:46:35+00:00,1.0,1.0,1.0,1.0,1.426464282354e-06,1.0,1.426464282354e-06,1.0,1.0,0.0,0.000402115,0.0,1.0,1.0,1.0,False,False,False,False,0,False,False,False
0x3fb17c7f70c395dd483410593949a69373334fb2,2.0,0.0,0.0,1.0,1.0,0.000267299734298245,10758.39128,2025-11-14 04:48:35+00:00,2025-11-14 04:51:23+00:00,2.0,81.0,15.0,29.0,0.006123030543783912,3.0,0.000115464855171706,2.0,0.0,0.0,0.0,0.0,5.4,40.5,1.5,False,False,False,False,0,False,False,False
0x3fe22f213ca91cdf639bdd97036effea48da56e3,3.0,0.0,0.0,2.0,2.0,0.000647456125797351,200777.429404,2025-11-11 05:23:59+00:00,2025-12-01 02:47:23+00:00,1.5,3.0,2.0,2.0,0.00029841067807793,3.0,0.00029841067807793,0.0,0.0,0.0,0.0,0.0,1.5,1.0,1.0,False,False,False,False,0,False,False,False
0x3fe2461f7cb328629f2924993c6218748c740c83,1.0,0.0,0.0,1.0,1.0,4.677250762491e-06,50000.0,2025-12-22 19:30:35+00:00,2025-12-22 19:30:35+00:00,1.0,30.0,15.0,21.0,0.000516296281906104,1.0,2.359937000634e-06,0.0,1.0,0.0,2.520818458632e-06,2.520818458632e-06,2.0,30.0,1.0,False,False,False,False,0,False,False,False
0x3fe6cd4d554eb3caac25d1c5b2a48d825f3ae7dd,3.0,0.0,0.0,3.0,2.0,0.000600622959098751,8812.666569,2025-12-10 09:39:47+00:00,2026-01-23 07:39:59+00:00,1.0,3.0,2.0,1.0,0.000178563294542278,3.0,0.000178563294542278,1.0,1.0,0.0,0.0091821636556354,0.0,1.5,1.0,1.0,False,False,False,False,0,False,False,False
0x3fef3a3263f9effc6a1e412a150fe178f70f2a33,11.0,0.0,0.0,4.0,2.0,0.004966218262788915,1515174.670434,2026-01-12 11:37:47+00:00,2026-02-05 10:37:47+00:00,2.75,1.0,1.0,1.0,3.4939790830406e-05,0.0,0.0,1.0,1.0,0.0,0.001426795882080295,0.0,1.0,0.09090909090909091,0.0,False,False,False,False,0,False,False,False
0x40104aa95904bc0d6876e486f6cf15c70141ed70,2.0,0.0,0.0,2.0,2.0,0.00041555363296700404,54.020357000000004,2025-11-19 21:59:23+00:00,2026-02-01 22:44:35+00:00,1.0,1.0,1.0,1.0,0.000128170297644284,1.0,0.000128170297644284,0.0,0.0,0.0,0.0,0.0,1.0,0.5,0.5,False,False,False,False,0,False,False,False
0x40105d8e63877c41e8c37b1f7e1ba67bd8807be0,1.0,0.0,0.0,1.0,1.0,0.00021209126402589,400.076432,2025-11-12 03:36:11+00:00,2025-11-12 03:36:11+00:00,1.0,7.0,6.0,4.0,0.000865793848293104,1.0,8.182749054119e-05,1.0,2.0,0.0,0.000255284291729831,0.000119905142263298,1.1666666666666667,7.0,1.0,False,False,False,False,0,False,False,False
0x403a1419fcdd67845ec3b5f78f0468725d269007,1.0,0.0,0.0,1.0,1.0,1.2837484200861e-05,2200.0,2026-01-22 23:04:23+00:00,2026-01-22 23:04:23+00:00,1.0,1.0,1.0,1.0,5.44202091751e-06,1.0,5.44202091751e-06,3.0,0.0,0.0,0.0,0.0,1.0,1.0,1.0,False,False,False,False,0,False,False,False
0x403d37c861fb54b8f37a3a1870abce335954840b,3.0,0.0,0.0,3.0,1.0,7.285114711699701e-05,854344.578966,2025-11-04 10:58:35+00:00,2025-11-12 00:56:11+00:00,1.0,8.0,6.0,4.0,0.000216816685919664,2.0,3.9136368273146e-05,0.0,0.0,0.0,0.0,0.0,1.3333333333333333,2.6666666666666665,0.6666666666666666,False,False,False,False,0,False,False,False
0x4051f5d8be2b95949eb3f4f788c4a1feb75dc375,1.0,0.0,0.0,1.0,1.0,6.74083849442e-06,2.0,2026-02-19 11:55:47+00:00,2026-02-19 11:55:47+00:00,1.0,43.0,16.0,10.0,0.001064910343344884,2.0,4.309270129492e-06,0.0,1.0,1.0,4.447519120939e-06,4.447519120939e-06,2.6875,43.0,2.0,False,False,False,False,0,False,False,False
0x409f5aae0c7068700dfcbf8f1e1a8338354e91e9,1.0,0.0,0.0,1.0,1.0,0.000274145101988004,2684.0,2026-02-01 16:19:23+00:00,2026-02-01 16:19:23+00:00,1.0,1.0,1.0,1.0,0.000140859076177989,1.0,0.000140859076177989,0.0,1.0,0.0,7.6250006599789e-05,0.0,1.0,1.0,1.0,False,False,False,False,0,False,False,False
0x40f7c110bad0e0a928238f9c9d4d8b83abb81e1f,2.0,0.0,0.0,2.0,1.0,4.9537591988698e-05,9503.779899,2025-12-09 04:13:23+00:00,2025-12-11 16:41:23+00:00,1.0,5.0,3.0,3.0,0.000261881326122101,2.0,2.224317488135e-05,0.0,0.0,0.0,0.0,0.0,1.6666666666666667,2.5,1.0,False,False,False,False,0,False,False,False
0x41031457446f19fc7a07c5c5f135745a9801770d,1.0,0.0,0.0,1.0,1.0,0.000225332135572236,450000.084219,2025-12-23 09:08:23+00:00,2025-12-23 09:08:23+00:00,1.0,2.0,2.0,2.0,0.00022733400153866198,1.0,0.000113409836639432,0.0,1.0,0.0,0.00011762891611434,0.00011762891611434,1.0,2.0,1.0,False,False,False,False,0,False,False,False
0x4118563b35616912fd7a0000429e274acc436975,1.0,0.0,0.0,1.0,1.0,0.000118528301048355,4000.0,2025-12-27 07:04:23+00:00,2025-12-27 07:04:23+00:00,1.0,3.0,3.0,3.0,0.000225723714643154,0.0,0.0,4.0,0.0,0.0,0.0,0.0,1.0,3.0,0.0,False,False,False,False,0,False,False,False
0x4187b0d33de0770bab84008dc901e25b062d1826,1.0,0.0,0.0,1.0,1.0,0.00025176209493466,50.0,2026-01-16 16:01:35+00:00,2026-01-16 16:01:35+00:00,1.0,10.0,4.0,8.0,0.0025425073435054323,1.0,0.000121669310643314,0.0,0.0,0.0,0.0,0.0,2.5,10.0,1.0,False,False,False,False,0,False,False,False
0x41926dff8d4c21b569d53745c704688c183ae303,2.0,0.0,0.0,2.0,2.0,0.000426360885827338,1999413.879648,2025-11-25 03:22:59+00:00,2026-01-09 13:50:47+00:00,1.0,1.0,1.0,1.0,0.000102258621167256,1.0,0.000102258621167256,0.0,0.0,0.0,0.0,0.0,1.0,0.5,0.5,False,False,False,False,0,False,False,False
0x41bdd410169b32eda2f8cf3601e92a248abd5d1f,1.0,0.0,0.0,1.0,1.0,0.000229350570660673,5000.0,2026-01-08 11:02:35+00:00,2026-01-08 11:02:35+00:00,1.0,3.0,2.0,3.0,0.000298152233847726,1.0,9.9792575491284e-05,0.0,0.0,0.0,0.0,0.0,1.5,3.0,1.0,False,False,False,False,0,False,False,False
0x41c33d7c1f60b884af1b62019c47e8cedd079ce7,29.0,0.0,0.0,6.0,3.0,0.03135344367209977,399509.268611,2025-11-04 18:48:11+00:00,2026-02-23 19:03:11+00:00,4.833333333333333,4.0,3.0,1.0,0.001970676948042222,0.0,0.0,1.0,2.0,0.0,0.0047915059219567555,0.0,1.3333333333333333,0.13793103448275862,0.0,False,False,False,False,0,False,False,False
0x41c3428afeeca9de76ea55e8323cff09bd15cd84,1.0,0.0,0.0,1.0,1.0,0.000188898376388904,52452.922982,2025-11-27 06:41:35+00:00,2025-11-27 06:41:35+00:00,1.0,2.0,2.0,2.0,0.000206970030671856,0.0,0.0,1.0,0.0,0.0,0.0,0.0,1.0,2.0,0.0,False,False,False,False,0,False,False,False
0x4233ee7476826a74dc1257b6e47a175874bcadb1,2.0,0.0,0.0,1.0,1.0,2.6559535850796e-05,192400.701494,2025-12-11 06:58:11+00:00,2025-12-11 07:04:35+00:00,2.0,1.0,1.0,1.0,6.244846029306e-06,1.0,6.244846029306e-06,0.0,0.0,0.0,0.0,0.0,1.0,0.5,0.5,False,False,False,False,0,False,False,False
0x4263df45b2958650542edc7abdf89ef7994d317a,2.0,0.0,0.0,2.0,2.0,2.4975942189307e-05,15.359629,2026-01-04 02:27:47+00:00,2026-02-22 00:24:23+00:00,1.0,2.0,2.0,1.0,1.3436077772522e-05,2.0,1.3436077772522e-05,0.0,0.0,0.0,0.0,0.0,1.0,1.0,1.0,False,False,False,False,0,False,False,False
0x4282db278ae17efac10af310a95a332e90ab6460,4.0,0.0,0.0,4.0,2.0,0.000131796191900792,13334.805695,2026-01-14 07:45:23+00:00,2026-02-26 21:23:35+00:00,1.0,1.0,1.0,1.0,3.119106291848e-06,1.0,3.119106291848e-06,2.0,1.0,0.0,0.000178367507573235,0.0,1.0,0.25,0.25,False,False,False,False,0,False,False,False
0x428407356dfedad091861b977e2ca1dcf0ef6c0d,1.0,0.0,0.0,1.0,1.0,5.9894108427923e-05,52.082,2025-11-16 23:05:35+00:00,2025-11-16 23:05:35+00:00,1.0,0.0,0.0,0.0,0.0,0.0,0.0,1.0,0.0,0.0,0.0,0.0,0.0,0.0,0.0,False,False,False,False,0,False,False,False
0x4298a1d565c1d1fd68d630f7867c326c358406a2,4.0,0.0,0.0,4.0,3.0,0.001300518855232996,3538.441391,2025-11-13 18:44:59+00:00,2026-02-05 14:06:47+00:00,1.0,1.0,1.0,1.0,0.000208579060457248,1.0,0.000208579060457248,2.0,1.0,0.0,0.00170724366637359,0.0,1.0,0.25,0.25,False,False,False,False,0,False,False,False
0x42d928964e71ebaf636c3b2c49ffcca7d26f96fa,1.0,0.0,0.0,1.0,1.0,9.966491924454e-06,71234.64,2025-11-12 11:01:11+00:00,2025-11-12 11:01:11+00:00,1.0,3.0,1.0,1.0,1.6928791772609998e-05,3.0,1.6928791772609998e-05,0.0,0.0,0.0,0.0,0.0,3.0,3.0,3.0,False,False,False,False,0,False,False,False
0x42e6300d8d5c1531996b8d567528147761c76d39,19.0,0.0,0.0,6.0,2.0,0.0039536811448817434,880931.168403,2025-11-02 05:10:11+00:00,2025-12-30 07:09:11+00:00,3.1666666666666665,92.0,20.0,15.0,0.012711048024591812,6.0,0.000240847735645096,35.0,2.0,2.0,0.000297135488837705,3.949186229845e-05,4.6,4.842105263157895,0.3157894736842105,False,False,False,False,0,False,False,False
0x42f4d99f4166bc57d1069ee77bf5768787d31136,1.0,0.0,0.0,1.0,1.0,9.734077682856e-06,65000.0,2026-02-07 20:42:11+00:00,2026-02-07 20:42:11+00:00,1.0,7.0,1.0,5.0,0.000155343974310899,1.0,5.895584296296e-06,0.0,1.0,0.0,8.908676226023e-06,8.908676226023e-06,7.0,7.0,1.0,False,False,False,False,0,False,False,False
0x4303c46c71f6e48eaa96ab3f194b79fac082e46a,1.0,0.0,0.0,1.0,1.0,0.00011524930690975,28603.01,2026-02-18 19:23:47+00:00,2026-02-18 19:23:47+00:00,1.0,5.0,5.0,2.0,0.00052702380049937,0.0,0.0,28.0,0.0,0.0,0.0,0.0,1.0,5.0,0.0,False,False,False,False,0,False,False,False
0x433dbc36b343e73c5ccfaa4a93cf29e3ffd4876f,1.0,0.0,0.0,1.0,1.0,0.000198458371267596,6964.48489,2025-11-09 11:18:59+00:00,2025-11-09 11:18:59+00:00,1.0,1.0,1.0,1.0,8.056890291633e-05,1.0,8.056890291633e-05,3.0,0.0,0.0,0.0,0.0,1.0,1.0,1.0,False,False,False,False,0,False,False,False
0x4368927f8621e4965d9509bb28d4f9a2493fac95,15.0,0.0,0.0,3.0,2.0,0.004044187456610223,288085.830211,2025-11-21 12:32:35+00:00,2026-02-24 14:44:47+00:00,5.0,11.0,9.0,6.0,0.000873995059085746,1.0,8.8160076833302e-05,1.0,1.0,0.0,0.00244803537334238,0.0,1.2222222222222223,0.7333333333333333,0.06666666666666667,False,False,False,False,0,False,False,False
0x437cd9feb9740b4efb4800c5cc3cea36dacca066,1.0,0.0,0.0,1.0,1.0,0.000210707176011188,2000.0,2025-11-08 05:44:23+00:00,2025-11-08 05:44:23+00:00,1.0,0.0,0.0,0.0,0.0,0.0,0.0,3.0,2.0,0.0,0.00018793725384855898,0.0,0.0,0.0,0.0,False,False,False,False,0,False,False,False
0x438537f6663f57c3d8544eebaa068d58955b1269,1.0,0.0,0.0,1.0,1.0,1.3076295965676e-05,2207.505743,2025-12-18 09:41:47+00:00,2025-12-18 09:41:47+00:00,1.0,1.0,1.0,1.0,5.214020610782e-06,1.0,5.214020610782e-06,1.0,1.0,0.0,0.0001074278669264,0.0,1.0,1.0,1.0,False,False,False,False,0,False,False,False
0x43fcc6aa43f9619d9935e86c92fb7de06114dcb3,3.0,0.0,0.0,2.0,2.0,0.00314645861801492,149646.638951,2026-01-31 18:54:35+00:00,2026-02-05 19:12:47+00:00,1.5,0.0,0.0,0.0,0.0,0.0,0.0,5.0,2.0,0.0,0.0009863884787900449,0.0,0.0,0.0,0.0,False,False,False,False,0,False,False,False
0x441bba9e47c9bbd3585b1cbd84e1aabd995b9ddb,12.0,0.0,0.0,4.0,1.0,0.003212165553591311,107116.279124,2026-02-05 06:13:23+00:00,2026-02-16 17:10:23+00:00,3.0,9.0,6.0,3.0,0.001020939712677682,3.0,0.000277755960677844,0.0,1.0,0.0,0.000125205441767983,0.000125205441767983,1.5,0.75,0.25,False,False,False,False,0,False,False,False
0x4421dc700a97283b49f482f40120222d74be508c,5.0,0.0,0.0,4.0,2.0,0.002580643610438706,14488.113057999999,2026-01-21 12:59:59+00:00,2026-02-05 17:16:11+00:00,1.25,0.0,0.0,0.0,0.0,0.0,0.0,1.0,1.0,0.0,9.8827327157832e-05,0.0,0.0,0.0,0.0,False,False,False,False,0,False,False,False
0x443aa3d06c877f8225d032c3fbe489955518d8c3,1.0,0.0,0.0,1.0,1.0,4.1690528449114e-05,1.0,2025-11-03 23:30:59+00:00,2025-11-03 23:30:59+00:00,1.0,4.0,1.0,4.0,0.000178002727524882,1.0,1.8122170631236e-05,0.0,0.0,0.0,0.0,0.0,4.0,4.0,1.0,False,False,False,False,0,False,False,False
0x445141eebfc40754af3aee5c2012aef719155c3b,1.0,0.0,0.0,1.0,1.0,3.077777442413e-06,99768.000309,2025-12-31 06:13:35+00:00,2025-12-31 06:13:35+00:00,1.0,1.0,1.0,1.0,1.410653085825e-06,1.0,1.410653085825e-06,0.0,0.0,0.0,0.0,0.0,1.0,1.0,1.0,False,False,False,False,0,False,False,False
0x446f8da30fbde47f85259b8c1c662fac7fee69e4,3.0,0.0,0.0,3.0,3.0,9.1134291352083e-05,1973869.99019,2025-11-20 15:28:35+00:00,2026-01-09 22:11:11+00:00,1.0,1.0,1.0,1.0,4.0447666513521e-05,1.0,4.0447666513521e-05,0.0,0.0,0.0,0.0,0.0,1.0,0.3333333333333333,0.3333333333333333,False,False,False,False,0,False,False,False
0x44a105df45c583515ccc7cffd1c187dd70479717,5.0,0.0,0.0,3.0,1.0,0.001134931466440112,30076.0,2025-11-02 16:46:11+00:00,2025-11-06 21:47:47+00:00,1.6666666666666667,0.0,0.0,0.0,0.0,0.0,0.0,1.0,1.0,0.0,0.002592748635638725,0.0,0.0,0.0,0.0,False,False,False,False,0,False,False,False
0x450c23a624d4fbde47895fce6e9851442c4f3b5a,1.0,0.0,0.0,1.0,1.0,0.00028061936865283,100.0,2025-12-01 00:28:59+00:00,2025-12-01 00:28:59+00:00,1.0,3.0,3.0,3.0,0.000311624562658356,1.0,0.000139538144856824,0.0,0.0,0.0,0.0,0.0,1.0,3.0,1.0,False,False,False,False,0,False,False,False
0x4518fcf37d8b2690847e91c244757cc649575095,9.0,1.0,0.0,6.0,2.0,0.008766511958531637,29015.713643000003,2025-11-04 14:23:47+00:00,2026-02-08 13:22:47+00:00,1.5,9.0,5.0,6.0,0.012908747632999885,3.0,0.000418373426121909,4.0,3.0,0.0,0.000130100198873628,0.0,1.8,1.0,0.3333333333333333,False,False,False,False,0,False,False,False
0x45355e5d5f5fae929d886170c3ad084967b3fc63,6.0,1.0,0.0,2.0,1.0,0.000593628593484068,11464.356953999999,2025-11-04 20:12:35+00:00,2025-11-13 10:56:47+00:00,3.0,2.0,2.0,1.0,0.00032645959082213603,2.0,0.00032645959082213603,0.0,1.0,0.0,5.5544405483191e-05,0.0,1.0,0.3333333333333333,0.3333333333333333,False,False,False,False,0,False,False,False
0x4544e2fae244ea4ca20d075bb760561ce5990dc3,9.0,0.0,0.0,8.0,4.0,0.00192632090352391,8169999.79,2025-11-04 08:07:11+00:00,2026-02-08 02:20:47+00:00,1.125,51.0,9.0,26.0,0.005298704837287688,4.0,0.000749293669448109,1.0,0.0,0.0,0.0,0.0,5.666666666666667,5.666666666666667,0.4444444444444444,False,False,False,False,0,False,False,False
0x45604451a760ebe61ed27a48e5d5bfee6eac12b8,9.0,0.0,0.0,5.0,2.0,0.00194547501935395,7100.656548999999,2025-12-02 05:09:59+00:00,2026-01-27 03:35:35+00:00,1.8,4.0,2.0,2.0,0.000291692127107156,3.0,0.00027298235440891,0.0,1.0,0.0,0.000117026633105906,0.000117026633105906,2.0,0.4444444444444444,0.3333333333333333,False,False,False,False,0,False,False,False
0x458a07cca19782640a9d3631b575fecfdca298b7,1.0,0.0,0.0,1.0,1.0,0.000232597994775456,4997.4,2025-11-11 05:27:59+00:00,2025-11-11 05:27:59+00:00,1.0,1.0,1.0,1.0,0.000116841144763336,1.0,0.000116841144763336,0.0,0.0,0.0,0.0,0.0,1.0,1.0,1.0,False,False,False,False,0,False,False,False
0x463b874e293da72d6fe354c1ed2f64acb473bb04,1.0,0.0,0.0,1.0,1.0,3.3147017583575e-05,100000.000099,2026-02-10 15:06:23+00:00,2026-02-10 15:06:23+00:00,1.0,3.0,3.0,3.0,3.7191894271964996e-05,1.0,1.5378970314402e-05,0.0,0.0,0.0,0.0,0.0,1.0,3.0,1.0,False,False,False,False,0,False,False,False
0x4649600c339771cb0caf8473a311d2b73ee1e49f,4.0,3.0,0.0,2.0,2.0,0.000405287846720745,90683.28941200001,2025-12-23 12:34:11+00:00,2026-02-13 15:34:47+00:00,2.0,12.0,8.0,6.0,0.000461895480875247,3.0,7.206816164708e-05,0.0,1.0,0.0,4.243851806967e-06,4.243851806967e-06,1.5,3.0,0.75,False,False,False,False,0,False,False,False
0x4693e607db39fc3f5a5058ab983beb3d7e51d781,1.0,0.0,0.0,1.0,1.0,4.4206644517926e-05,34778.161286,2025-11-05 10:46:11+00:00,2025-11-05 10:46:11+00:00,1.0,2.0,2.0,2.0,0.00087617852355717,1.0,2.2302349589854e-05,0.0,0.0,0.0,0.0,0.0,1.0,2.0,1.0,False,False,False,False,0,False,False,False
0x46e3420d02d628d3781fa16149e741bcb97da055,1.0,0.0,0.0,1.0,1.0,7.4065014790148e-05,1.0,2025-11-13 03:44:35+00:00,2025-11-13 03:44:35+00:00,1.0,19.0,13.0,10.0,0.000709014909040189,1.0,3.6891633788852e-05,0.0,1.0,0.0,3.5893530640326e-05,3.5893530640326e-05,1.4615384615384615,19.0,1.0,False,False,False,False,0,False,False,False
0x46f996328bf027cc2daa8bcf77c3a1d064a8a383,7.0,0.0,0.0,6.0,1.0,3.7469789890813e-05,44166.53988,2026-02-18 02:27:47+00:00,2026-02-28 08:21:47+00:00,1.1666666666666667,2.0,2.0,2.0,0.00027304144980546503,0.0,0.0,1.0,2.0,0.0,0.000797418719178515,0.0,1.0,0.2857142857142857,0.0,False,False,False,False,0,False,False,False
0x46fb265509ab9e2e24c9b9f0f4321a463c7ea0f6,1.0,0.0,0.0,1.0,1.0,0.000245355303927086,20.0,2026-01-27 21:36:47+00:00,2026-01-27 21:36:47+00:00,1.0,0.0,0.0,0.0,0.0,0.0,0.0,1.0,1.0,0.0,0.000120920621794183,0.000120920621794183,0.0,0.0,0.0,False,False,False,False,0,False,False,False
0x46fbe927387ddc8a9432eeb5c5d0cd69f5a541df,1.0,0.0,0.0,1.0,1.0,0.000187085639125,12.283758,2026-01-08 02:35:11+00:00,2026-01-08 02:35:11+00:00,1.0,0.0,0.0,0.0,0.0,0.0,0.0,1.0,0.0,0.0,0.0,0.0,0.0,0.0,0.0,False,False,False,False,0,False,False,False
0x46fca45b21f0841cd9e32434594f114992e131d7,8.0,2.0,0.0,8.0,2.0,0.000803174660491033,1109.658871,2025-11-05 06:05:23+00:00,2026-02-06 21:44:23+00:00,1.0,0.0,0.0,0.0,0.0,0.0,0.0,1.0,1.0,0.0,0.000300970750549785,0.0,0.0,0.0,0.0,False,False,False,False,0,False,False,False
0x4702e7991a5ef450c344f9fdcc8c192dd083ec5f,4.0,0.0,0.0,3.0,2.0,1.4374741522271e-05,183797.965754,2025-12-27 04:12:59+00:00,2026-01-06 04:58:23+00:00,1.3333333333333333,4.0,3.0,1.0,7.12427338656e-06,4.0,7.12427338656e-06,0.0,0.0,0.0,0.0,0.0,1.3333333333333333,1.0,1.0,False,False,False,False,0,False,False,False
0x470671b404b762b53c9e036e791dee7f62749efd,1.0,0.0,0.0,1.0,1.0,0.000238915174151333,4999.807343,2025-11-07 12:29:59+00:00,2025-11-07 12:29:59+00:00,1.0,8.0,4.0,4.0,0.00025451741142558403,2.0,0.00019469410810869,0.0,0.0,0.0,0.0,0.0,2.0,8.0,2.0,False,False,False,False,0,False,False,False
0x479908b073ecf783af313ec8ddc84fd77a4daf4b,1.0,0.0,0.0,1.0,1.0,0.00018739145034099,2409.623718,2026-02-23 20:37:11+00:00,2026-02-23 20:37:11+00:00,1.0,0.0,0.0,0.0,0.0,0.0,0.0,1.0,1.0,0.0,0.000105611018483228,0.0,0.0,0.0,0.0,False,False,False,False,0,False,False,False
0x47a0122378faad99f8cd897505ffd45b747c20fc,17.0,0.0,0.0,5.0,2.0,0.001952204183507921,14931.459013,2026-01-31 20:21:23+00:00,2026-02-04 14:56:35+00:00,3.4,1.0,1.0,1.0,0.000120547014749118,0.0,0.0,1.0,0.0,0.0,0.0,0.0,1.0,0.058823529411764705,0.0,False,False,False,False,0,False,False,False
0x47b1917e1703db22087b2807a6278e6e31c3b75d,3.0,0.0,0.0,3.0,2.0,0.000331681908676,40124.35607,2026-01-27 09:42:23+00:00,2026-02-11 11:01:47+00:00,1.0,2.0,2.0,2.0,4.3271970226765004e-05,1.0,4.543135791792e-06,0.0,0.0,0.0,0.0,0.0,1.0,0.6666666666666666,0.3333333333333333,False,False,False,False,0,False,False,False
0x47cb26091faed1590807f76ac3c0d8708be0e261,1.0,0.0,0.0,1.0,1.0,0.000339989591071236,10000.0,2026-02-03 19:13:23+00:00,2026-02-03 19:13:23+00:00,1.0,1.0,1.0,1.0,0.000187611312516308,1.0,0.000187611312516308,0.0,1.0,0.0,0.000160086044067422,0.0,1.0,1.0,1.0,False,False,False,False,0,False,False,False
0x47cec4dac40d8f39dc51e8b85c2f0ec3b59af441,1.0,0.0,0.0,1.0,1.0,0.000202551825577062,1006.8804,2026-01-30 04:25:47+00:00,2026-01-30 04:25:47+00:00,1.0,8.0,5.0,7.0,0.001622535721599914,1.0,0.000117239541932818,0.0,0.0,0.0,0.0,0.0,1.6,8.0,1.0,False,False,False,False,0,False,False,False
0x4816cc7863d783c092f5b2aa797636ba60aca968,1.0,0.0,0.0,1.0,1.0,0.000247791094179492,15995.0,2025-12-31 09:53:23+00:00,2025-12-31 09:53:23+00:00,1.0,1.0,1.0,1.0,0.000108466236629586,1.0,0.000108466236629586,1.0,0.0,0.0,0.0,0.0,1.0,1.0,1.0,False,False,False,False,0,False,False,False
0x482b75d4bdf60969e8bf7949ef0d92bd2548ea14,2.0,0.0,0.0,2.0,1.0,0.00038950581721580203,218797.083698,2025-11-11 04:46:47+00:00,2025-11-12 04:01:11+00:00,1.0,3.0,2.0,1.0,0.000256291687329124,3.0,0.000256291687329124,0.0,0.0,0.0,0.0,0.0,1.5,1.5,1.5,False,False,False,False,0,False,False,False
0x48315e4eaaf8ac8775345bb53daa13bbf0097522,1.0,0.0,0.0,1.0,1.0,0.0001384544061616,11189.103455,2026-02-05 13:07:11+00:00,2026-02-05 13:07:11+00:00,1.0,1.0,1.0,1.0,0.00020973040929477,0.0,0.0,1.0,0.0,0.0,0.0,0.0,1.0,1.0,0.0,False,False,False,False,0,False,False,False
0x483571e53d63894bfdeae4ac5ba5bf0e8acfd1a2,1.0,0.0,0.0,1.0,1.0,4.870510939223e-06,99470.009937,2026-01-20 07:58:47+00:00,2026-01-20 07:58:47+00:00,1.0,1.0,1.0,1.0,2.427303053295e-06,1.0,2.427303053295e-06,0.0,0.0,0.0,0.0,0.0,1.0,1.0,1.0,False,False,False,False,0,False,False,False
0x485122ba0b6b211b9276ad92d5884b7a1c6c40d1,1.0,0.0,0.0,1.0,1.0,3.168673644613e-06,99868.01082,2025-12-31 07:05:59+00:00,2025-12-31 07:05:59+00:00,1.0,1.0,1.0,1.0,1.383912873525e-06,1.0,1.383912873525e-06,0.0,0.0,0.0,0.0,0.0,1.0,1.0,1.0,False,False,False,False,0,False,False,False
0x485612556c3583668fa9ca70c8aedec5da0348ed,3.0,0.0,0.0,2.0,2.0,0.000387519126976686,3278.056947,2025-11-05 01:32:23+00:00,2026-01-05 22:30:23+00:00,1.5,2.0,2.0,1.0,8.040858985868401e-05,2.0,8.040858985868401e-05,3.0,0.0,0.0,0.0,0.0,1.0,0.6666666666666666,0.6666666666666666,False,False,False,False,0,False,False,False
0x485c5e73c9ce9839ca21ba371bdbe645ae1f9a9b,1.0,0.0,0.0,1.0,1.0,0.000229438483980475,195800.0,2026-02-16 16:45:59+00:00,2026-02-16 16:45:59+00:00,1.0,10.0,3.0,7.0,0.0036795059189986858,1.0,0.000100021578429762,0.0,0.0,0.0,0.0,0.0,3.3333333333333335,10.0,1.0,False,False,False,False,0,False,False,False
0x48a9789428f2067338d02b1ef3612df64f05feb7,1.0,0.0,0.0,1.0,1.0,0.0003588777875274,2000.0,2026-01-19 00:21:23+00:00,2026-01-19 00:21:23+00:00,1.0,33.0,20.0,12.0,0.008270931170874149,1.0,0.00022254306895073,0.0,0.0,0.0,0.0,0.0,1.65,33.0,1.0,False,False,False,False,0,False,False,False
0x48cd1026246ec008c8fbf8d8ab298e5991ffa2e7,3.0,0.0,0.0,1.0,1.0,0.00011492830412848399,131656.068961,2025-11-05 04:58:11+00:00,2025-11-05 05:36:59+00:00,3.0,4.0,2.0,2.0,7.01152682488e-05,3.0,6.0073570828992004e-05,1.0,3.0,0.0,7.1456330395257e-05,2.5797794742046e-05,2.0,1.3333333333333333,1.0,False,False,False,False,0,False,False,False
0x48d21c75882c53cd95eaa228d7051c2b8301dadc,2.0,0.0,0.0,1.0,1.0,2.7548645775444e-05,1220.0,2025-12-31 13:10:23+00:00,2025-12-31 13:39:11+00:00,2.0,3.0,1.0,2.0,1.6286487243378002e-05,1.0,5.786181214964e-06,0.0,1.0,0.0,5.9042198973632e-05,5.9042198973632e-05,3.0,1.5,0.5,False,False,False,False,0,False,False,False
0x48f5c9911fd6bced50c2799919ef989c18954baa,4.0,0.0,0.0,1.0,1.0,0.001689887248839004,135000.0,2025-11-07 11:23:47+00:00,2025-11-07 14:06:11+00:00,4.0,11.0,7.0,7.0,0.0005939388117313259,1.0,0.00026942156150549,0.0,1.0,0.0,0.000250679691405034,0.000250679691405034,1.5714285714285714,2.75,0.25,False,False,False,False,0,False,False,False
0x48fb11f0004c09656abad8687515a352ab4ba775,1.0,0.0,0.0,1.0,1.0,0.000209354570645895,28590.58749,2026-02-25 21:27:47+00:00,2026-02-25 21:27:47+00:00,1.0,2.0,1.0,2.0,0.000145252867284513,1.0,0.000116828067902688,0.0,1.0,0.0,0.00289333527720887,0.0,2.0,2.0,1.0,False,False,False,False,0,False,False,False
0x494d1643986ae3af2dacbbabc75b6ed0fbbd036d,4.0,0.0,0.0,3.0,2.0,4.1414529065128e-05,15443.07,2025-11-11 06:19:23+00:00,2026-01-15 04:04:23+00:00,1.3333333333333333,38.0,9.0,17.0,0.0010410415916318229,1.0,6.943637515154e-06,0.0,0.0,0.0,0.0,0.0,4.222222222222222,9.5,0.25,False,False,False,False,0,False,False,False
0x4999ce47bd9d6cffe27d7720b6e64e69dc58d48b,1.0,0.0,0.0,1.0,1.0,9.0544068418984e-05,901909.649833,2025-12-01 16:11:59+00:00,2025-12-01 16:11:59+00:00,1.0,1.0,1.0,1.0,5.0251212145503e-05,1.0,5.0251212145503e-05,0.0,1.0,0.0,6.694322382351e-06,6.694322382351e-06,1.0,1.0,1.0,False,False,False,False,0,False,False,False
0x49f428eae744fe910ad3306b446e5ff9a4a12138,1.0,0.0,0.0,1.0,1.0,7.1581519729587e-05,21.718036,2025-12-10 17:02:47+00:00,2025-12-10 17:02:47+00:00,1.0,1.0,1.0,1.0,3.242636251695e-05,1.0,3.242636251695e-05,0.0,0.0,0.0,0.0,0.0,1.0,1.0,1.0,False,False,False,False,0,False,False,False
0x49f4527e1443c86eabf22ead1e4bba36eea9ebf2,7.0,0.0,0.0,5.0,2.0,0.000106660499336743,128505.0,2025-12-15 19:15:35+00:00,2026-01-17 13:42:11+00:00,1.4,64.0,28.0,13.0,0.002217425899404597,2.0,1.3141039420783e-05,0.0,1.0,0.0,3.731952436397e-06,3.731952436397e-06,2.2857142857142856,9.142857142857142,0.2857142857142857,False,False,False,False,0,False,False,False
0x4a0630b2036fdb7efa154c01aa80178288d3de80,1.0,0.0,0.0,1.0,1.0,5.9638412614862e-05,2575.07756,2026-01-26 06:03:35+00:00,2026-01-26 06:03:35+00:00,1.0,2.0,1.0,2.0,3.1370504314159e-05,1.0,2.976263557003e-05,0.0,0.0,0.0,0.0,0.0,2.0,2.0,1.0,False,False,False,False,0,False,False,False
0x4a412015adbbda779345ce3401f9fe19a9026ccd,76.0,2.0,0.0,29.0,4.0,0.025667819246073236,63692.240377,2025-11-03 03:54:59+00:00,2026-02-10 13:17:59+00:00,2.6206896551724137,0.0,0.0,0.0,0.0,0.0,0.0,8.0,1.0,0.0,0.000913075761468425,0.0,0.0,0.0,0.0,True,False,False,False,0,False,False,True
0x4a65512fbc1b03e01882165041c7adaa2386739f,1.0,0.0,0.0,1.0,1.0,6.526307629818e-06,6e-06,2025-12-18 16:28:11+00:00,2025-12-18 16:28:11+00:00,1.0,12.0,10.0,6.0,0.00018194792840247302,1.0,3.312249486975e-06,1.0,1.0,0.0,1.7497511530831e-05,1.7497511530831e-05,1.2,12.0,1.0,False,False,False,False,0,False,False,False
0x4a75afb7150e01aeb3e74491638bc90f0739549e,1.0,0.0,0.0,1.0,1.0,0.000205572251233843,200000.0,2025-11-08 23:40:35+00:00,2025-11-08 23:40:35+00:00,1.0,4.0,2.0,3.0,0.000344210320826817,1.0,9.8619696760454e-05,0.0,0.0,0.0,0.0,0.0,2.0,4.0,1.0,False,False,False,False,0,False,False,False
0x4a7709e60820b28f11eb92bad9f34d1d9e34d8b2,4.0,0.0,0.0,1.0,1.0,0.001292537733362382,124879.732839,2025-11-21 09:27:23+00:00,2025-11-21 09:52:23+00:00,4.0,0.0,0.0,0.0,0.0,0.0,0.0,1.0,1.0,0.0,0.002274852838256795,0.0,0.0,0.0,0.0,False,False,False,False,0,False,False,False
0x4a8e4187f08bf0fdaaf86fa8579633486ba15f18,1.0,0.0,0.0,1.0,1.0,2.889664612666e-06,100067.009904,2025-12-31 07:05:35+00:00,2025-12-31 07:05:35+00:00,1.0,1.0,1.0,1.0,1.31048884086e-06,1.0,1.31048884086e-06,0.0,0.0,0.0,0.0,0.0,1.0,1.0,1.0,False,False,False,False,0,False,False,False
0x4aa21400c1d085cf60a7002499d75cbb3a69b1ab,1.0,1.0,0.0,1.0,1.0,0.000493326473032162,960.576067,2026-01-18 10:12:59+00:00,2026-01-18 10:12:59+00:00,1.0,4.0,4.0,2.0,0.0018354494843510411,1.0,0.000113343499921576,0.0,1.0,0.0,0.00263123334623424,0.0,1.0,4.0,1.0,False,False,False,False,0,False,False,False
0x4ab8dc80f13fd5b225017172f8d1344a69c40bc3,1.0,0.0,0.0,1.0,1.0,1.050967798386e-05,4580.786731,2025-11-11 06:02:11+00:00,2025-11-11 06:02:11+00:00,1.0,1.0,1.0,1.0,4.299802319478e-06,1.0,4.299802319478e-06,1.0,1.0,0.0,0.00013130715806642,0.0,1.0,1.0,1.0,False,False,False,False,0,False,False,False
0x4aca2a6253d977afef31bb09843aec48d654c137,1.0,0.0,0.0,1.0,1.0,3.077777442413e-06,92896.26996,2025-12-31 06:13:35+00:00,2025-12-31 06:13:35+00:00,1.0,1.0,1.0,1.0,1.410653085825e-06,1.0,1.410653085825e-06,0.0,0.0,0.0,0.0,0.0,1.0,1.0,1.0,False,False,False,False,0,False,False,False
0x4ad2e13dca11e38c929effc525a69b808f54fbcb,1.0,0.0,0.0,1.0,1.0,1.6980676071508e-05,1.100234,2026-01-12 09:22:23+00:00,2026-01-12 09:22:23+00:00,1.0,2.0,2.0,2.0,1.8090552328662e-05,1.0,8.586266936282e-06,0.0,0.0,0.0,0.0,0.0,1.0,2.0,1.0,False,False,False,False,0,False,False,False
0x4b6b2fc70219c70d1456b7501e5e4dfd853fd28a,17.0,1.0,0.0,13.0,4.0,0.005332249890746065,43181.46129,2025-11-03 13:00:23+00:00,2026-02-06 07:54:35+00:00,1.3076923076923077,0.0,0.0,0.0,0.0,0.0,0.0,1.0,1.0,0.0,0.00544629559562901,0.0,0.0,0.0,0.0,False,False,False,False,0,False,False,False
0x4b8319694643ca81c826804755a0a1600c5b12cc,1.0,0.0,0.0,1.0,1.0,1.620258356274e-05,499.4253,2026-02-05 09:43:23+00:00,2026-02-05 09:43:23+00:00,1.0,1.0,1.0,1.0,1.3088527279798e-05,1.0,1.3088527279798e-05,0.0,0.0,0.0,0.0,0.0,1.0,1.0,1.0,False,False,False,False,0,False,False,False
0x4b88d20f4a817483348820c9509accb0156abd28,1.0,0.0,0.0,1.0,1.0,0.000325428080801628,294484.254056,2026-01-15 14:50:11+00:00,2026-01-15 14:50:11+00:00,1.0,1.0,1.0,1.0,2.2868950680842e-05,1.0,2.2868950680842e-05,0.0,0.0,0.0,0.0,0.0,1.0,1.0,1.0,False,False,False,False,0,False,False,False
0x4ba04839c7eae3feb6f1085e584a25844ecf47d0,8.0,0.0,0.0,4.0,3.0,0.006512554412390518,42362.013268,2025-11-21 14:20:47+00:00,2026-02-05 21:40:59+00:00,2.0,2.0,1.0,1.0,0.000130421232646878,2.0,0.000130421232646878,0.0,2.0,0.0,1.5200061209697e-05,0.0,2.0,0.25,0.25,False,False,False,False,0,False,False,False
0x4bad4cfe907c55e228cb5a65754dac70b1122447,1.0,0.0,0.0,1.0,1.0,6.362951946169e-06,73361.047058,2026-01-20 08:00:11+00:00,2026-01-20 08:00:11+00:00,1.0,1.0,1.0,1.0,2.791998582195e-06,1.0,2.791998582195e-06,0.0,0.0,0.0,0.0,0.0,1.0,1.0,1.0,False,False,False,False,0,False,False,False
0x4bcb11ca92aef6c0990fcf322af20f8e9e384441,1.0,0.0,0.0,1.0,1.0,0.000278614952717134,5.0,2026-02-06 09:32:11+00:00,2026-02-06 09:32:11+00:00,1.0,2.0,1.0,2.0,0.00066957380117129,1.0,0.000131051066122118,0.0,0.0,0.0,0.0,0.0,2.0,2.0,1.0,False,False,False,False,0,False,False,False
0x4be80a823e619ef57a61cc19b6bfb72974df0604,1.0,0.0,0.0,1.0,1.0,1.2425200795512e-05,5000.0,2025-11-09 18:29:59+00:00,2025-11-09 18:29:59+00:00,1.0,2.0,2.0,2.0,1.825738146308e-05,1.0,7.09966787828e-06,0.0,0.0,0.0,0.0,0.0,1.0,2.0,1.0,False,False,False,False,0,False,False,False
0x4beb80055a58ebe27892bab0a6cebd8f4257b22f,1.0,1.0,0.0,1.0,1.0,1.5711087155648e-05,10100.021992,2026-02-21 04:20:47+00:00,2026-02-21 04:20:47+00:00,1.0,5.0,3.0,5.0,2.7644619983698e-05,1.0,3.215001367251e-06,0.0,1.0,0.0,4.373631659346e-06,4.373631659346e-06,1.6666666666666667,5.0,1.0,False,False,False,False,0,False,False,False
0x4c29258c0d99813ad8ad89ffb7e71445808b1f91,1.0,0.0,0.0,1.0,1.0,3.077777442413e-06,99470.004141,2025-12-31 06:13:35+00:00,2025-12-31 06:13:35+00:00,1.0,1.0,1.0,1.0,1.410653085825e-06,1.0,1.410653085825e-06,0.0,0.0,0.0,0.0,0.0,1.0,1.0,1.0,False,False,False,False,0,False,False,False
0x4c5661e9ab1c452515e109140ae76da28029d84f,1.0,0.0,0.0,1.0,1.0,0.000192134854806972,617089.877875,2026-01-13 01:19:47+00:00,2026-01-13 01:19:47+00:00,1.0,6.0,2.0,4.0,0.000416097126260797,2.0,0.000152268581612108,4.0,1.0,0.0,0.000160881860932969,0.0,3.0,6.0,2.0,False,False,False,False,0,False,False,False
0x4c6630ea6d5f40defb5efc18937b1580140d8735,1.0,0.0,0.0,1.0,1.0,0.000218604413191626,49997.0,2025-11-07 07:14:11+00:00,2025-11-07 07:14:11+00:00,1.0,2.0,1.0,1.0,0.00017224707547777599,2.0,0.00017224707547777599,2.0,1.0,0.0,0.00021927213291151,0.0,2.0,2.0,2.0,False,False,False,False,0,False,False,False
0x4cd7e5dd0c2347c948af25d43243394a25c05f1d,5.0,0.0,0.0,3.0,1.0,0.00105956791564617,90136.11538999999,2026-01-08 23:32:35+00:00,2026-01-10 22:26:59+00:00,1.6666666666666667,13.0,7.0,6.0,0.000420699305446879,5.0,0.000328787664523912,0.0,2.0,1.0,9.788157965994999e-06,9.788157965994999e-06,1.8571428571428572,2.6,1.0,False,False,False,False,0,False,False,False
0x4cf0d8746ab842f31b12adaf62dcb03a53fdd2f2,2.0,0.0,0.0,1.0,1.0,0.00039408040415601605,3287.509431,2026-02-23 03:17:11+00:00,2026-02-23 03:20:59+00:00,2.0,1.0,1.0,1.0,7.9025438388752e-05,1.0,7.9025438388752e-05,1.0,0.0,0.0,0.0,0.0,1.0,0.5,0.5,False,False,False,False,0,False,False,False
0x4d1ffd504824eb2f08d54a27913d124c49cb0c26,3.0,0.0,0.0,1.0,1.0,0.000650335925662795,106412.410358,2026-02-09 15:44:59+00:00,2026-02-09 15:57:11+00:00,3.0,1.0,1.0,1.0,8.47586274377e-05,1.0,8.47586274377e-05,4.0,1.0,0.0,0.003672321476314225,0.0,1.0,0.3333333333333333,0.3333333333333333,False,False,False,False,0,False,False,False
0x4d34f307bc8f921517cce1b5a2a7a93f72af6c70,2.0,0.0,0.0,2.0,1.0,0.000446098917700314,263083.704484,2026-01-06 04:40:59+00:00,2026-01-10 13:46:47+00:00,1.0,15.0,6.0,3.0,0.00166474584643752,4.0,0.00033529081704982203,0.0,0.0,0.0,0.0,0.0,2.5,7.5,2.0,False,False,False,False,0,False,False,False
0x4d360f8fbebb05df78f93497a8f549385bd875a2,1.0,0.0,0.0,1.0,1.0,0.00022440747220736,500.0,2026-02-28 07:20:11+00:00,2026-02-28 07:20:11+00:00,1.0,1.0,1.0,1.0,0.00011374916887424,0.0,0.0,1.0,1.0,0.0,0.000403210179676355,0.0,1.0,1.0,0.0,False,False,False,False,0,False,False,False
0x4d43da9d07dabb49886a272c5fbb43c583b5d99f,6.0,0.0,0.0,1.0,1.0,0.00013282003537541,60.0,2026-02-23 17:23:23+00:00,2026-02-23 20:41:11+00:00,6.0,1.0,1.0,1.0,1.2657810404468e-05,1.0,1.2657810404468e-05,0.0,0.0,0.0,0.0,0.0,1.0,0.16666666666666666,0.16666666666666666,False,False,False,False,0,False,False,False
0x4d87c1d688450173bc040ccf75f3bff0ea348081,1.0,0.0,0.0,1.0,1.0,0.00028424433960048,117.685538,2026-02-06 02:13:59+00:00,2026-02-06 02:13:59+00:00,1.0,0.0,0.0,0.0,0.0,0.0,0.0,1.0,1.0,0.0,0.00079405735228989,0.0,0.0,0.0,0.0,False,False,False,False,0,False,False,False
0x4d910fd73f9bab5a909640fe94d7ac3c022891ef,2.0,0.0,0.0,1.0,1.0,0.000378688414981504,30033.832956,2025-11-09 13:01:23+00:00,2025-11-09 13:02:11+00:00,2.0,1.0,1.0,1.0,8.0162401490204e-05,1.0,8.0162401490204e-05,2.0,0.0,0.0,0.0,0.0,1.0,0.5,0.5,False,False,False,False,0,False,False,False
0x4dac5d1f8ffbdc32d1f9c133327dc611ae7871b9,2.0,0.0,0.0,2.0,2.0,0.000205633630162546,79949.77345000001,2026-01-02 18:31:11+00:00,2026-02-03 23:42:11+00:00,1.0,0.0,0.0,0.0,0.0,0.0,0.0,1.0,1.0,0.0,0.000561521977541565,0.0,0.0,0.0,0.0,False,False,False,False,0,False,False,False
0x4dc2b9f6b7f323766514c316d78853b9b3fd176b,2.0,0.0,0.0,2.0,2.0,6.549133625568e-05,9944.260327999998,2025-11-30 15:18:11+00:00,2025-12-02 16:09:47+00:00,1.0,0.0,0.0,0.0,0.0,0.0,0.0,5.0,2.0,1.0,0.000215332984166596,0.0,0.0,0.0,0.0,False,False,False,False,0,False,False,False
0x4e40a7c55ad398a6c3a5bbd55dd8676633949c07,21.0,0.0,0.0,9.0,3.0,0.00945360649244166,11799.907054,2025-11-18 05:06:11+00:00,2026-02-05 18:30:47+00:00,2.3333333333333335,0.0,0.0,0.0,0.0,0.0,0.0,1.0,1.0,0.0,0.00206261745710243,0.0,0.0,0.0,0.0,False,False,False,False,0,False,False,False
0x4e618a87fd859eeb0a720aca97d3bdebbf0ce212,2.0,0.0,0.0,1.0,1.0,0.006454870369405409,68057.0,2026-02-05 15:32:11+00:00,2026-02-05 15:35:23+00:00,2.0,0.0,0.0,0.0,0.0,0.0,0.0,6.0,5.0,4.0,0.008928049395132429,0.0,0.0,0.0,0.0,False,False,False,False,0,False,False,False
0x4e9883c370087235ebdbc6611290d3e74150651d,6.0,0.0,0.0,5.0,3.0,0.00025775133839368,3948.89428,2025-11-01 09:39:23+00:00,2026-02-03 20:28:23+00:00,1.2,4.0,4.0,3.0,0.000130709018419204,1.0,3.2498474842926e-05,0.0,1.0,0.0,0.000110686820451464,0.0,1.0,0.6666666666666666,0.16666666666666666,False,False,False,False,0,False,False,False
0x4ea247b9b9ec3c525ef1a1212f1e436de2371522,2.0,0.0,0.0,1.0,1.0,0.00042136794807852,148375.092418,2025-12-25 10:44:35+00:00,2025-12-25 10:57:59+00:00,2.0,2.0,2.0,2.0,0.000530486819868152,1.0,7.8816162054636e-05,1.0,1.0,0.0,0.000117488476190928,0.000117488476190928,1.0,1.0,0.5,False,False,False,False,0,False,False,False
0x4f2884a3d821d86be97fb17451d4e9a181c6a688,2.0,0.0,0.0,2.0,2.0,0.000228355036098452,40000.0,2025-12-04 21:16:47+00:00,2026-02-05 17:48:59+00:00,1.0,15.0,11.0,9.0,0.000502105988433154,1.0,2.85824200531e-06,0.0,0.0,0.0,0.0,0.0,1.3636363636363635,7.5,0.5,False,False,False,False,0,False,False,False
0x4f2a335980d90ad1d55599f8f00ba410a6a81f70,2.0,0.0,0.0,2.0,1.0,0.00042981013930631,222188.636509,2025-11-14 04:26:11+00:00,2025-11-25 08:19:11+00:00,1.0,3.0,3.0,2.0,0.000290271206475106,2.0,0.000196831795816602,0.0,0.0,0.0,0.0,0.0,1.0,1.5,1.0,False,False,False,False,0,False,False,False
0x4f3a63aeb09817a81964fff84654b00852fc80ea,1.0,0.0,0.0,1.0,1.0,0.00022747787817352,1000.0,2025-12-21 16:43:47+00:00,2025-12-21 16:43:47+00:00,1.0,4.0,3.0,4.0,0.00037104653127338497,0.0,0.0,1.0,0.0,0.0,0.0,0.0,1.3333333333333333,4.0,0.0,False,False,False,False,0,False,False,False
0x4f3c4c496d2a504f8cf6dd70c87e83e923b3eb52,1.0,0.0,0.0,1.0,1.0,5.266552035514e-06,19250.0,2025-12-29 13:39:11+00:00,2025-12-29 13:39:11+00:00,1.0,4.0,4.0,3.0,0.00011906577372242,1.0,2.59528594239e-06,0.0,0.0,0.0,0.0,0.0,1.0,4.0,1.0,False,False,False,False,0,False,False,False
0x4f91fce7bc6a8816f4166a069cca6e4b1af9b30c,1.0,0.0,0.0,1.0,1.0,0.000308911081081572,380.0,2026-02-05 14:04:23+00:00,2026-02-05 14:04:23+00:00,1.0,6.0,6.0,5.0,0.000722768683371879,1.0,0.000145232404641468,0.0,1.0,0.0,0.000140367428619099,0.000140367428619099,1.0,6.0,1.0,False,False,False,False,0,False,False,False
0x4fbe48ff25b3c43946524e4896edddfacab592d9,38.0,25.0,0.0,21.0,3.0,0.003057875054248256,671268.455359,2025-12-03 07:25:59+00:00,2026-02-27 13:21:23+00:00,1.8095238095238095,6.0,5.0,2.0,0.00011469418115846,0.0,0.0,7.0,4.0,0.0,0.000155529657923488,0.0,1.2,0.15789473684210525,0.0,True,False,False,False,0,False,False,True
0x50400eebe8495b715e8b3166059c2648bb9e98e0,2.0,0.0,0.0,1.0,1.0,6.2454297609742e-05,5802.949183,2025-12-10 19:32:59+00:00,2025-12-10 19:45:35+00:00,2.0,1.0,1.0,1.0,1.2314502087612e-05,1.0,1.2314502087612e-05,1.0,1.0,0.0,0.001367191,0.0,1.0,0.5,0.5,False,False,False,False,0,False,False,False
0x50577bc2e0e825c0a814830732320a149805b6fc,1.0,1.0,0.0,1.0,1.0,3.1639539837824e-05,5050.275113,2025-11-19 02:05:23+00:00,2025-11-19 02:05:23+00:00,1.0,1.0,1.0,1.0,1.0266006536586e-05,1.0,1.0266006536586e-05,0.0,1.0,0.0,2.7489748155304e-05,0.0,1.0,1.0,1.0,False,False,False,False,0,False,False,False
0x505eaee1f41e505f9275bcf64a21453178c764d6,4.0,0.0,0.0,3.0,3.0,0.00047001524481958003,150000.0,2025-11-13 16:21:23+00:00,2026-01-04 23:16:11+00:00,1.3333333333333333,8.0,3.0,3.0,0.00036808559827791,5.0,0.000276471352825896,0.0,9.0,8.0,0.000521317356920383,0.000521317356920383,2.6666666666666665,2.0,1.25,False,False,False,False,0,False,False,False
0x509003a2eef75f31690e59706a192bd26d564d17,1.0,0.0,0.0,1.0,1.0,0.000427667838091422,20000.0,2025-11-07 11:19:11+00:00,2025-11-07 11:19:11+00:00,1.0,3.0,2.0,2.0,0.000240806200355144,1.0,0.000217352546486854,0.0,0.0,0.0,0.0,0.0,1.5,3.0,1.0,False,False,False,False,0,False,False,False
0x50a3b8c42324e6593c018eb845c95823be27d2b7,2.0,0.0,0.0,1.0,1.0,0.000388428244733603,7337.51,2025-11-13 08:07:11+00:00,2025-11-13 08:09:35+00:00,2.0,46.0,8.0,20.0,0.003494104837559224,3.0,0.000121188424524648,1.0,0.0,0.0,0.0,0.0,5.75,23.0,1.5,False,False,False,False,0,False,False,False
0x511e0b748f754a0ce620507dbe56cd2549eec207,1.0,0.0,0.0,1.0,1.0,7.496545371579e-06,41127.324337,2025-12-22 00:27:35+00:00,2025-12-22 00:27:35+00:00,1.0,3.0,2.0,3.0,1.98087575625e-05,1.0,3.876265391142e-06,0.0,0.0,0.0,0.0,0.0,1.5,3.0,1.0,False,False,False,False,0,False,False,False
0x5130217d09080ef94316796a58b2c7d3b9be4936,2.0,0.0,0.0,1.0,1.0,5.8137337450617e-05,97.138407,2026-01-05 14:27:59+00:00,2026-01-05 14:54:35+00:00,2.0,1.0,1.0,1.0,8.52545354895e-06,1.0,8.52545354895e-06,0.0,0.0,0.0,0.0,0.0,1.0,0.5,0.5,False,False,False,False,0,False,False,False
0x513b0cea2b3ffca6c9f1c69dbde9a474a87e37b4,5.0,0.0,0.0,1.0,1.0,0.00337486389667918,2996616.172034,2026-01-31 18:16:35+00:00,2026-01-31 20:03:35+00:00,5.0,0.0,0.0,0.0,0.0,0.0,0.0,5.0,1.0,0.0,0.000852183591453435,0.0,0.0,0.0,0.0,False,False,False,False,0,False,False,False
0x516b1f23bfe93d886c17ce39698d7a0a94916663,1.0,0.0,0.0,1.0,1.0,7.298444180158e-06,20000.0,2026-01-19 14:25:35+00:00,2026-01-19 14:25:35+00:00,1.0,2.0,2.0,2.0,0.00021794434267464902,0.0,0.0,1.0,0.0,0.0,0.0,0.0,1.0,2.0,0.0,False,False,False,False,0,False,False,False
0x5178f51df73b0d8640a72e69a79ee815d3d989cd,1.0,0.0,0.0,1.0,1.0,0.000235337621096781,1605.64736,2025-12-11 21:58:23+00:00,2025-12-11 21:58:23+00:00,1.0,1.0,1.0,1.0,0.000118645707814268,1.0,0.000118645707814268,0.0,0.0,0.0,0.0,0.0,1.0,1.0,1.0,False,False,False,False,0,False,False,False
0x51904b09216975ba76a2dd94e69010b1a0ee9643,1.0,0.0,0.0,1.0,1.0,4.9188770538579e-05,10350.603668,2025-12-07 20:42:59+00:00,2025-12-07 20:42:59+00:00,1.0,1.0,1.0,1.0,1.657517728744e-05,1.0,1.657517728744e-05,3.0,2.0,0.0,0.00139679092572966,0.0,1.0,1.0,1.0,False,False,False,False,0,False,False,False
0x519de7d93add0d0b2fa9795a086f09b65f95053e,4.0,0.0,0.0,4.0,2.0,0.00054562407607956,109.340022,2025-11-07 19:35:47+00:00,2026-02-11 15:45:59+00:00,1.0,4.0,4.0,1.0,0.00032861843419517003,4.0,0.00032861843419517003,4.0,0.0,0.0,0.0,0.0,1.0,1.0,1.0,False,False,False,False,0,False,False,False
0x523069bddc5f16e147d50f6a238e6e317fdbfc8f,4.0,0.0,0.0,2.0,1.0,3.0344149993728002e-05,1701000.0,2026-01-15 22:24:35+00:00,2026-01-20 22:03:35+00:00,2.0,6.0,3.0,4.0,0.000320698525995527,2.0,5.6160091403867e-05,0.0,0.0,0.0,0.0,0.0,2.0,1.5,0.5,False,False,False,False,0,False,False,False
0x525ee071454cf9b6d750720bce8d8697ef82f02f,2.0,0.0,0.0,2.0,2.0,4.2420732400204e-05,33801.685914,2026-01-10 14:41:47+00:00,2026-02-03 13:14:59+00:00,1.0,6.0,4.0,5.0,5.3645901488772e-05,1.0,2.306392374654e-06,1.0,4.0,0.0,0.00015391935105671002,1.5918375837831e-05,1.5,3.0,0.5,False,False,False,False,0,False,False,False
0x528d8d83c621bb91c2f68d54095f717b89ebbc25,1.0,0.0,0.0,1.0,1.0,0.000220933470666762,74999.939522,2025-11-03 19:00:47+00:00,2025-11-03 19:00:47+00:00,1.0,4.0,3.0,3.0,0.00045670042594382404,1.0,0.000126303581845658,8.0,1.0,0.0,0.000356837813950535,0.0,1.3333333333333333,4.0,1.0,False,False,False,False,0,False,False,False
0x52b042beac8a62ac3f4a8177f3031364485793be,1.0,0.0,0.0,1.0,1.0,0.000213142308088575,20709.575986,2026-02-25 18:00:35+00:00,2026-02-25 18:00:35+00:00,1.0,5.0,2.0,4.0,0.000553464553061406,0.0,0.0,4.0,2.0,0.0,0.002304928270188087,0.0,2.5,5.0,0.0,False,False,False,False,0,False,False,False
0x52b31d55b2ff28706c909f3eac622b7bf42179fa,5.0,1.0,0.0,5.0,2.0,0.001616822208812307,1838620.0252120001,2025-11-01 00:49:23+00:00,2025-12-17 14:50:11+00:00,1.0,7.0,6.0,2.0,0.000890999833675094,3.0,0.000295349331166948,0.0,1.0,0.0,9.2178341296319e-05,0.0,1.1666666666666667,1.4,0.6,False,False,False,False,0,False,False,False
0x52d033e64774f31a8b7562806aa5782cbbd29382,37.0,26.0,0.0,21.0,4.0,0.0073456813113461075,568727.528571,2025-11-04 11:25:59+00:00,2026-02-15 04:18:11+00:00,1.7619047619047619,104.0,36.0,9.0,0.016937826971401986,4.0,8.5327804430752e-05,2.0,3.0,0.0,0.000126843645587856,1.5244320492939e-05,2.888888888888889,2.810810810810811,0.10810810810810811,True,False,False,False,0,False,False,True
0x52da076c168efe74d90760137440e8b1104aebd4,1.0,1.0,0.0,1.0,1.0,8.2343789119232e-05,5516.696715,2025-11-21 23:27:35+00:00,2025-11-21 23:27:35+00:00,1.0,1.0,1.0,1.0,9.8938346704424e-05,1.0,9.8938346704424e-05,0.0,2.0,0.0,4.5826506834663e-05,0.0,1.0,1.0,1.0,False,False,False,False,0,False,False,False
0x52fcae331f784233531182dfe16dd4f28aeabf8e,5.0,0.0,0.0,1.0,1.0,0.000992653718241692,10059.475444,2025-12-05 10:53:23+00:00,2025-12-05 15:35:59+00:00,5.0,10.0,4.0,4.0,0.00036426937423612903,2.0,0.00019319223579957,0.0,1.0,0.0,5.109107140487e-06,5.109107140487e-06,2.5,2.0,0.4,False,False,False,False,0,False,False,False
0x530745ea1c8ed573cd465f88bf62beb18d5c7668,10.0,0.0,0.0,8.0,3.0,0.001738638362175071,62101.776062,2025-11-14 21:15:59+00:00,2026-02-05 20:20:59+00:00,1.25,0.0,0.0,0.0,0.0,0.0,0.0,2.0,3.0,0.0,0.0012769287166086,0.000616945360934156,0.0,0.0,0.0,False,False,False,False,0,False,False,False
0x531ee7425d8f7435b4c00b06fc73301135fafee3,1.0,0.0,0.0,1.0,1.0,0.000149848948725553,20000.0,2025-11-12 16:56:47+00:00,2025-11-12 16:56:47+00:00,1.0,1.0,1.0,1.0,8.2317182387868e-05,1.0,8.2317182387868e-05,1.0,1.0,0.0,2.3357774425678e-05,0.0,1.0,1.0,1.0,False,False,False,False,0,False,False,False
0x5345481fd337873935cff6daaf188cacbab59761,2.0,0.0,0.0,2.0,2.0,0.000114943897435192,2235912.4,2025-11-29 12:19:35+00:00,2026-01-15 09:28:35+00:00,1.0,7.0,1.0,7.0,0.000439975694949543,1.0,4.0272609874851e-05,6.0,0.0,0.0,0.0,0.0,7.0,3.5,0.5,False,False,False,False,0,False,False,False
0x5387883c38b9e6d239fcdbba43d6556a2f143e7f,1.0,0.0,0.0,1.0,1.0,0.000218373097098759,199.161087,2026-01-25 04:23:11+00:00,2026-01-25 04:23:11+00:00,1.0,1.0,1.0,1.0,0.000104285655739377,1.0,0.000104285655739377,0.0,0.0,0.0,0.0,0.0,1.0,1.0,1.0,False,False,False,False,0,False,False,False
0x5388545e54da45ce1df77295f65f1023121af9e1,1.0,0.0,0.0,1.0,1.0,3.043339223155e-06,100000.0,2025-12-06 03:01:59+00:00,2025-12-06 03:01:59+00:00,1.0,10.0,5.0,4.0,0.000200071296407904,1.0,1.184858168355e-06,1.0,0.0,0.0,0.0,0.0,2.0,10.0,1.0,False,False,False,False,0,False,False,False
0x538dcfa7b5a5584520571a591cc50223e800ceeb,1.0,1.0,0.0,1.0,1.0,0.000403198841226996,391.784057,2025-12-18 18:16:59+00:00,2025-12-18 18:16:59+00:00,1.0,2.0,2.0,2.0,0.00022157195867837,1.0,0.000114016661160464,0.0,1.0,0.0,0.000321774308091876,0.0,1.0,2.0,1.0,False,False,False,False,0,False,False,False
0x53a41f0f1025359598f45ca04c34274824407a50,3.0,0.0,0.0,2.0,2.0,0.000467871628077522,3200.0,2025-12-16 04:43:23+00:00,2026-02-26 09:19:35+00:00,1.5,34.0,7.0,17.0,0.0026251142802285877,1.0,0.000111655158624718,0.0,0.0,0.0,0.0,0.0,4.857142857142857,11.333333333333334,0.3333333333333333,False,False,False,False,0,False,False,False
0x5405e9bc8c20b3118e95605a4ff673662a9db911,1.0,0.0,0.0,1.0,1.0,1.2106630527526e-05,99868.0,2026-01-07 09:34:11+00:00,2026-01-07 09:34:11+00:00,1.0,1.0,1.0,1.0,5.821172081055e-06,1.0,5.821172081055e-06,0.0,0.0,0.0,0.0,0.0,1.0,1.0,1.0,False,False,False,False,0,False,False,False
0x542ff970835f705d0b331b4f858464a31a5a22b0,1.0,0.0,0.0,1.0,1.0,1.4257926227226e-05,2800.0,2026-02-28 10:25:47+00:00,2026-02-28 10:25:47+00:00,1.0,3.0,3.0,3.0,5.6072458172294003e-05,1.0,7.110874052682e-06,0.0,0.0,0.0,0.0,0.0,1.0,3.0,1.0,False,False,False,False,0,False,False,False
0x5439f48bea59b1edbfc8a6ec755936cede10dce4,1.0,0.0,0.0,1.0,1.0,3.813763761838e-05,48.558451,2025-12-08 09:53:47+00:00,2025-12-08 09:53:47+00:00,1.0,1.0,1.0,1.0,0.000115306813244061,1.0,0.000115306813244061,0.0,0.0,0.0,0.0,0.0,1.0,1.0,1.0,False,False,False,False,0,False,False,False
0x5452b3c46e756e8bcf482ee6490ddcb9f5ef83df,7.0,7.0,0.0,1.0,1.0,0.011655809367010514,18256.307253000003,2026-01-31 18:21:11+00:00,2026-01-31 18:32:35+00:00,7.0,3.0,1.0,1.0,0.000791131187475738,3.0,0.000791131187475738,0.0,1.0,0.0,0.00344567332882853,0.0,3.0,0.42857142857142855,0.42857142857142855,False,False,False,False,0,False,False,False
0x545497a72dbba3e2eb960766afef8d630ca1bc1a,2.0,0.0,0.0,2.0,1.0,0.00043451719848258,1567.331165,2026-02-26 13:00:11+00:00,2026-02-28 09:08:47+00:00,1.0,6.0,3.0,3.0,0.000910865834497886,2.0,0.000193554219849354,0.0,0.0,0.0,0.0,0.0,2.0,3.0,1.0,False,False,False,False,0,False,False,False
0x54982e8fbfc2d3490f04d04209977dbc4e32b604,1.0,0.0,0.0,1.0,1.0,0.000192811692756129,2500.0,2026-01-27 10:12:59+00:00,2026-01-27 10:12:59+00:00,1.0,1.0,1.0,1.0,0.000115134434487358,1.0,0.000115134434487358,0.0,0.0,0.0,0.0,0.0,1.0,1.0,1.0,False,False,False,False,0,False,False,False
0x54b21fbba2c36f50f03be1478a5d7e983ffac1bc,12.0,0.0,0.0,9.0,4.0,0.004231143496324653,4648106.906986,2025-11-03 15:48:35+00:00,2026-02-06 02:22:59+00:00,1.3333333333333333,2.0,2.0,2.0,1.1205867080352e-05,0.0,0.0,1.0,1.0,0.0,0.000111809482405715,0.0,1.0,0.16666666666666666,0.0,False,False,False,False,0,False,False,False
0x54b4ab76d7c9977428935eae6fe68cb5802ab0a1,1.0,0.0,0.0,1.0,1.0,4.780663486503e-05,12551.797853,2025-11-18 05:12:23+00:00,2025-11-18 05:12:23+00:00,1.0,22.0,11.0,5.0,0.0009499050398718929,2.0,3.7868670075502e-05,0.0,0.0,0.0,0.0,0.0,2.0,22.0,2.0,False,False,False,False,0,False,False,False
0x54cf02f1b4666b0288d38fe1dda3a6061de2a8cf,1.0,0.0,0.0,1.0,1.0,5.857622914401e-06,99669.009956,2026-01-20 07:59:59+00:00,2026-01-20 07:59:59+00:00,1.0,1.0,1.0,1.0,2.791998582195e-06,1.0,2.791998582195e-06,0.0,0.0,0.0,0.0,0.0,1.0,1.0,1.0,False,False,False,False,0,False,False,False
0x54fbced3198a9595adb111d3543b25eaa2534e5d,1.0,0.0,0.0,1.0,1.0,0.000221471634300825,965728.119612,2025-11-21 20:40:35+00:00,2025-11-21 20:40:35+00:00,1.0,0.0,0.0,0.0,0.0,0.0,0.0,2.0,1.0,0.0,0.00013833673752595,0.0,0.0,0.0,0.0,False,False,False,False,0,False,False,False
0x5507bdc7dfd6e5762c9b129fa206a294ef524ef3,12.0,0.0,0.0,3.0,1.0,0.003359309657656062,22835.860107,2026-02-05 16:10:47+00:00,2026-02-24 14:12:11+00:00,4.0,3.0,3.0,3.0,0.000520573072728724,1.0,8.6486045405288e-05,1.0,1.0,0.0,0.000344840581447389,0.000344840581447389,1.0,0.25,0.08333333333333333,False,False,False,False,0,False,False,False
0x552b20831b69ceb128acffb976c7bb9168ff09a4,1.0,0.0,0.0,1.0,1.0,0.000342806193431563,19.492701,2025-11-07 14:18:47+00:00,2025-11-07 14:18:47+00:00,1.0,3.0,2.0,3.0,0.0004995813520056571,1.0,0.000173042292439872,0.0,0.0,0.0,0.0,0.0,1.5,3.0,1.0,False,False,False,False,0,False,False,False
0x5531809391a14d3b7d35d01ce47686d2ca0b6dbd,3.0,0.0,0.0,2.0,1.0,2.2237112939317e-05,12000.303324,2026-01-01 17:33:11+00:00,2026-01-03 12:46:47+00:00,1.5,7.0,3.0,7.0,0.000175288842579782,1.0,3.460647964383e-06,0.0,0.0,0.0,0.0,0.0,2.3333333333333335,2.3333333333333335,0.3333333333333333,False,False,False,False,0,False,False,False
0x5531a6af2ee24f4bbde5ff1a6fc5cad6430816b7,5.0,0.0,0.0,4.0,3.0,2.5613683000685e-05,7136.6522509999995,2025-11-09 10:50:35+00:00,2026-01-25 11:59:59+00:00,1.25,3.0,2.0,1.0,5.930444526056e-06,3.0,5.930444526056e-06,2.0,0.0,0.0,0.0,0.0,1.5,0.6,0.6,False,False,False,False,0,False,False,False
0x555f9daad28487cee43cd226b9a2f33d57c98964,1.0,0.0,0.0,1.0,1.0,0.000226255879391617,2000.0,2025-12-16 11:36:47+00:00,2025-12-16 11:36:47+00:00,1.0,3.0,2.0,3.0,0.000344245504739852,1.0,0.000114021876295768,0.0,0.0,0.0,0.0,0.0,1.5,3.0,1.0,False,False,False,False,0,False,False,False
0x559458aac63528fb18893d797ff223df4d5fa3c9,6.0,0.0,0.0,1.0,1.0,0.000433833865517583,3250665.770541,2025-11-07 00:27:23+00:00,2025-11-07 10:09:47+00:00,6.0,31.0,17.0,3.0,0.0038812953064591353,3.0,0.000282096456853824,1.0,3.0,0.0,0.000294321801018416,5.4860181700536e-05,1.8235294117647058,5.166666666666667,0.5,False,False,False,False,0,False,False,False
0x55a8204a6e9a920350186a9f53d89742116a3d60,4.0,0.0,0.0,2.0,1.0,0.000260360005513436,16297.818294,2026-02-04 12:08:59+00:00,2026-02-07 01:28:59+00:00,2.0,0.0,0.0,0.0,0.0,0.0,0.0,1.0,1.0,0.0,0.000127775800343569,0.0,0.0,0.0,0.0,False,False,False,False,0,False,False,False
0x55d380fbd543885a44f3312e5617c05c95adc11f,5.0,1.0,0.0,5.0,3.0,0.000334043181845835,136262.5712,2025-11-16 18:10:47+00:00,2026-01-13 03:48:47+00:00,1.0,0.0,0.0,0.0,0.0,0.0,0.0,8.0,4.0,0.0,0.004043236297891895,0.0,0.0,0.0,0.0,False,False,False,False,0,False,False,False
0x55fc0d09345a2232ae0c95979943841897da7d59,1.0,0.0,0.0,1.0,1.0,0.000241040940512859,80.0,2025-11-01 18:42:35+00:00,2025-11-01 18:42:35+00:00,1.0,2.0,2.0,2.0,0.00019089107966314002,0.0,0.0,1.0,0.0,0.0,0.0,0.0,1.0,2.0,0.0,False,False,False,False,0,False,False,False
0x561a215fbef8de6524cba8cb6cbd97f3ec9ab9fc,1.0,0.0,0.0,1.0,1.0,0.000225840880478211,1324.393293,2025-12-21 18:19:23+00:00,2025-12-21 18:19:23+00:00,1.0,1.0,1.0,1.0,0.000118919581524718,1.0,0.000118919581524718,0.0,0.0,0.0,0.0,0.0,1.0,1.0,1.0,False,False,False,False,0,False,False,False
0x562859c109170e59e5a1f14712e36a08c117559f,8.0,0.0,0.0,3.0,2.0,0.000167789029277514,24245283.551372,2026-01-06 03:53:47+00:00,2026-02-19 02:36:59+00:00,2.6666666666666665,2.0,2.0,2.0,3.3250365312758e-05,2.0,3.3250365312758e-05,0.0,1.0,0.0,2.6502484863952e-05,2.6502484863952e-05,1.0,0.25,0.25,False,False,False,False,0,False,False,False
0x5643183c990bd1241ac9e7309fadd46fa25a0fed,1.0,0.0,0.0,1.0,1.0,0.00020101938766008,76643.468382,2025-11-12 16:41:59+00:00,2025-11-12 16:41:59+00:00,1.0,2.0,2.0,2.0,0.000126089682848512,1.0,0.000123860723535334,0.0,0.0,0.0,0.0,0.0,1.0,2.0,1.0,False,False,False,False,0,False,False,False
0x564972ce06102095f64cdadbd80eb161c9e2a5e6,4.0,0.0,0.0,4.0,1.0,0.000196434212989875,18166.003744999998,2025-11-08 12:04:11+00:00,2025-11-11 15:10:23+00:00,1.0,17.0,7.0,6.0,0.00046772240065914893,6.0,8.9113532267908e-05,0.0,0.0,0.0,0.0,0.0,2.4285714285714284,4.25,1.5,False,False,False,False,0,False,False,False
0x564ac57572ca62e386e1e6a83166a5fb192788e4,1.0,0.0,0.0,1.0,1.0,0.000238438371850202,89000.0,2025-12-31 20:58:47+00:00,2025-12-31 20:58:47+00:00,1.0,5.0,3.0,3.0,0.001629713848292026,1.0,0.000115559655858794,0.0,0.0,0.0,0.0,0.0,1.6666666666666667,5.0,1.0,False,False,False,False,0,False,False,False
0x564e9c0a294203becba7fb03e92603ccdfe82c4f,5.0,0.0,0.0,3.0,1.0,0.000873520783645961,101000.0,2026-02-24 20:20:35+00:00,2026-02-27 18:28:47+00:00,1.6666666666666667,8.0,3.0,3.0,0.007871241461939904,1.0,0.000114546568249986,0.0,0.0,0.0,0.0,0.0,2.6666666666666665,1.6,0.2,False,False,False,False,0,False,False,False
0x567f00119fe6be20889654d9456e4f65d0976e55,1.0,0.0,0.0,1.0,1.0,0.000231772886953454,7885.030343,2025-12-30 19:26:47+00:00,2025-12-30 19:26:47+00:00,1.0,1.0,1.0,1.0,0.000117025277379902,1.0,0.000117025277379902,0.0,0.0,0.0,0.0,0.0,1.0,1.0,1.0,False,False,False,False,0,False,False,False
0x56d1733042586aa75eb7f4076e1c3a60be0db763,1.0,0.0,0.0,1.0,1.0,0.002286028557931692,3010.0,2026-02-05 21:09:47+00:00,2026-02-05 21:09:47+00:00,1.0,0.0,0.0,0.0,0.0,0.0,0.0,1.0,1.0,0.0,0.000401490623803715,0.0,0.0,0.0,0.0,False,False,False,False,0,False,False,False
0x56d82f4272e29a5aba9e735b1179361d29659cde,1.0,0.0,0.0,1.0,1.0,7.580436805692e-06,19867.793807,2025-11-09 08:11:59+00:00,2025-11-09 08:11:59+00:00,1.0,45.0,23.0,14.0,0.000542731049961494,1.0,3.962065712664e-06,0.0,0.0,0.0,0.0,0.0,1.9565217391304348,45.0,1.0,False,False,False,False,0,False,False,False
0x57026e3728c3532b667e7f739bb84d951368803d,4.0,0.0,0.0,3.0,2.0,0.004642758402958064,21260.718736000003,2026-01-18 15:49:35+00:00,2026-02-14 18:09:11+00:00,1.3333333333333333,18.0,9.0,5.0,0.001357582882880547,2.0,5.0324626702780004e-06,0.0,0.0,0.0,0.0,0.0,2.0,4.5,0.5,False,False,False,False,0,False,False,False
0x571231ff65d91dbff080311886af332fb907a056,1.0,0.0,0.0,1.0,1.0,5.883568814261e-06,99669.009956,2026-01-20 07:59:47+00:00,2026-01-20 07:59:47+00:00,1.0,1.0,1.0,1.0,2.73084993846e-06,1.0,2.73084993846e-06,0.0,0.0,0.0,0.0,0.0,1.0,1.0,1.0,False,False,False,False,0,False,False,False
0x57655b342b7bf1a1134b572e43eb62bbe56bf7cf,7.0,0.0,0.0,4.0,1.0,0.000162349267754866,7273174.514556,2026-02-04 06:27:59+00:00,2026-02-18 23:48:23+00:00,1.75,8.0,4.0,4.0,6.6876375639331e-05,0.0,0.0,7.0,2.0,0.0,0.00034366928810914,0.0,2.0,1.1428571428571428,0.0,False,False,False,False,0,False,False,False
0x577131d5d42b0863946a8a4ce9290c8154616bec,1.0,0.0,0.0,1.0,1.0,2.5796399115116e-05,20643.651178,2025-11-07 06:32:47+00:00,2025-11-07 06:32:47+00:00,1.0,1.0,1.0,1.0,1.1786544296355e-05,1.0,1.1786544296355e-05,0.0,0.0,0.0,0.0,0.0,1.0,1.0,1.0,False,False,False,False,0,False,False,False
0x57733e1e1fa3df916ff7192782bef15293913aef,19.0,0.0,0.0,15.0,4.0,0.001603245954261274,8417.269055,2025-11-04 22:20:23+00:00,2026-02-13 13:16:11+00:00,1.2666666666666666,2.0,1.0,1.0,0.000127233071727302,2.0,0.000127233071727302,1.0,2.0,1.0,9.7853663994039e-05,9.0452513602448e-05,2.0,0.10526315789473684,0.10526315789473684,False,False,False,False,0,False,False,False
0x5799a7ce7a9aa333311ed358ecbe1612b706806f,2.0,0.0,0.0,2.0,2.0,9.466654239494499e-05,18419.491442,2025-11-13 17:31:35+00:00,2026-02-11 21:59:47+00:00,1.0,11.0,10.0,1.0,0.001744761651922568,0.0,0.0,1.0,2.0,0.0,0.000519169137837379,0.0,1.1,5.5,0.0,False,False,False,False,0,False,False,False
0x57a78222b02b05a2341d5dcfa9a68a2d314ccfee,1.0,0.0,0.0,1.0,1.0,2.600512268397e-06,60.386803,2025-12-27 21:37:47+00:00,2025-12-27 21:37:47+00:00,1.0,2.0,2.0,2.0,0.000228178897250736,1.0,7.8624698877506e-05,1.0,0.0,0.0,0.0,0.0,1.0,2.0,1.0,False,False,False,False,0,False,False,False
0x57bd982d577660ab22d0a65d2c0a32e482112348,1.0,0.0,0.0,1.0,1.0,0.000164897249625927,221273.937981,2025-11-01 11:00:59+00:00,2025-11-01 11:00:59+00:00,1.0,12.0,12.0,4.0,0.000518176607419869,0.0,0.0,1.0,0.0,0.0,0.0,0.0,1.0,12.0,0.0,False,False,False,False,0,False,False,False
0x57dea53902f22cdb10f8dfe659e7fde417b43d88,2.0,0.0,0.0,1.0,1.0,0.000839120392810767,216373.604072,2025-11-04 16:36:35+00:00,2025-11-04 16:43:59+00:00,2.0,1.0,1.0,1.0,0.000170168808895998,1.0,0.000170168808895998,1.0,1.0,0.0,0.001132400501476925,0.0,1.0,0.5,0.5,False,False,False,False,0,False,False,False
0x57f1e94190efab29ac05aa09f7cd5d5e02b4d52d,1.0,0.0,0.0,1.0,1.0,0.000193759003054432,200000.0,2026-01-12 12:13:23+00:00,2026-01-12 12:13:23+00:00,1.0,0.0,0.0,0.0,0.0,0.0,0.0,1.0,0.0,0.0,0.0,0.0,0.0,0.0,0.0,False,False,False,False,0,False,False,False
0x57f693b8a1b511bd217fdffc2a1e1dd3e776a844,1.0,0.0,0.0,1.0,1.0,5.849831082494e-06,400000.0,2025-12-18 11:28:59+00:00,2025-12-18 11:28:59+00:00,1.0,13.0,4.0,7.0,0.0006967502332481281,2.0,6.4421034486082e-05,4.0,1.0,0.0,0.00017248134691138,0.00017248134691138,3.25,13.0,2.0,False,False,False,False,0,False,False,False
0x57fbdf37b474de14efd87c72fb27ee7ae5a7a658,2.0,0.0,0.0,1.0,1.0,0.000725012443341803,148.585527,2025-11-21 13:37:47+00:00,2025-11-21 13:40:11+00:00,2.0,8.0,4.0,6.0,0.001925681143068701,2.0,0.00035563254360012296,0.0,0.0,0.0,0.0,0.0,2.0,4.0,1.0,False,False,False,False,0,False,False,False
0x5825a4aa466436f3ad26c2742c2a8ee6f76a83ad,1.0,0.0,0.0,1.0,1.0,0.000226191152849658,38932.446077,2026-01-11 21:56:35+00:00,2026-01-11 21:56:35+00:00,1.0,3.0,2.0,2.0,0.000351861445711664,1.0,0.000113371247355214,0.0,0.0,0.0,0.0,0.0,1.5,3.0,1.0,False,False,False,False,0,False,False,False
0x584801a3a9fe8151e28981e11b0e36ec1228b062,2.0,0.0,0.0,2.0,2.0,3.8257090071175e-05,12001.948940999999,2025-11-28 16:37:11+00:00,2025-12-29 13:41:59+00:00,1.0,1.0,1.0,1.0,1.1974152756888e-05,0.0,0.0,1.0,0.0,0.0,0.0,0.0,1.0,0.5,0.0,False,False,False,False,0,False,False,False
0x5856ce80533f4569d54a5217210e397224749a9f,1.0,0.0,0.0,1.0,1.0,3.11081067479e-06,2000.0,2026-01-25 10:43:35+00:00,2026-01-25 10:43:35+00:00,1.0,5.0,2.0,4.0,7.586034194544e-06,1.0,1.548405847548e-06,0.0,0.0,0.0,0.0,0.0,2.5,5.0,1.0,False,False,False,False,0,False,False,False
0x588f3d6817f88b9d6a0ac32069419495c7d8df85,2.0,0.0,0.0,1.0,1.0,7.8647151442034e-05,106.96518499999999,2026-01-05 17:23:35+00:00,2026-01-05 17:25:23+00:00,2.0,2.0,1.0,2.0,3.6236467644508e-05,2.0,3.6236467644508e-05,4.0,3.0,0.0,7.746518693477e-05,3.7656896471484e-05,2.0,1.0,1.0,False,False,False,False,0,False,False,False
0x58bbb8d3c0c16b35c6d09a8306dd012b61911699,4.0,0.0,0.0,3.0,2.0,0.001029323691596676,223131.241557,2025-11-08 21:35:23+00:00,2026-02-05 17:34:23+00:00,1.3333333333333333,0.0,0.0,0.0,0.0,0.0,0.0,1.0,2.0,0.0,0.002016536437654552,0.0,0.0,0.0,0.0,False,False,False,False,0,False,False,False
0x58c663f21543bc68bd177d7c910993ac0083ab97,3.0,0.0,0.0,3.0,3.0,0.00011011507639875601,1090.0,2025-11-18 14:54:11+00:00,2026-02-05 01:58:23+00:00,1.0,1.0,1.0,1.0,0.000103017444068106,0.0,0.0,4.0,0.0,0.0,0.0,0.0,1.0,0.3333333333333333,0.0,False,False,False,False,0,False,False,False
0x58d12f8f832c1f39ff4bd47dc37a767d1e1eacd9,2.0,0.0,0.0,1.0,1.0,0.00024720362908800997,1276.692452,2026-02-01 13:20:23+00:00,2026-02-01 16:43:11+00:00,2.0,6.0,5.0,5.0,0.000463637533086189,1.0,3.294736971696e-05,0.0,1.0,0.0,8.7434138859503e-05,0.0,1.2,3.0,0.5,False,False,False,False,0,False,False,False
0x594df2f2768eabe9c58f13faa7a8f36e68258332,4.0,0.0,0.0,3.0,2.0,0.000968240777212843,383.84570099999996,2025-11-12 22:10:23+00:00,2025-12-18 04:33:59+00:00,1.3333333333333333,4.0,3.0,1.0,0.000413328089004438,4.0,0.000413328089004438,0.0,1.0,0.0,7.671111393481e-06,7.671111393481e-06,1.3333333333333333,1.0,1.0,False,False,False,False,0,False,False,False
0x594fcf750721300618679303b78ad4ca8f0bd055,3.0,0.0,0.0,3.0,2.0,7.0696233842573e-05,9100000.00291,2025-11-03 19:58:35+00:00,2025-12-15 02:31:23+00:00,1.0,2.0,2.0,1.0,3.628928096352e-06,0.0,0.0,10.0,3.0,0.0,0.006619231241194177,0.0,1.0,0.6666666666666666,0.0,False,False,False,False,0,False,False,False
0x596aba8bdd83c82e5ad17348b03910e0cb3a6fdc,2.0,0.0,0.0,2.0,2.0,1.4900306771027e-05,308319.818612,2025-11-08 20:42:23+00:00,2025-12-20 04:24:59+00:00,1.0,0.0,0.0,0.0,0.0,0.0,0.0,1.0,0.0,0.0,0.0,0.0,0.0,0.0,0.0,False,False,False,False,0,False,False,False
0x597552be8fb294b522cffeb8491fb518945f0597,1.0,0.0,0.0,1.0,1.0,0.000197090344434934,100.0,2026-02-16 21:49:35+00:00,2026-02-16 21:49:35+00:00,1.0,1.0,1.0,1.0,0.000113829315626078,1.0,0.000113829315626078,0.0,2.0,0.0,0.000269074998440932,0.000269074998440932,1.0,1.0,1.0,False,False,False,False,0,False,False,False
0x59891f8eb9e7d51e66406af4b624aeeb03bcaeaf,1.0,0.0,0.0,1.0,1.0,0.000276785912024468,7671.816987,2025-12-01 14:14:11+00:00,2025-12-01 14:14:11+00:00,1.0,3.0,2.0,2.0,0.000306852387514797,2.0,0.000214324031774523,6.0,1.0,1.0,0.00020559649501467,9.931170549448e-05,1.5,3.0,2.0,False,False,False,False,0,False,False,False
0x59959450bb3da79a8bc07cc078696d6cba3beb4a,4.0,0.0,0.0,3.0,1.0,9.5835565516116e-05,11014.798963,2026-01-09 19:01:35+00:00,2026-01-14 13:58:59+00:00,1.3333333333333333,10.0,7.0,6.0,0.000122511874195997,2.0,1.8757655302272e-05,0.0,0.0,0.0,0.0,0.0,1.4285714285714286,2.5,0.5,False,False,False,False,0,False,False,False
0x59b503b031ea38d0d6f1625467c44106f392bdf8,2.0,0.0,0.0,2.0,1.0,0.000560886885302832,208.51569999999998,2026-02-06 01:20:23+00:00,2026-02-24 01:43:35+00:00,1.0,5.0,4.0,5.0,0.00065324807409117,1.0,0.000308608098489117,0.0,1.0,0.0,7.2604736983923e-05,0.0,1.25,2.5,0.5,False,False,False,False,0,False,False,False
0x59dd2d970d74f0f72eb0a4cdf3efd2db9ada58cf,1.0,0.0,0.0,1.0,1.0,8.450672283774e-06,25059.637201,2026-01-13 10:02:47+00:00,2026-01-13 10:02:47+00:00,1.0,45.0,14.0,13.0,0.000244916355649591,2.0,6.179141554867999e-06,0.0,0.0,0.0,0.0,0.0,3.2142857142857144,45.0,2.0,False,False,False,False,0,False,False,False
0x5a5dd842419f027c2627fa9a95526a7918372c34,1.0,0.0,0.0,1.0,1.0,0.000239344970125753,5830000.394319,2026-02-06 08:49:11+00:00,2026-02-06 08:49:11+00:00,1.0,2.0,2.0,2.0,0.000210646120180167,1.0,0.000107337344549418,0.0,0.0,0.0,0.0,0.0,1.0,2.0,1.0,False,False,False,False,0,False,False,False
0x5a7b0b603ab13406f9e45bab68cff158b8fd5905,1.0,0.0,0.0,1.0,1.0,4.372631749049e-06,0.770909,2026-01-11 13:22:47+00:00,2026-01-11 13:22:47+00:00,1.0,9.0,5.0,6.0,0.00020728180107943,2.0,3.826817554484e-06,0.0,0.0,0.0,0.0,0.0,1.8,9.0,2.0,False,False,False,False,0,False,False,False
0x5ad43903b30278e732f4655d2d3cbd297545670a,1.0,0.0,0.0,1.0,1.0,3.906526797252e-06,13599.733174,2025-12-22 06:50:23+00:00,2025-12-22 06:50:23+00:00,1.0,2.0,1.0,2.0,4.2699875470559995e-06,1.0,2.07552470194e-06,0.0,0.0,0.0,0.0,0.0,2.0,2.0,1.0,False,False,False,False,0,False,False,False
0x5b03c82b6452565916573e8f2666a1f1c04e61b8,1.0,0.0,0.0,1.0,1.0,4.3060414656e-06,10.0,2026-01-01 12:27:23+00:00,2026-01-01 12:27:23+00:00,1.0,20.0,11.0,9.0,0.0003525776391773,1.0,2.247383213844e-06,0.0,0.0,0.0,0.0,0.0,1.8181818181818181,20.0,1.0,False,False,False,False,0,False,False,False
0x5b07f8dd2d595dfe6539f49e3bbae1e846c137cb,1.0,0.0,0.0,1.0,1.0,5.95854588e-06,1889.237552,2026-02-25 07:53:47+00:00,2026-02-25 07:53:47+00:00,1.0,5.0,2.0,4.0,4.349768054e-05,1.0,3.4914631e-06,0.0,1.0,0.0,3.61065161e-06,3.61065161e-06,2.5,5.0,1.0,False,False,False,False,0,False,False,False
0x5b10d569db9d6a5173ffb7b27e49f479888a5a69,1.0,0.0,0.0,1.0,1.0,6.700484556898e-06,27499.594367,2026-01-18 03:39:35+00:00,2026-01-18 03:39:35+00:00,1.0,3.0,2.0,3.0,3.2613309331846e-05,1.0,3.402893617826e-06,0.0,1.0,0.0,3.275619e-05,0.0,1.5,3.0,1.0,False,False,False,False,0,False,False,False
0x5b7905b8a272ff0433e273850a9564860978de2e,1.0,0.0,0.0,1.0,1.0,1.3159305153412e-05,51011.795901,2026-01-20 10:26:11+00:00,2026-01-20 10:26:11+00:00,1.0,3.0,1.0,3.0,4.4797846011134e-05,1.0,6.66210493097e-06,0.0,0.0,0.0,0.0,0.0,3.0,3.0,1.0,False,False,False,False,0,False,False,False
0x5bb4a0c4001a4c30c06d67b922728dc0a2d685e9,2.0,0.0,0.0,1.0,1.0,3.6222208972414005e-05,500.312815,2025-11-25 10:37:59+00:00,2025-11-25 10:52:59+00:00,2.0,5.0,4.0,4.0,0.000920251769627565,1.0,9.595141728282e-06,0.0,2.0,0.0,4.7117657863227994e-05,4.7117657863227994e-05,1.25,2.5,0.5,False,False,False,False,0,False,False,False
0x5bb7e9014248dc51eda8e4ef1080bd650f14926c,1.0,0.0,0.0,1.0,1.0,1.0644745561002e-05,10.0,2026-01-10 16:44:47+00:00,2026-01-10 16:44:47+00:00,1.0,10.0,5.0,9.0,3.7321745649974e-05,1.0,5.041339315492e-06,0.0,0.0,0.0,0.0,0.0,2.0,10.0,1.0,False,False,False,False,0,False,False,False
0x5c0a698074730abd57344eba43c2d439e28cadd5,3.0,0.0,0.0,3.0,2.0,0.000105946690526786,235.49504299999998,2025-11-26 20:59:47+00:00,2025-12-16 05:57:59+00:00,1.0,33.0,15.0,3.0,0.00088063625740145,10.0,0.00020633377088822,2.0,7.0,4.0,0.000345510831935,0.000225364733834055,2.2,11.0,3.3333333333333335,False,False,False,False,0,False,False,False
0x5c502bf5487178f67247da147156a68c24559562,4.0,0.0,0.0,4.0,3.0,0.000439364066811388,1098958.31879,2025-11-11 19:46:11+00:00,2026-01-15 18:24:35+00:00,1.0,16.0,11.0,7.0,0.000865892825024773,4.0,0.000196035573464632,0.0,0.0,0.0,0.0,0.0,1.4545454545454546,4.0,1.0,False,False,False,False,0,False,False,False
0x5c7e4e119da5d398551db130a683629f1c8b77e8,1.0,0.0,0.0,1.0,1.0,8.690613932077e-06,63322.381306,2026-02-26 10:26:23+00:00,2026-02-26 10:26:23+00:00,1.0,6.0,2.0,6.0,8.3208861368004e-05,1.0,5.090539111262e-06,0.0,0.0,0.0,0.0,0.0,3.0,6.0,1.0,False,False,False,False,0,False,False,False
0x5cdf07d528976d420d50a447a38f42a032376091,1.0,0.0,0.0,1.0,1.0,0.000102950270940186,510.190456,2025-11-21 09:21:23+00:00,2025-11-21 09:21:23+00:00,1.0,1.0,1.0,1.0,4.2531693976364e-05,1.0,4.2531693976364e-05,3.0,1.0,0.0,2.6171828538403e-05,0.0,1.0,1.0,1.0,False,False,False,False,0,False,False,False
0x5d062cfee5ba69339d6d2ab5a853ace3e898f2ff,6.0,0.0,0.0,6.0,1.0,0.000605510913318009,6530.861697,2026-01-18 06:57:59+00:00,2026-01-30 09:16:23+00:00,1.0,1.0,1.0,1.0,5.0436360733797e-05,1.0,5.0436360733797e-05,0.0,0.0,0.0,0.0,0.0,1.0,0.16666666666666666,0.16666666666666666,False,False,False,False,0,False,False,False
0x5d089cfdc94c0d54aeaaa416823683c8e31c0a4b,1.0,0.0,0.0,1.0,1.0,0.000103491698225949,499.802963,2025-11-07 21:01:47+00:00,2025-11-07 21:01:47+00:00,1.0,1.0,1.0,1.0,4.9784951069526e-05,1.0,4.9784951069526e-05,0.0,0.0,0.0,0.0,0.0,1.0,1.0,1.0,False,False,False,False,0,False,False,False
0x5d1b628290508e563b8917a8b1665141983146ee,2.0,0.0,0.0,2.0,1.0,0.0009643475122234799,2018.158719,2025-11-04 22:12:47+00:00,2025-11-10 17:06:11+00:00,1.0,1.0,1.0,1.0,0.000309850044540633,1.0,0.000309850044540633,0.0,1.0,0.0,2.0250685563492e-05,0.0,1.0,0.5,0.5,False,False,False,False,0,False,False,False
0x5d23ffdcc903fb15d4bef0d1fdd13de621d9f632,1.0,0.0,0.0,1.0,1.0,0.000234636253977814,500.0,2026-02-07 10:24:23+00:00,2026-02-07 10:24:23+00:00,1.0,1.0,1.0,1.0,0.00010248184682739,1.0,0.00010248184682739,1.0,1.0,0.0,4.6695236967805e-05,0.0,1.0,1.0,1.0,False,False,False,False,0,False,False,False
0x5d2d9573c042d431e4551d244bd73a55aa33cb24,3.0,0.0,0.0,2.0,1.0,0.000114334936547594,5269.8119209999995,2026-02-20 22:43:11+00:00,2026-02-24 10:48:23+00:00,1.5,45.0,14.0,6.0,0.000767699862843801,3.0,1.2413473513278e-05,0.0,1.0,1.0,9.519135606229999e-06,9.519135606229999e-06,3.2142857142857144,15.0,1.0,False,False,False,False,0,False,False,False
0x5d46cab0218774f63c66782d3c9eb85337d52c58,1.0,0.0,0.0,1.0,1.0,9.842415675301e-06,99998.5,2025-11-10 07:15:11+00:00,2025-11-10 07:15:11+00:00,1.0,34.0,20.0,13.0,0.000865811365847597,1.0,4.511558746044e-06,0.0,0.0,0.0,0.0,0.0,1.7,34.0,1.0,False,False,False,False,0,False,False,False
0x5daf465a9ccf64deb146eeae9e7bd40d6761c986,17.0,0.0,0.0,6.0,2.0,0.000384946807821286,6.2573,2026-01-08 10:09:23+00:00,2026-02-28 13:16:59+00:00,2.8333333333333335,102.0,19.0,21.0,0.002933610768275734,16.0,0.000150864893558214,0.0,0.0,0.0,0.0,0.0,5.368421052631579,6.0,0.9411764705882353,False,False,False,False,0,False,False,False
0x5db012ca7089d10f8c2cf141fe1936697d72cc5d,1.0,0.0,0.0,1.0,1.0,0.000254445407268283,472271.937626,2026-02-18 20:09:47+00:00,2026-02-18 20:09:47+00:00,1.0,4.0,2.0,4.0,0.000340537562580046,1.0,0.000129164561199738,0.0,0.0,0.0,0.0,0.0,2.0,4.0,1.0,False,False,False,False,0,False,False,False
0x5db3d1b6c8685d45398b0045078642022f8783ea,15.0,0.0,0.0,7.0,1.0,0.002227645195133973,88172.739241,2025-11-04 21:39:11+00:00,2025-11-22 22:39:11+00:00,2.142857142857143,14.0,8.0,3.0,0.001408009528140888,10.0,0.00066151286528245,0.0,0.0,0.0,0.0,0.0,1.75,0.9333333333333333,0.6666666666666666,False,False,False,False,0,False,False,False
0x5db5286cec9a28d76feb4ee22e0722e6a6912b22,6.0,0.0,0.0,3.0,1.0,0.0012398476733193671,96595.186021,2026-02-06 00:51:47+00:00,2026-02-20 13:25:35+00:00,2.0,55.0,21.0,14.0,0.002444866397351383,6.0,0.0006075713059951651,0.0,2.0,0.0,5.02189378884e-06,5.02189378884e-06,2.619047619047619,9.166666666666666,1.0,False,False,False,False,0,False,False,False
0x5dc0e45a56090db773bf79083bcd69cd5d5a7865,1.0,0.0,0.0,1.0,1.0,0.000187304451701466,17700.0,2026-01-10 18:14:47+00:00,2026-01-10 18:14:47+00:00,1.0,0.0,0.0,0.0,0.0,0.0,0.0,1.0,0.0,0.0,0.0,0.0,0.0,0.0,0.0,False,False,False,False,0,False,False,False
0x5dc967a976597a06aaec24b158cec6c1decd09fb,1.0,0.0,0.0,1.0,1.0,5.4198093233284e-05,19463.7351,2025-11-01 14:58:11+00:00,2025-11-01 14:58:11+00:00,1.0,2.0,1.0,1.0,4.5605384952855e-05,2.0,4.5605384952855e-05,1.0,0.0,0.0,0.0,0.0,2.0,2.0,2.0,False,False,False,False,0,False,False,False
0x5ddb6955f9d33731aa95d5be6fd511771a9afcab,1.0,1.0,0.0,1.0,1.0,1.552692430696e-05,4034.985294,2026-02-27 02:27:59+00:00,2026-02-27 02:27:59+00:00,1.0,1.0,1.0,1.0,3.68947717182e-06,1.0,3.68947717182e-06,0.0,1.0,0.0,1.4696891248828e-05,1.4696891248828e-05,1.0,1.0,1.0,False,False,False,False,0,False,False,False
0x5de6683cbc50774fda3ce6d7b0d374c2d2e7960b,1.0,0.0,0.0,1.0,1.0,3.52711793e-06,658.6377,2025-12-03 04:40:23+00:00,2025-12-03 04:40:23+00:00,1.0,2.0,2.0,2.0,3.32594289e-06,1.0,1.58260299e-06,0.0,0.0,0.0,0.0,0.0,1.0,2.0,1.0,False,False,False,False,0,False,False,False
0x5df610116c2d96d107fedc8bcd755676dfd2144b,1.0,0.0,0.0,1.0,1.0,0.000255845753757703,73249.844,2025-11-12 16:20:23+00:00,2025-11-12 16:20:23+00:00,1.0,2.0,2.0,2.0,0.0001470863243126,1.0,0.000145083339345368,0.0,0.0,0.0,0.0,0.0,1.0,2.0,1.0,False,False,False,False,0,False,False,False
0x5e0acbbb94ab8195a478fe8355bd9b7ba4194e2d,1.0,0.0,0.0,1.0,1.0,0.000213944451291448,1.0,2025-12-15 19:30:23+00:00,2025-12-15 19:30:23+00:00,1.0,0.0,0.0,0.0,0.0,0.0,0.0,1.0,1.0,0.0,6.576566465316e-05,0.0,0.0,0.0,0.0,False,False,False,False,0,False,False,False
0x5e0ef3ff9c681a42319ca2d33ba3f3eb4d79cf15,2.0,0.0,0.0,1.0,1.0,1.3627463665048e-05,59998.0,2026-01-29 09:11:59+00:00,2026-01-29 10:43:23+00:00,2.0,12.0,9.0,4.0,0.002458719340628766,0.0,0.0,5.0,4.0,0.0,0.00173135422752202,0.0,1.3333333333333333,6.0,0.0,False,False,False,False,0,False,False,False
0x5e1d2531f355535fe25dac07c3ecf08eb299ff8d,2.0,0.0,0.0,2.0,1.0,0.000468659107809434,19.0,2026-02-14 04:18:11+00:00,2026-02-20 05:09:23+00:00,1.0,7.0,3.0,5.0,0.002923463264307194,2.0,0.000238426116329168,0.0,2.0,0.0,0.0002842884762363,0.0002842884762363,2.3333333333333335,3.5,1.0,False,False,False,False,0,False,False,False
0x5e2888d1cad035aa308d7c762db9dbe15fbbf6ca,3.0,0.0,0.0,2.0,1.0,0.000603695927249743,41123.732940999995,2025-12-28 04:52:59+00:00,2025-12-29 11:33:35+00:00,1.5,4.0,3.0,4.0,0.001378076533100851,1.0,9.9266559999453e-05,0.0,0.0,0.0,0.0,0.0,1.3333333333333333,1.3333333333333333,0.3333333333333333,False,False,False,False,0,False,False,False
0x5ea2b6f0294f084e3d7a3d77de2abd41b566d994,1.0,1.0,0.0,1.0,1.0,0.000538047878092096,1061.86088,2025-12-01 16:00:59+00:00,2025-12-01 16:00:59+00:00,1.0,2.0,2.0,2.0,0.000494789952271707,1.0,0.000224461474648407,0.0,1.0,0.0,0.000227945181304424,0.000227945181304424,1.0,2.0,1.0,False,False,False,False,0,False,False,False
0x5eaa8bdc315608e8cf873cfaba05e42826f68c4d,16.0,16.0,0.0,3.0,1.0,0.000444808897694256,236404.835982,2026-02-24 07:35:35+00:00,2026-02-28 00:56:35+00:00,5.333333333333333,100.0,43.0,9.0,0.003479174743183116,2.0,2.118522406639e-05,3.0,2.0,0.0,0.000136894954916457,0.0,2.3255813953488373,6.25,0.125,False,False,False,False,0,False,False,False
0x5eb626cc0a4e04239accbdaec3bd8ab3a665a0d6,1.0,0.0,0.0,1.0,1.0,7.7847685420581e-05,1.0,2025-12-08 20:00:35+00:00,2025-12-08 20:00:35+00:00,1.0,6.0,4.0,5.0,0.000324380927097092,2.0,8.535616665018801e-05,6.0,8.0,6.0,0.0017061489838434201,9.3547284655713e-05,1.5,6.0,2.0,False,False,False,False,0,False,False,False
0x5eb94026737af1277f7c6007bb807205e28b2ff7,2.0,0.0,0.0,1.0,1.0,9.442346084441001e-06,4206569.530124,2025-12-15 09:55:23+00:00,2025-12-15 10:01:23+00:00,2.0,1.0,1.0,1.0,2.171692581552e-06,1.0,2.171692581552e-06,1.0,1.0,0.0,1.2832160081918e-05,1.2832160081918e-05,1.0,0.5,0.5,False,False,False,False,0,False,False,False
0x5ed29d884e46982181fc301a6186ebf60aae5bfa,1.0,0.0,0.0,1.0,1.0,2.5768716385086e-05,7810.645535,2026-02-17 16:55:23+00:00,2026-02-17 16:55:23+00:00,1.0,1.0,1.0,1.0,1.470018723679e-05,1.0,1.470018723679e-05,0.0,1.0,0.0,6.0504223356936e-05,6.0504223356936e-05,1.0,1.0,1.0,False,False,False,False,0,False,False,False
0x5f1a018f0d9f3965b1050e5cf58c68bce7eb01ab,1.0,0.0,0.0,1.0,1.0,2.972664297335e-06,99669.003089,2025-12-31 06:13:11+00:00,2025-12-31 06:13:11+00:00,1.0,1.0,1.0,1.0,1.351694022285e-06,1.0,1.351694022285e-06,0.0,0.0,0.0,0.0,0.0,1.0,1.0,1.0,False,False,False,False,0,False,False,False
0x5f37baa1799f3612cc131f281e63b90349e59e20,3.0,0.0,0.0,2.0,2.0,4.9431650398738e-05,1098.110676,2025-11-10 02:03:59+00:00,2025-12-22 03:40:23+00:00,1.5,5.0,5.0,5.0,7.4247271039161e-05,2.0,1.2949299286653e-05,2.0,1.0,0.0,0.000430451937834195,0.0,1.0,1.6666666666666667,0.6666666666666666,False,False,False,False,0,False,False,False
0x5f8e50be79880b16bd75ebdab8638170511a0b5f,40.0,0.0,0.0,23.0,4.0,0.001422008135214467,1114493.922088,2025-11-07 19:33:59+00:00,2026-02-02 21:59:35+00:00,1.7391304347826086,49.0,23.0,3.0,0.001572239464930782,3.0,4.6211389465062e-05,1.0,3.0,0.0,0.0014581368374690959,6.9221748595001e-05,2.130434782608696,1.225,0.075,True,False,False,False,0,False,False,True
0x5f9306c492104d76445dfc15d32e9e9c9de11936,3.0,0.0,0.0,2.0,2.0,0.000219148216570646,150010.0001,2025-12-22 16:52:11+00:00,2026-01-25 17:02:59+00:00,1.5,5.0,3.0,2.0,0.000292480605584756,1.0,1.929913751046e-06,0.0,0.0,0.0,0.0,0.0,1.6666666666666667,1.6666666666666667,0.3333333333333333,False,False,False,False,0,False,False,False
0x5f950c10328d7f564c635ad9acf8d1deea196f87,1.0,0.0,0.0,1.0,1.0,1.0613761101746e-05,4276.3507,2026-01-02 06:17:47+00:00,2026-01-02 06:17:47+00:00,1.0,1.0,1.0,1.0,4.806667124154e-06,1.0,4.806667124154e-06,0.0,1.0,0.0,5.7445e-05,0.0,1.0,1.0,1.0,False,False,False,False,0,False,False,False
0x5fb0a30278c1b6ee4681a48f2a23bd84c2762835,1.0,0.0,0.0,1.0,1.0,0.000198414191004008,500.0,2025-11-13 22:06:23+00:00,2025-11-13 22:06:23+00:00,1.0,0.0,0.0,0.0,0.0,0.0,0.0,9.0,1.0,0.0,4.02269e-05,0.0,0.0,0.0,0.0,False,False,False,False,0,False,False,False
0x5fd1867454a5c200ac9657179b3a4529fb03bbb0,1.0,0.0,0.0,1.0,1.0,0.000232273693104128,200000.0,2025-11-09 13:30:23+00:00,2025-11-09 13:30:23+00:00,1.0,1.0,1.0,1.0,0.000116960724398882,1.0,0.000116960724398882,0.0,0.0,0.0,0.0,0.0,1.0,1.0,1.0,False,False,False,False,0,False,False,False
0x5fd29886c066930eee86fddb215281a7683e8d39,1.0,0.0,0.0,1.0,1.0,0.000193735629453114,147015.958126,2025-11-08 13:24:23+00:00,2025-11-08 13:24:23+00:00,1.0,4.0,3.0,2.0,0.00021475293764672499,1.0,7.264849994312e-06,2.0,0.0,0.0,0.0,0.0,1.3333333333333333,4.0,1.0,False,False,False,False,0,False,False,False
0x5fe25d8e373ef0ce6a1b238c39e11614446aa53d,7.0,1.0,0.0,5.0,2.0,0.001371970829260991,9659.510275,2025-11-04 19:32:11+00:00,2025-12-28 08:22:59+00:00,1.4,3.0,1.0,2.0,0.000133488191196938,1.0,3.953051472346e-05,2.0,2.0,0.0,0.00045903744167696,0.0,3.0,0.42857142857142855,0.14285714285714285,False,False,False,False,0,False,False,False
0x5ffcd0c28fa4c136f06e042d08e2444bc27efb78,1.0,0.0,0.0,1.0,1.0,0.000155597692744611,2308.0,2025-11-05 12:13:59+00:00,2025-11-05 12:13:59+00:00,1.0,1.0,1.0,1.0,7.9428933413928e-05,1.0,7.9428933413928e-05,0.0,0.0,0.0,0.0,0.0,1.0,1.0,1.0,False,False,False,False,0,False,False,False
0x602891f78d87a870b303a4d54027c31c4b02f26e,1.0,0.0,0.0,1.0,1.0,5.166369803126e-06,19.805995,2026-01-25 00:20:59+00:00,2026-01-25 00:20:59+00:00,1.0,4.0,3.0,4.0,1.3928632568719e-05,1.0,1.85086730434e-06,1.0,1.0,0.0,4.7174202402944e-05,0.0,1.3333333333333333,4.0,1.0,False,False,False,False,0,False,False,False
0x602d11dbaa3db334fcb59e9ca3a3a056b543d3dd,1.0,1.0,0.0,1.0,1.0,0.00041555201848798,10490.287328,2025-11-19 12:47:35+00:00,2025-11-19 12:47:35+00:00,1.0,3.0,3.0,2.0,0.000359844338288866,1.0,0.000123445421341854,0.0,2.0,0.0,0.000152269837118991,0.0,1.0,3.0,1.0,False,False,False,False,0,False,False,False
0x60682f05673a2a4cf169a67e70659c1bf99abac4,1.0,0.0,0.0,1.0,1.0,0.000222982221339544,10.0,2025-11-15 08:22:47+00:00,2025-11-15 08:22:47+00:00,1.0,3.0,3.0,3.0,0.00025205073608977797,1.0,0.000101447320382964,0.0,0.0,0.0,0.0,0.0,1.0,3.0,1.0,False,False,False,False,0,False,False,False
0x607234e843e11428ca0d61d2dc8a729f0a601f36,4.0,0.0,0.0,4.0,1.0,0.00023852522914720502,39561.618412,2026-01-06 16:58:23+00:00,2026-01-28 05:46:59+00:00,1.0,16.0,11.0,6.0,0.00057215997650426,3.0,9.878723606475001e-05,7.0,1.0,0.0,0.000339321971935612,0.0,1.4545454545454546,4.0,0.75,False,False,False,False,0,False,False,False
0x60a6d69802239e8678f35cf3cff8af6d64ab4088,3.0,0.0,0.0,2.0,1.0,0.000851987811907986,611030.9664489999,2026-02-05 03:45:47+00:00,2026-02-06 01:39:11+00:00,1.5,26.0,5.0,7.0,0.009885217359496727,1.0,2.3596254588584e-05,3.0,2.0,2.0,0.002236372802196219,0.0,5.2,8.666666666666666,0.3333333333333333,False,False,False,False,0,False,False,False
0x60acc64ea33ecd4442887580e9c3b861dd141455,1.0,0.0,0.0,1.0,1.0,0.000236036003165662,82386.536,2025-11-05 18:12:23+00:00,2025-11-05 18:12:23+00:00,1.0,2.0,1.0,1.0,0.000193392749426766,2.0,0.000193392749426766,5.0,1.0,0.0,0.00065963955413709,0.0,2.0,2.0,2.0,False,False,False,False,0,False,False,False
0x60ec31b06eba840684f582d4f4fe0688991d8687,1.0,0.0,0.0,1.0,1.0,4.712752555588e-06,20720.314344,2026-01-15 00:00:35+00:00,2026-01-15 00:00:35+00:00,1.0,2.0,1.0,2.0,1.2641460510866998e-05,1.0,2.348708168722e-06,0.0,0.0,0.0,0.0,0.0,2.0,2.0,1.0,False,False,False,False,0,False,False,False
0x611d61c8c1cf3fe5dc49e220effd579bd91f1e96,1.0,0.0,0.0,1.0,1.0,1.4623217370887e-05,2321.1943,2026-01-07 01:31:47+00:00,2026-01-07 01:31:47+00:00,1.0,1.0,1.0,1.0,7.849552818808e-06,1.0,7.849552818808e-06,0.0,0.0,0.0,0.0,0.0,1.0,1.0,1.0,False,False,False,False,0,False,False,False
0x61dd8b5cc0b695cc8ee5d722c150e2780a6a66ef,1.0,0.0,0.0,1.0,1.0,0.000236468842102206,141616.120315,2026-01-30 12:09:11+00:00,2026-01-30 12:09:11+00:00,1.0,1.0,1.0,1.0,0.000109232938606869,1.0,0.000109232938606869,0.0,0.0,0.0,0.0,0.0,1.0,1.0,1.0,False,False,False,False,0,False,False,False
0x61e4d8f7b2ae35a662261707cbc527745a9dd30a,2.0,0.0,0.0,2.0,1.0,0.00046209819047049396,96000.0,2025-11-08 13:24:23+00:00,2025-11-15 13:59:23+00:00,1.0,1.0,1.0,1.0,0.000122332878133072,1.0,0.000122332878133072,0.0,0.0,0.0,0.0,0.0,1.0,0.5,0.5,False,False,False,False,0,False,False,False
0x61f4fddeab3187d626e9c8f4a9a59c6c46cd98aa,1.0,0.0,0.0,1.0,1.0,1.5272633378317e-05,73608.058102,2025-12-11 06:51:11+00:00,2025-12-11 06:51:11+00:00,1.0,1.0,1.0,1.0,6.86841179613e-06,1.0,6.86841179613e-06,0.0,0.0,0.0,0.0,0.0,1.0,1.0,1.0,False,False,False,False,0,False,False,False
0x621589f3918f0214a2280a86f698bb4464ec20c8,1.0,0.0,0.0,1.0,1.0,3.3347514520474e-05,445000.0,2026-02-20 16:00:23+00:00,2026-02-20 16:00:23+00:00,1.0,1.0,1.0,1.0,1.5381671042403e-05,1.0,1.5381671042403e-05,0.0,0.0,0.0,0.0,0.0,1.0,1.0,1.0,False,False,False,False,0,False,False,False
0x62172d913fc7ff4871c81aac2dc13851045ba96f,1.0,0.0,0.0,1.0,1.0,8.0841597632e-06,3500.0,2025-12-29 11:51:23+00:00,2025-12-29 11:51:23+00:00,1.0,6.0,3.0,4.0,0.000105687980744274,1.0,4.503663485808e-06,0.0,1.0,0.0,3.084375432705e-06,3.084375432705e-06,2.0,6.0,1.0,False,False,False,False,0,False,False,False
0x62349fbb833ba8c7c92eb9734a9b28d5229eca75,1.0,0.0,0.0,1.0,1.0,3.168673644613e-06,99470.010894,2025-12-31 07:05:59+00:00,2025-12-31 07:05:59+00:00,1.0,1.0,1.0,1.0,1.383912873525e-06,1.0,1.383912873525e-06,0.0,0.0,0.0,0.0,0.0,1.0,1.0,1.0,False,False,False,False,0,False,False,False
0x625330d20a7fb165ece5610db04a780af84cfa1a,1.0,0.0,0.0,1.0,1.0,1.1688881535909e-05,101.077995,2025-12-24 15:16:23+00:00,2025-12-24 15:16:23+00:00,1.0,1.0,1.0,1.0,7.734958824436e-06,1.0,7.734958824436e-06,0.0,0.0,0.0,0.0,0.0,1.0,1.0,1.0,False,False,False,False,0,False,False,False
0x626a419d6587c08a468b214864fa53117a29c54e,1.0,0.0,0.0,1.0,1.0,3.230181700669e-06,390000.0,2025-12-21 11:49:59+00:00,2025-12-21 11:49:59+00:00,1.0,2.0,1.0,2.0,2.6801995734900003e-06,1.0,1.382328409473e-06,0.0,0.0,0.0,0.0,0.0,2.0,2.0,1.0,False,False,False,False,0,False,False,False
0x6275f6d035cf8288f4dec264550b7bad0493675b,1.0,1.0,0.0,1.0,1.0,0.000471324292467196,12139.466015,2026-02-06 15:31:35+00:00,2026-02-06 15:31:35+00:00,1.0,1.0,1.0,1.0,0.000162713480599732,1.0,0.000162713480599732,0.0,1.0,0.0,0.000154582848469319,0.000154582848469319,1.0,1.0,1.0,False,False,False,False,0,False,False,False
0x627ea69fbc1fb269a94c5832a804b8ea99042154,1.0,0.0,0.0,1.0,1.0,5.813933152302e-05,15000.062507,2025-11-22 13:40:47+00:00,2025-11-22 13:40:47+00:00,1.0,7.0,2.0,4.0,0.00124327658175944,1.0,3.2532809904168e-05,0.0,0.0,0.0,0.0,0.0,3.5,7.0,1.0,False,False,False,False,0,False,False,False
0x628592e0b3d6ba98152b14ef6309f315b815cf85,2.0,0.0,0.0,1.0,1.0,0.00011537436741014,51949.444788,2025-12-24 11:25:23+00:00,2025-12-24 11:26:35+00:00,2.0,11.0,3.0,8.0,0.000292393658725804,2.0,5.5495767337957006e-05,0.0,2.0,0.0,6.6492428497628e-05,6.6492428497628e-05,3.6666666666666665,5.5,1.0,False,False,False,False,0,False,False,False
0x62dd16f64421f54ce9d803d8a5f91464c27f4bd9,1.0,0.0,0.0,1.0,1.0,0.000158492908,1000.01897,2026-02-04 16:13:59+00:00,2026-02-04 16:13:59+00:00,1.0,0.0,0.0,0.0,0.0,0.0,0.0,1.0,1.0,0.0,6.4571878813355e-05,0.0,0.0,0.0,0.0,False,False,False,False,0,False,False,False
0x631ab4b1a52dcf8606e9fbdf8e21b47fedab5d22,1.0,1.0,0.0,1.0,1.0,0.000399688281839286,7710.269647,2026-02-06 08:30:23+00:00,2026-02-06 08:30:23+00:00,1.0,3.0,2.0,2.0,0.000166240466971328,1.0,0.000122560815225066,0.0,1.0,0.0,0.000129542120077517,0.000129542120077517,1.5,3.0,1.0,False,False,False,False,0,False,False,False
0x63269a480ac5b74ab44186eb6593d3efee753bb4,1.0,0.0,0.0,1.0,1.0,3.168673644613e-06,99669.010729,2025-12-31 07:05:59+00:00,2025-12-31 07:05:59+00:00,1.0,1.0,1.0,1.0,1.383912873525e-06,1.0,1.383912873525e-06,0.0,0.0,0.0,0.0,0.0,1.0,1.0,1.0,False,False,False,False,0,False,False,False
0x633ef69a8e483b29d0a888a02effc39a41d9ba9d,1.0,0.0,0.0,1.0,1.0,6.8472397802767e-05,499.587493,2026-02-04 19:13:11+00:00,2026-02-04 19:13:11+00:00,1.0,1.0,1.0,1.0,3.5293444256376e-05,1.0,3.5293444256376e-05,0.0,2.0,1.0,0.000446247042252931,1.6688301980934e-05,1.0,1.0,1.0,False,False,False,False,0,False,False,False
0x636bbf93b4058c086f0b136808638acb72480ba6,1.0,0.0,0.0,1.0,1.0,2.881557104181e-05,46974.7312,2025-11-03 04:17:59+00:00,2025-11-03 04:17:59+00:00,1.0,1.0,1.0,1.0,1.5040933662699e-05,1.0,1.5040933662699e-05,3.0,1.0,0.0,1.588907209279e-05,0.0,1.0,1.0,1.0,False,False,False,False,0,False,False,False
0x638aa35c75c270ec9135cc05094a35a14619198b,1.0,0.0,0.0,1.0,1.0,0.000235568353625498,1000.0,2025-12-14 07:04:47+00:00,2025-12-14 07:04:47+00:00,1.0,7.0,3.0,4.0,0.0026794696657877343,1.0,0.00011353052584136,0.0,0.0,0.0,0.0,0.0,2.3333333333333335,7.0,1.0,False,False,False,False,0,False,False,False
0x639764bf44a4e6a1156d077492302ced50f675df,1.0,0.0,0.0,1.0,1.0,0.001407266372583569,1000.0,2026-02-05 16:00:35+00:00,2026-02-05 16:00:35+00:00,1.0,0.0,0.0,0.0,0.0,0.0,0.0,1.0,2.0,0.0,0.00037962854872707096,0.0,0.0,0.0,0.0,False,False,False,False,0,False,False,False
0x639ba504920f4532661ee00316d46fefa25936bf,2.0,0.0,0.0,1.0,1.0,0.00023619875626273198,151000.0,2025-11-08 02:36:11+00:00,2025-11-08 03:23:23+00:00,2.0,1.0,1.0,1.0,5.5688849238168e-05,1.0,5.5688849238168e-05,0.0,0.0,0.0,0.0,0.0,1.0,0.5,0.5,False,False,False,False,0,False,False,False
0x63b29dacb0876368e5a25b10ff2d18328004897a,2.0,0.0,0.0,2.0,1.0,0.000211587471330662,217024.956504,2026-01-07 23:07:59+00:00,2026-01-28 04:19:23+00:00,1.0,5.0,3.0,5.0,0.00025664552137143,1.0,5.2298416925712e-05,0.0,0.0,0.0,0.0,0.0,1.6666666666666667,2.5,0.5,False,False,False,False,0,False,False,False
0x63fed767a41202fe9c4be533fd38aa0934ec1d69,7.0,1.0,0.0,4.0,1.0,0.002895947671268629,195220.92072,2025-11-04 21:30:59+00:00,2025-11-16 22:57:35+00:00,1.75,0.0,0.0,0.0,0.0,0.0,0.0,1.0,1.0,0.0,6.8436115973727e-05,0.0,0.0,0.0,0.0,False,False,False,False,0,False,False,False
0x64116ca103296e438dfc0ba7352846cd72bd7328,1.0,0.0,0.0,1.0,1.0,0.000228621562235453,45000.0,2025-11-07 13:46:59+00:00,2025-11-07 13:46:59+00:00,1.0,16.0,11.0,10.0,0.000450204915525975,1.0,0.00011377164527214,0.0,0.0,0.0,0.0,0.0,1.4545454545454546,16.0,1.0,False,False,False,False,0,False,False,False
0x6411ccf17f7d3e2aae13f2ac8e2f596b0c2bc7f5,1.0,0.0,0.0,1.0,1.0,7.43305206035e-06,10000.0,2025-11-18 13:35:47+00:00,2025-11-18 13:35:47+00:00,1.0,4.0,2.0,4.0,0.000567532106733744,1.0,3.535634254598e-06,0.0,1.0,0.0,4.615430268282e-06,4.615430268282e-06,2.0,4.0,1.0,False,False,False,False,0,False,False,False
0x6420a51576732468eff4daffdb168f573cd2b2df,1.0,0.0,0.0,1.0,1.0,0.00047847872496336,12500.0,2026-02-05 18:41:23+00:00,2026-02-05 18:41:23+00:00,1.0,1.0,1.0,1.0,0.000285959370185038,1.0,0.000285959370185038,0.0,0.0,0.0,0.0,0.0,1.0,1.0,1.0,False,False,False,False,0,False,False,False
0x642802d7fb5a3ad7ed860886fd89a6f1871bf5ae,1.0,0.0,0.0,1.0,1.0,3.29290411571e-06,99470.001291,2025-12-31 07:06:35+00:00,2025-12-31 07:06:35+00:00,1.0,1.0,1.0,1.0,1.436328606435e-06,1.0,1.436328606435e-06,0.0,0.0,0.0,0.0,0.0,1.0,1.0,1.0,False,False,False,False,0,False,False,False
0x644a79558151a29c3364cb1152dfe2763f963101,2.0,0.0,0.0,1.0,1.0,0.000448713465007679,200200.0,2026-01-14 09:38:59+00:00,2026-01-14 09:39:59+00:00,2.0,2.0,2.0,2.0,0.000325289910789453,1.0,0.000116672289467578,0.0,0.0,0.0,0.0,0.0,1.0,1.0,0.5,False,False,False,False,0,False,False,False
0x6452f189b5083877c5322ecee7cdf94a9113b266,1.0,0.0,0.0,1.0,1.0,0.000232753186273608,10246.387845,2025-12-10 14:34:23+00:00,2025-12-10 14:34:23+00:00,1.0,2.0,1.0,2.0,0.000204177267264483,1.0,0.000105066384163389,0.0,0.0,0.0,0.0,0.0,2.0,2.0,1.0,False,False,False,False,0,False,False,False
0x64663c5a60449c979d3d688e0c7f714368917997,1.0,0.0,0.0,1.0,1.0,3.156362414772e-06,99768.000419,2025-12-31 07:14:35+00:00,2025-12-31 07:14:35+00:00,1.0,1.0,1.0,1.0,1.350444901935e-06,1.0,1.350444901935e-06,0.0,0.0,0.0,0.0,0.0,1.0,1.0,1.0,False,False,False,False,0,False,False,False
0x646c99d3e1e449916fb19979db1b8e74968ca268,2.0,0.0,0.0,2.0,2.0,0.000222362652991794,447046.88719599997,2025-12-25 19:23:47+00:00,2026-02-17 21:18:47+00:00,1.0,2.0,1.0,2.0,0.000198308936593233,1.0,9.9204580656e-05,0.0,0.0,0.0,0.0,0.0,2.0,1.0,0.5,False,False,False,False,0,False,False,False
0x648626445a9ac8c7506b67332e4802ab18405d26,3.0,0.0,0.0,3.0,1.0,0.000849109926706446,325000.000166,2026-02-03 18:34:35+00:00,2026-02-06 19:01:35+00:00,1.0,0.0,0.0,0.0,0.0,0.0,0.0,1.0,4.0,0.0,0.004880340580106081,1.4572239435318e-05,0.0,0.0,0.0,False,False,False,False,0,False,False,False
0x649ab83c42e8acf6e7cd2199f9e00611a33ab8c8,1.0,0.0,0.0,1.0,1.0,1.628133177258e-05,1205.825779,2026-01-01 17:02:23+00:00,2026-01-01 17:02:23+00:00,1.0,1.0,1.0,1.0,5.033277047868e-06,1.0,5.033277047868e-06,1.0,2.0,0.0,0.0030443566635599143,0.0,1.0,1.0,1.0,False,False,False,False,0,False,False,False
0x64a96f72d9a6ca22c08609b0ff5a2a242a11cb12,1.0,0.0,0.0,1.0,1.0,0.000228172339293745,500160.696301,2025-11-28 20:44:47+00:00,2025-11-28 20:44:47+00:00,1.0,2.0,1.0,1.0,0.00018305562774092202,2.0,0.00018305562774092202,0.0,0.0,0.0,0.0,0.0,2.0,2.0,2.0,False,False,False,False,0,False,False,False
0x64b976899deac37316391362c00f418bfcb028d5,1.0,0.0,0.0,1.0,1.0,0.000117649908414727,2000.0,2025-11-30 23:34:47+00:00,2025-11-30 23:34:47+00:00,1.0,1.0,1.0,1.0,5.1664409866737e-05,1.0,5.1664409866737e-05,0.0,1.0,0.0,6.0398704980084e-05,6.0398704980084e-05,1.0,1.0,1.0,False,False,False,False,0,False,False,False
0x64d6bdd7108e6e6f8733fde09d9fb44cc9fdb32c,1.0,0.0,0.0,1.0,1.0,0.000235862578430634,51000.0,2025-12-24 14:03:47+00:00,2025-12-24 14:03:47+00:00,1.0,2.0,1.0,2.0,0.000603050635125088,1.0,0.000113730735514064,0.0,0.0,0.0,0.0,0.0,2.0,2.0,1.0,False,False,False,False,0,False,False,False
0x64d99271a888312eb1ec7e14fedf764fedeee054,1.0,0.0,0.0,1.0,1.0,0.000102021433768884,201.339593,2025-11-24 18:00:47+00:00,2025-11-24 18:00:47+00:00,1.0,5.0,4.0,3.0,0.001144844061216266,2.0,8.87082354622e-06,0.0,1.0,0.0,5.908281641935e-06,0.0,1.25,5.0,2.0,False,False,False,False,0,False,False,False
0x64edb7cbff81023e9ec1ea49ed074e66996ee9b2,1.0,0.0,0.0,1.0,1.0,0.000425960916741436,768.0,2026-02-05 19:00:35+00:00,2026-02-05 19:00:35+00:00,1.0,0.0,0.0,0.0,0.0,0.0,0.0,1.0,3.0,0.0,0.002892316810162338,0.0,0.0,0.0,0.0,False,False,False,False,0,False,False,False
0x6501dba8615f6e0b5625acb3e7472631bfa186d7,1.0,0.0,0.0,1.0,1.0,5.828121602182e-05,65339.677718,2026-01-24 05:23:23+00:00,2026-01-24 05:23:23+00:00,1.0,9.0,7.0,7.0,0.000206943637695653,1.0,2.5979999393628e-05,0.0,0.0,0.0,0.0,0.0,1.2857142857142858,9.0,1.0,False,False,False,False,0,False,False,False
0x650fd93837d06be812e52d57e11c04be7c5b7b00,2.0,0.0,0.0,2.0,1.0,0.00048543629757789506,1811327.112457,2025-11-07 10:19:47+00:00,2025-11-17 16:32:47+00:00,1.0,7.0,2.0,4.0,0.00088777050286114,1.0,0.000182702480483896,0.0,0.0,0.0,0.0,0.0,3.5,3.5,0.5,False,False,False,False,0,False,False,False
0x654c0aeb1d632ed3433dda969365a5e89a2601d6,1.0,0.0,0.0,1.0,1.0,0.000205326094242863,160000.0,2026-01-05 09:40:11+00:00,2026-01-05 09:40:11+00:00,1.0,2.0,2.0,2.0,0.000539145124312096,0.0,0.0,1.0,0.0,0.0,0.0,0.0,1.0,2.0,0.0,False,False,False,False,0,False,False,False
0x6554eb402aa33021950b63ed2ad0146b71ca0e60,1.0,0.0,0.0,1.0,1.0,0.000327701926215839,259528.84946,2026-01-15 14:53:59+00:00,2026-01-15 14:53:59+00:00,1.0,1.0,1.0,1.0,0.000169978615910496,1.0,0.000169978615910496,0.0,0.0,0.0,0.0,0.0,1.0,1.0,1.0,False,False,False,False,0,False,False,False
0x65578cfa95a945104cb182c644d2f3cb0fb765d9,1.0,0.0,0.0,1.0,1.0,0.000226481561126754,5.801794,2025-12-17 13:14:35+00:00,2025-12-17 13:14:35+00:00,1.0,9.0,7.0,5.0,0.001847030548188148,1.0,0.000113902658931102,0.0,1.0,0.0,0.000116657924604038,0.000116657924604038,1.2857142857142858,9.0,1.0,False,False,False,False,0,False,False,False
0x6582b7c80df319553a988f62436b8a1be6b2b24c,5.0,0.0,0.0,5.0,2.0,0.00017620367429280298,1157.0,2025-11-01 02:13:47+00:00,2025-12-23 14:25:11+00:00,1.0,58.0,23.0,14.0,0.004140099417668163,4.0,3.1593704877326e-05,35.0,6.0,5.0,0.00027005574492743403,1.2026852746764999e-05,2.5217391304347827,11.6,0.8,False,False,False,False,0,False,False,False
0x65935e17aa6530500b219c98118de1c14641eef3,1.0,0.0,0.0,1.0,1.0,3.0687675457e-06,299.901682,2025-12-20 01:24:23+00:00,2025-12-20 01:24:23+00:00,1.0,1.0,1.0,1.0,1.546590739968e-06,1.0,1.546590739968e-06,0.0,1.0,0.0,2.675017307723e-06,2.675017307723e-06,1.0,1.0,1.0,False,False,False,False,0,False,False,False
0x65b9fca12d8e38b9e09a662c01d212b8433d3fe5,2.0,0.0,0.0,1.0,1.0,2.7106617549678e-05,300343.718512,2026-01-15 16:40:59+00:00,2026-01-15 16:42:59+00:00,2.0,18.0,11.0,5.0,9.7981570921125e-05,1.0,7.787973434343e-06,0.0,0.0,0.0,0.0,0.0,1.6363636363636365,9.0,0.5,False,False,False,False,0,False,False,False
0x65e18cae6ff995e83c98c56f30dd2ab03c4a49c8,1.0,0.0,0.0,1.0,1.0,3.099669571372e-06,99470.000333,2025-12-31 07:05:11+00:00,2025-12-31 07:05:11+00:00,1.0,1.0,1.0,1.0,1.38351724587e-06,1.0,1.38351724587e-06,0.0,0.0,0.0,0.0,0.0,1.0,1.0,1.0,False,False,False,False,0,False,False,False
0x65e2cb969ee02f023bc2ef9dc780af937d519462,1.0,0.0,0.0,1.0,1.0,0.000203720197800938,20097.0,2026-02-24 12:41:59+00:00,2026-02-24 12:41:59+00:00,1.0,0.0,0.0,0.0,0.0,0.0,0.0,1.0,2.0,1.0,0.001363445846169008,0.0,0.0,0.0,0.0,False,False,False,False,0,False,False,False
0x66029ae113424404d29f82aab1847fb8db699ad0,1.0,0.0,0.0,1.0,1.0,0.000216068374472295,20419.338241,2025-11-08 06:04:11+00:00,2025-11-08 06:04:11+00:00,1.0,1.0,1.0,1.0,0.00011872175629882,1.0,0.00011872175629882,0.0,1.0,0.0,0.000198736120099431,0.0,1.0,1.0,1.0,False,False,False,False,0,False,False,False
0x668b05fec80dc110569d3d546eb7a26f57685715,1.0,0.0,0.0,1.0,1.0,0.000101155414653638,46538.082835,2025-11-07 07:27:23+00:00,2025-11-07 07:27:23+00:00,1.0,1.0,1.0,1.0,4.6935816219108e-05,1.0,4.6935816219108e-05,0.0,0.0,0.0,0.0,0.0,1.0,1.0,1.0,False,False,False,False,0,False,False,False
0x669960d80e82a0c2d20c87ec1e9026096efd531e,1.0,0.0,0.0,1.0,1.0,3.33340786667e-06,99868.000519,2025-12-31 06:13:23+00:00,2025-12-31 06:13:23+00:00,1.0,1.0,1.0,1.0,1.410653085825e-06,1.0,1.410653085825e-06,0.0,0.0,0.0,0.0,0.0,1.0,1.0,1.0,False,False,False,False,0,False,False,False
0x66b72da284e5f7b810bf8c3b06b9dee6e2d57248,1.0,0.0,0.0,1.0,1.0,7.2480066907979e-05,0.3,2025-11-06 08:24:23+00:00,2025-11-06 08:24:23+00:00,1.0,155.0,42.0,25.0,0.002657402314469007,1.0,3.7930104517836e-05,0.0,3.0,1.0,9.5451639620823e-05,9.5451639620823e-05,3.6904761904761907,155.0,1.0,False,False,False,False,0,False,False,False
0x66cd62c6f8a4bb0cd8720488bcbd1a6221b765f9,1.0,0.0,0.0,1.0,1.0,0.000207787053536931,6000.0,2025-11-07 07:56:59+00:00,2025-11-07 07:56:59+00:00,1.0,1.0,1.0,1.0,8.616020217255e-05,1.0,8.616020217255e-05,2.0,1.0,0.0,0.000336054388128012,0.0,1.0,1.0,1.0,False,False,False,False,0,False,False,False
0x66d2940110a6d97f3e571d7edbbbc7317fc62219,1.0,0.0,0.0,1.0,1.0,9.5931193446432e-05,50.0,2025-12-23 21:17:47+00:00,2025-12-23 21:17:47+00:00,1.0,1.0,1.0,1.0,9.6371039915325e-05,0.0,0.0,3.0,2.0,0.0,0.000242777454863461,0.0,1.0,1.0,0.0,False,False,False,False,0,False,False,False
0x67007ea07f7e3c478bd9abb89b0da2abc7e98f77,1.0,0.0,0.0,1.0,1.0,8.16009924202e-06,30299.596545,2026-01-15 00:37:35+00:00,2026-01-15 00:37:35+00:00,1.0,1.0,1.0,1.0,4.238250947622e-06,1.0,4.238250947622e-06,0.0,1.0,0.0,2.847089362477e-05,0.0,1.0,1.0,1.0,False,False,False,False,0,False,False,False
0x67267fc6f3bfd1c0bc5abacd09bbc0858f8fd9e0,12.0,0.0,0.0,11.0,4.0,0.002611964039576393,14985.389749,2025-11-26 01:02:59+00:00,2026-02-05 18:03:47+00:00,1.0909090909090908,39.0,17.0,15.0,0.006095287034354461,1.0,0.00011529781149827,0.0,0.0,0.0,0.0,0.0,2.2941176470588234,3.25,0.08333333333333333,False,False,False,False,0,False,False,False
0x673437d956065fa0dc416c4a519cc5c37f6ad389,1.0,0.0,0.0,1.0,1.0,0.000220171604463965,4071.223001,2026-01-18 23:10:47+00:00,2026-01-18 23:10:47+00:00,1.0,7.0,4.0,3.0,0.000640801081333984,2.0,0.000153836565202536,0.0,0.0,0.0,0.0,0.0,1.75,7.0,2.0,False,False,False,False,0,False,False,False
0x675c25ecf50db98f1f958e3decec11e0ff325ebb,1.0,0.0,0.0,1.0,1.0,1.6833373414242e-05,1.0,2026-01-21 05:18:23+00:00,2026-01-21 05:18:23+00:00,1.0,128.0,22.0,23.0,0.004215199745151057,2.0,4.7825048137664004e-05,0.0,0.0,0.0,0.0,0.0,5.818181818181818,128.0,2.0,False,False,False,False,0,False,False,False
0x681f35f297751eadee27bbc5b6da0f830c029d29,4.0,0.0,0.0,4.0,2.0,0.001212453960572826,69882.56477,2025-11-03 17:46:59+00:00,2026-02-11 14:23:23+00:00,1.0,1.0,1.0,1.0,9.6988996254624e-05,1.0,9.6988996254624e-05,5.0,2.0,0.0,0.00135132451315028,0.0,1.0,0.25,0.25,False,False,False,False,0,False,False,False
0x682e54a021b8e6f42b1d9d774885342bad203296,1.0,0.0,0.0,1.0,1.0,2.84836618619e-05,10.0,2026-02-26 16:25:47+00:00,2026-02-26 16:25:47+00:00,1.0,4.0,2.0,3.0,0.000163821072960077,1.0,2.2397470784202e-05,2.0,1.0,0.0,1.6290385703915e-05,1.6290385703915e-05,2.0,4.0,1.0,False,False,False,False,0,False,False,False
0x683199889348e0c57006a8fc4d70f3090b13ecaf,1.0,0.0,0.0,1.0,1.0,6.480729075165e-05,149850.14985,2026-02-03 20:11:59+00:00,2026-02-03 20:11:59+00:00,1.0,0.0,0.0,0.0,0.0,0.0,0.0,2.0,1.0,0.0,0.00179645962787708,0.0,0.0,0.0,0.0,False,False,False,False,0,False,False,False
0x68562ed2b27fcd38343c7d4b4282a5239df7b219,1.0,0.0,0.0,1.0,1.0,2.2797225052833e-05,500037.132668,2025-11-11 10:32:47+00:00,2025-11-11 10:32:47+00:00,1.0,3.0,2.0,2.0,2.4567833918222003e-05,1.0,1.0087835723802e-05,0.0,0.0,0.0,0.0,0.0,1.5,3.0,1.0,False,False,False,False,0,False,False,False
0x686222f16a9abcf3ef6bec758d042f45598d51ca,1.0,0.0,0.0,1.0,1.0,9.481743681431e-06,20.0,2025-11-09 07:07:35+00:00,2025-11-09 07:07:35+00:00,1.0,3.0,2.0,3.0,3.8321935464528e-05,1.0,3.96095379697e-06,0.0,0.0,0.0,0.0,0.0,1.5,3.0,1.0,False,False,False,False,0,False,False,False
0x686f7039f4cb53253cf0c430ef7ebb5e5b607c85,1.0,0.0,0.0,1.0,1.0,4.629766676106e-06,0.1,2026-01-08 00:12:59+00:00,2026-01-08 00:12:59+00:00,1.0,29.0,10.0,8.0,0.00049745100635833,1.0,1.967517241515e-06,0.0,0.0,0.0,0.0,0.0,2.9,29.0,1.0,False,False,False,False,0,False,False,False
0x68880114a744cfb622862fa8fdeb174fd9259fc9,1.0,0.0,0.0,1.0,1.0,0.000217843260002715,695.686341,2025-11-02 17:24:11+00:00,2025-11-02 17:24:11+00:00,1.0,1.0,1.0,1.0,8.3795109305488e-05,1.0,8.3795109305488e-05,15.0,1.0,0.0,0.00140628232445313,0.0,1.0,1.0,1.0,False,False,False,False,0,False,False,False
0x688b4618683402e791b889a2a1f6c6f0bd13cf0f,1.0,0.0,0.0,1.0,1.0,0.000396453483775602,49999.076,2026-01-22 15:01:59+00:00,2026-01-22 15:01:59+00:00,1.0,1.0,1.0,1.0,0.000233723884205638,1.0,0.000233723884205638,0.0,0.0,0.0,0.0,0.0,1.0,1.0,1.0,False,False,False,False,0,False,False,False
0x6892922265266dcc043e3d6a0c03b31efc4448ee,2.0,0.0,0.0,1.0,1.0,0.003062671126367292,95350.0,2026-02-05 20:46:23+00:00,2026-02-05 21:18:11+00:00,2.0,0.0,0.0,0.0,0.0,0.0,0.0,1.0,1.0,0.0,0.00549857229999931,0.0,0.0,0.0,0.0,False,False,False,False,0,False,False,False
0x68bc736b217127efd0a8babf4c212878e79c6715,1.0,0.0,0.0,1.0,1.0,0.00021329974760595,4999.947303,2026-02-04 13:41:11+00:00,2026-02-04 13:41:11+00:00,1.0,2.0,1.0,2.0,0.00018819236188637498,1.0,0.00012708861024274,0.0,1.0,0.0,0.000344659070893483,0.0,2.0,2.0,1.0,False,False,False,False,0,False,False,False
0x68bd2209aa696d89e22fddc8acece77f7d289a56,2.0,1.0,0.0,1.0,1.0,0.003343693517619616,100166.557,2025-11-21 07:44:35+00:00,2025-11-21 07:52:35+00:00,2.0,1.0,1.0,1.0,0.000763966703793198,1.0,0.000763966703793198,0.0,1.0,0.0,0.00203824805728586,0.0,1.0,0.5,0.5,False,False,False,False,0,False,False,False
0x68c31ae286780406da822b993d8f0c83e551955d,1.0,0.0,0.0,1.0,1.0,9.103599261771e-06,23089.97,2026-01-15 20:40:59+00:00,2026-01-15 20:40:59+00:00,1.0,7.0,5.0,4.0,0.000254870916184489,2.0,7.026853427922001e-06,0.0,1.0,0.0,2.08661010457e-06,2.08661010457e-06,1.4,7.0,2.0,False,False,False,False,0,False,False,False
0x697001b6bdb710396b30596cd6a325057e99cd82,2.0,0.0,0.0,2.0,1.0,0.002162680399272176,949.528802,2026-02-03 18:07:11+00:00,2026-02-05 20:45:47+00:00,1.0,1.0,1.0,1.0,0.000140423819923665,1.0,0.000140423819923665,3.0,4.0,1.0,0.000547684837993963,0.0,1.0,0.5,0.5,False,False,False,False,0,False,False,False
0x6a736d2289deebacf3054b712ac76d6f08e54b7e,2.0,0.0,0.0,2.0,1.0,3.6287274085601004e-05,177010.813374,2025-11-12 19:31:47+00:00,2025-11-20 11:10:47+00:00,1.0,28.0,16.0,9.0,0.000127219338686758,2.0,1.7520124179017e-05,0.0,0.0,0.0,0.0,0.0,1.75,14.0,1.0,False,False,False,False,0,False,False,False
0x6ab15e81affdf3d1837e3f0af5453f1d81077201,1.0,0.0,0.0,1.0,1.0,7.071719010994e-06,28030.0,2026-02-24 03:05:59+00:00,2026-02-24 03:05:59+00:00,1.0,5.0,2.0,4.0,0.000521874790594433,1.0,3.89074e-06,0.0,0.0,0.0,0.0,0.0,2.5,5.0,1.0,False,False,False,False,0,False,False,False
0x6af1ed7899cf7c488140f037b84a4f31e629d9e9,1.0,0.0,0.0,1.0,1.0,3.757176080559e-06,9000.0,2025-12-23 12:22:35+00:00,2025-12-23 12:22:35+00:00,1.0,1.0,1.0,1.0,1.606822108896e-06,1.0,1.606822108896e-06,0.0,0.0,0.0,0.0,0.0,1.0,1.0,1.0,False,False,False,False,0,False,False,False
0x6b03d0a6c5d6646bbb90b9155eddcb259ca7ef11,1.0,0.0,0.0,1.0,1.0,0.000312487222481301,1050.584598,2026-02-05 19:28:11+00:00,2026-02-05 19:28:11+00:00,1.0,3.0,3.0,2.0,0.00099864664647621,1.0,0.000179885564246421,0.0,1.0,0.0,0.002721384417610925,0.0,1.0,3.0,1.0,False,False,False,False,0,False,False,False
0x6b082c0f3d3a8fccf99258d3ceabd341af7f2ae8,2.0,0.0,0.0,1.0,1.0,0.00044041804285407905,105.05888999999999,2025-12-15 16:35:23+00:00,2025-12-15 17:04:11+00:00,2.0,8.0,4.0,4.0,0.001914320413354617,2.0,0.00020741371918853998,0.0,1.0,0.0,0.000124690148568794,0.000124690148568794,2.0,4.0,1.0,False,False,False,False,0,False,False,False
0x6b0a6e1977c1aae5f3e9191ce15a05c62c6b3fd9,10.0,0.0,0.0,10.0,4.0,0.005440715744048674,12346.084125,2025-11-04 20:25:11+00:00,2026-02-24 15:31:59+00:00,1.0,0.0,0.0,0.0,0.0,0.0,0.0,1.0,2.0,0.0,0.000201349509849683,0.0,0.0,0.0,0.0,False,False,False,False,0,False,False,False
0x6b17bcd832ad25681ee3bfbc36dd64eb46bf98ff,1.0,0.0,0.0,1.0,1.0,1.2891842616666e-05,234717.981168,2026-01-16 16:46:11+00:00,2026-01-16 16:46:11+00:00,1.0,6.0,4.0,5.0,7.0935182010655e-05,1.0,9.095209555334e-06,0.0,0.0,0.0,0.0,0.0,1.5,6.0,1.0,False,False,False,False,0,False,False,False
0x6b219068624c428be3ae74dd4f46e62601baebde,3.0,0.0,0.0,2.0,2.0,0.00021448722032977598,6601.800912000001,2025-12-26 03:27:35+00:00,2026-02-05 00:10:23+00:00,1.5,6.0,3.0,3.0,0.000377052541317247,4.0,0.000113060077016811,0.0,1.0,0.0,4.59736e-06,4.59736e-06,2.0,2.0,1.3333333333333333,False,False,False,False,0,False,False,False
0x6b479c5c1104d5fd67bcd0d00ae1d32a8aee0626,12.0,1.0,0.0,7.0,2.0,0.000362643291499464,2255513.573621,2025-11-11 07:02:23+00:00,2025-12-17 18:16:59+00:00,1.7142857142857142,0.0,0.0,0.0,0.0,0.0,0.0,1.0,1.0,0.0,6.8678539478821e-05,0.0,0.0,0.0,0.0,False,False,False,False,0,False,False,False
0x6ba852b2643e62a2feac0d5a666ae5b98a14bb40,1.0,0.0,0.0,1.0,1.0,7.0571123928427e-05,590.927179,2025-11-07 21:05:11+00:00,2025-11-07 21:05:11+00:00,1.0,3.0,2.0,3.0,0.00020269920048211,1.0,3.935099521043e-05,0.0,0.0,0.0,0.0,0.0,1.5,3.0,1.0,False,False,False,False,0,False,False,False
0x6bfed825d8a7af0db6116601189c9b84656a45f9,1.0,0.0,0.0,1.0,1.0,6.997981345872e-06,40019.0,2025-12-14 11:36:11+00:00,2025-12-14 11:36:11+00:00,1.0,5.0,1.0,3.0,0.000331306306844914,1.0,3.857662095742e-06,0.0,0.0,0.0,0.0,0.0,5.0,5.0,1.0,False,False,False,False,0,False,False,False
0x6c073f1de8240696a4ca59ef38572f13dbbaab9c,1.0,0.0,0.0,1.0,1.0,4.447692958948e-06,115291.241008,2025-12-15 11:17:11+00:00,2025-12-15 11:17:11+00:00,1.0,1.0,1.0,1.0,1.522398069582e-06,1.0,1.522398069582e-06,4.0,2.0,0.0,0.000170404352242717,0.0,1.0,1.0,1.0,False,False,False,False,0,False,False,False
0x6c8bb7568e82422d64a50a680cdfb95e8104eda5,4.0,0.0,0.0,4.0,1.0,0.000261263313582519,10677.744046,2026-02-05 17:56:23+00:00,2026-02-26 13:27:11+00:00,1.0,0.0,0.0,0.0,0.0,0.0,0.0,1.0,0.0,0.0,0.0,0.0,0.0,0.0,0.0,False,False,False,False,0,False,False,False
0x6cb2e66e37ee5a9ed65545ed6f84ffc66c6d98ae,3.0,1.0,0.0,2.0,1.0,0.000307826439923727,69014.431529,2025-11-17 21:24:59+00:00,2025-11-20 05:05:23+00:00,1.5,1.0,1.0,1.0,3.3108914384794e-05,1.0,3.3108914384794e-05,0.0,2.0,0.0,0.0032828865557565858,0.0,1.0,0.3333333333333333,0.3333333333333333,False,False,False,False,0,False,False,False
0x6cc510139f38ddbd00695a46e9de33d27fb1a9f6,2.0,0.0,0.0,2.0,1.0,0.00041421348952686997,193999.76249599998,2025-11-20 12:35:59+00:00,2025-11-27 12:53:47+00:00,1.0,3.0,2.0,2.0,0.000339770375556815,1.0,0.00011903475833914,0.0,0.0,0.0,0.0,0.0,1.5,1.5,0.5,False,False,False,False,0,False,False,False
0x6cdf3acb65030aec17609a6e434d6c8ceb078f5b,1.0,0.0,0.0,1.0,1.0,8.790035320994e-06,180.051259,2025-11-01 13:01:35+00:00,2025-11-01 13:01:35+00:00,1.0,4.0,4.0,3.0,4.0469826343099004e-05,2.0,5.762861355876001e-06,0.0,1.0,0.0,9.970868612396e-06,9.970868612396e-06,1.0,4.0,2.0,False,False,False,False,0,False,False,False
0x6d17320d9785b8f3b18dbd2492a979fe6fec5d1d,4.0,1.0,0.0,2.0,1.0,0.000493000043519801,8132.32115,2026-02-10 22:42:11+00:00,2026-02-11 23:03:11+00:00,2.0,2.0,2.0,1.0,9.9133062783176e-05,2.0,9.9133062783176e-05,2.0,3.0,2.0,0.001527443212824854,7.6598717217794e-05,1.0,0.5,0.5,False,False,False,False,0,False,False,False
0x6d1b730aa76b613ac1e52f73f0cb70c42b50331c,3.0,0.0,0.0,1.0,1.0,1.7842673852195e-05,8744175.083999999,2025-12-15 11:18:35+00:00,2025-12-15 20:23:47+00:00,3.0,1.0,1.0,1.0,1.866407731533e-06,1.0,1.866407731533e-06,0.0,0.0,0.0,0.0,0.0,1.0,0.3333333333333333,0.3333333333333333,False,False,False,False,0,False,False,False
0x6d2d71b5a11ae1729612e73061dd8084f3452df0,1.0,0.0,0.0,1.0,1.0,2.1919540446125e-05,7440.260534,2025-11-12 19:28:35+00:00,2025-11-12 19:28:35+00:00,1.0,11.0,10.0,4.0,0.001350645905395669,2.0,1.5248984927412e-05,0.0,0.0,0.0,0.0,0.0,1.1,11.0,2.0,False,False,False,False,0,False,False,False
0x6dbf65020e3af3293e46c49591670f4bade9bbcf,1.0,0.0,0.0,1.0,1.0,3.983786926932e-05,4820.825221,2026-01-12 15:06:59+00:00,2026-01-12 15:06:59+00:00,1.0,2.0,2.0,2.0,5.6445223529667004e-05,1.0,1.7307223358607e-05,0.0,0.0,0.0,0.0,0.0,1.0,2.0,1.0,False,False,False,False,0,False,False,False
0x6e5c9d42a9a6dee173980f114e8713a858b1a977,1.0,0.0,0.0,1.0,1.0,6.613641528363e-05,2889279.0,2025-12-02 12:21:59+00:00,2025-12-02 12:21:59+00:00,1.0,6.0,1.0,6.0,0.000401230087555731,1.0,4.8554171745156e-05,0.0,0.0,0.0,0.0,0.0,6.0,6.0,1.0,False,False,False,False,0,False,False,False
0x6e6b81d4dcce7551da22da537b315bb04ff6cf3e,1.0,0.0,0.0,1.0,1.0,9.0577694736432e-05,549.704318,2026-01-31 21:41:59+00:00,2026-01-31 21:41:59+00:00,1.0,30.0,7.0,15.0,0.0048274058920916635,3.0,0.002074190536120946,3.0,2.0,1.0,0.0013387607617577238,0.0012273894743963238,4.285714285714286,30.0,3.0,False,False,False,False,0,False,False,False
0x6ee2171ecc49afd9e943af2d5f3160b133fc1eb5,1.0,0.0,0.0,1.0,1.0,0.00018916576463625,23065.568881,2025-12-04 02:05:23+00:00,2025-12-04 02:05:23+00:00,1.0,1.0,1.0,1.0,0.000113113324912402,1.0,0.000113113324912402,0.0,1.0,0.0,0.000184723067761163,0.0,1.0,1.0,1.0,False,False,False,False,0,False,False,False
0x6ee3798775fe47ca49f92a807c9f1a6b2ef32e00,1.0,0.0,0.0,1.0,1.0,4.00732417789e-06,13810.18,2025-12-22 06:27:11+00:00,2025-12-22 06:27:11+00:00,1.0,2.0,1.0,2.0,4.145214461102e-06,1.0,2.088964651868e-06,0.0,0.0,0.0,0.0,0.0,2.0,2.0,1.0,False,False,False,False,0,False,False,False
0x6ef0aecff4848661fe920b170829d53e131dea0a,1.0,0.0,0.0,1.0,1.0,3.68724254849e-06,10000.0,2026-01-25 10:23:47+00:00,2026-01-25 10:23:47+00:00,1.0,1.0,1.0,1.0,1.83347165219e-06,1.0,1.83347165219e-06,0.0,0.0,0.0,0.0,0.0,1.0,1.0,1.0,False,False,False,False,0,False,False,False
0x6f11473ff193bc902f067413757ce1f6b016a13b,1.0,0.0,0.0,1.0,1.0,0.000299126374694947,150.0,2025-11-17 17:55:23+00:00,2025-11-17 17:55:23+00:00,1.0,3.0,2.0,3.0,0.000129287042789218,1.0,2.1199794365868e-05,0.0,0.0,0.0,0.0,0.0,1.5,3.0,1.0,False,False,False,False,0,False,False,False
0x6f1707a13d2d04d2aeb5a7a2a8964940cfc9c920,1.0,0.0,0.0,1.0,1.0,0.000206326397494398,1076.727791,2025-11-07 10:20:23+00:00,2025-11-07 10:20:23+00:00,1.0,2.0,2.0,2.0,0.00014356519269527002,1.0,8.5603589941402e-05,10.0,1.0,0.0,0.00151668101895266,0.0,1.0,2.0,1.0,False,False,False,False,0,False,False,False
0x6f652411609aca8370faf57b98b5b3a7c171723d,3.0,1.0,0.0,1.0,1.0,0.001047326754272206,7007231.476402,2026-02-12 07:00:35+00:00,2026-02-12 20:11:11+00:00,3.0,1.0,1.0,1.0,8.0267193096186e-05,1.0,8.0267193096186e-05,2.0,1.0,0.0,0.00038819819059089,0.0,1.0,0.3333333333333333,0.3333333333333333,False,False,False,False,0,False,False,False
0x6f82cde7bc06928fd4c8465a33c401973593ec1f,1.0,0.0,0.0,1.0,1.0,4.213997324535e-06,120.226496,2026-01-04 14:06:59+00:00,2026-01-04 14:06:59+00:00,1.0,4.0,4.0,2.0,0.000330432417269895,1.0,2.173471426688e-06,0.0,1.0,0.0,1.305500653399e-06,1.305500653399e-06,1.0,4.0,1.0,False,False,False,False,0,False,False,False
0x6fd5d4b11572b8fb82c489cdaf9e8c5e75fbff58,5.0,0.0,0.0,2.0,1.0,0.000657807797868714,27441.655835999998,2026-02-01 22:21:47+00:00,2026-02-03 18:56:47+00:00,2.5,1.0,1.0,1.0,7.627024080504e-06,1.0,7.627024080504e-06,2.0,3.0,1.0,0.0021386771967932382,8.626072771468e-06,1.0,0.2,0.2,False,False,False,False,0,False,False,False
0x701075c6e1d2bf9a69a57ab221ab9f452f279fb3,2.0,1.0,0.0,2.0,2.0,0.001950442268379206,80000.004001,2025-11-19 00:58:59+00:00,2026-02-05 21:16:11+00:00,1.0,0.0,0.0,0.0,0.0,0.0,0.0,5.0,2.0,0.0,0.002656275894297158,0.0,0.0,0.0,0.0,False,False,False,False,0,False,False,False
0x705935041987dbfbbed6e47469d2e775916624a9,1.0,0.0,0.0,1.0,1.0,8.7561115164455e-05,1000.0,2026-01-21 04:10:47+00:00,2026-01-21 04:10:47+00:00,1.0,4.0,1.0,3.0,0.000338472081787952,1.0,4.2607431362432e-05,0.0,0.0,0.0,0.0,0.0,4.0,4.0,1.0,False,False,False,False,0,False,False,False
0x70644a67a01971c28395327ca9846e0247313bc9,2.0,0.0,0.0,1.0,1.0,0.000116953114362005,1350000.0,2025-12-07 19:16:23+00:00,2025-12-07 19:25:47+00:00,2.0,1.0,1.0,1.0,2.5329348154296e-05,0.0,0.0,6.0,0.0,0.0,0.0,0.0,1.0,0.5,0.0,False,False,False,False,0,False,False,False
0x707cb4dff19b3b00f1434d3703df442a3cd5fb1d,1.0,0.0,0.0,1.0,1.0,0.000230774474551968,20000.0,2026-01-31 21:53:35+00:00,2026-01-31 21:53:35+00:00,1.0,1.0,1.0,1.0,0.000613683052373952,0.0,0.0,1.0,1.0,1.0,0.000114803167027229,0.0,1.0,1.0,0.0,False,False,False,False,0,False,False,False
0x70a733feb3657362cc10bec27b28829f6fa4be1a,1.0,0.0,0.0,1.0,1.0,9.828118701597e-06,20.009164,2025-12-29 12:09:47+00:00,2025-12-29 12:09:47+00:00,1.0,1.0,1.0,1.0,4.025780102424e-06,1.0,4.025780102424e-06,0.0,0.0,0.0,0.0,0.0,1.0,1.0,1.0,False,False,False,False,0,False,False,False
0x70da2c719a6a15b0a590311873ec056e8900886c,1.0,0.0,0.0,1.0,1.0,4.009562145705e-06,100.0,2025-12-25 12:08:47+00:00,2025-12-25 12:08:47+00:00,1.0,4.0,2.0,3.0,9.377128116677e-06,1.0,1.873542879567e-06,0.0,0.0,0.0,0.0,0.0,2.0,4.0,1.0,False,False,False,False,0,False,False,False
0x70fc1ad83afc32d20670fa96d39527e0792512b1,1.0,0.0,0.0,1.0,1.0,3.8874197210544e-05,12342.923745,2026-02-09 18:18:59+00:00,2026-02-09 18:18:59+00:00,1.0,1.0,1.0,1.0,1.6025656115478e-05,1.0,1.6025656115478e-05,3.0,1.0,0.0,7.057776733876e-06,0.0,1.0,1.0,1.0,False,False,False,False,0,False,False,False
0x711902b30040bbb2a02277d1c5d1a9b3bb075fdb,1.0,0.0,0.0,1.0,1.0,3.3820306677157e-05,130000.0,2025-12-29 14:37:59+00:00,2025-12-29 14:37:59+00:00,1.0,1.0,1.0,1.0,0.000158511558861747,1.0,0.000158511558861747,0.0,0.0,0.0,0.0,0.0,1.0,1.0,1.0,False,False,False,False,0,False,False,False
0x7126b72a49a6d0fa07eb1115ab5b8bf4e1166366,4.0,0.0,0.0,2.0,1.0,0.000198776035433338,17028.625313,2025-12-19 08:02:23+00:00,2025-12-21 14:10:47+00:00,2.0,26.0,9.0,7.0,0.00032328839561904596,4.0,0.00015481881087589001,0.0,0.0,0.0,0.0,0.0,2.888888888888889,6.5,1.0,False,False,False,False,0,False,False,False
0x712d8507eb90bcc313cdd521585d3526f5499af7,6.0,0.0,0.0,5.0,3.0,8.4320182016492e-05,3411.8786250000003,2025-11-29 18:23:59+00:00,2026-01-03 03:50:47+00:00,1.2,4.0,4.0,2.0,0.000135490987540563,1.0,5.830430654322e-06,0.0,0.0,0.0,0.0,0.0,1.0,0.6666666666666666,0.16666666666666666,False,False,False,False,0,False,False,False
0x7157fe959224aa46da6edfa4ba4ec84c3ee51d5a,1.0,0.0,0.0,1.0,1.0,8.2544982912956e-05,242645.140342,2025-11-18 19:07:47+00:00,2025-11-18 19:07:47+00:00,1.0,6.0,2.0,3.0,0.000458151624536026,1.0,4.4706575016684e-05,0.0,0.0,0.0,0.0,0.0,3.0,6.0,1.0,False,False,False,False,0,False,False,False
0x717b383fb44d9a789fe56b4526a732d543575542,1.0,0.0,0.0,1.0,1.0,0.00022266508415006,20268.0,2025-11-17 06:33:35+00:00,2025-11-17 06:33:35+00:00,1.0,1.0,1.0,1.0,0.000101640569248278,1.0,0.000101640569248278,2.0,0.0,0.0,0.0,0.0,1.0,1.0,1.0,False,False,False,False,0,False,False,False
0x71b0fa6532a106a109e52cc24a9f521b105d9088,1.0,0.0,0.0,1.0,1.0,5.054229411826e-06,160430.190804,2026-01-07 06:11:47+00:00,2026-01-07 06:11:47+00:00,1.0,3.0,1.0,2.0,1.6591387376466e-05,1.0,3.169138572792e-06,0.0,0.0,0.0,0.0,0.0,3.0,3.0,1.0,False,False,False,False,0,False,False,False
0x71b43a210ba0f2329074446e2e6929ec58a96c14,2.0,0.0,0.0,2.0,2.0,0.00065977470413096,17421.3102,2025-11-04 20:09:47+00:00,2026-02-02 06:13:23+00:00,1.0,2.0,2.0,2.0,6.2575746028089e-05,0.0,0.0,1.0,1.0,0.0,5.5089005655676e-05,0.0,1.0,1.0,0.0,False,False,False,False,0,False,False,False
0x7248ab568b5a5787e3179b57a02530e4779eab75,3.0,0.0,0.0,1.0,1.0,0.001138035103400463,10895.867741,2026-02-03 18:47:11+00:00,2026-02-03 18:53:59+00:00,3.0,0.0,0.0,0.0,0.0,0.0,0.0,1.0,2.0,0.0,0.0022274100515575898,0.0,0.0,0.0,0.0,False,False,False,False,0,False,False,False
0x725bc7499c3b7e25bb805ccf174fbef6bcb9b5be,1.0,0.0,0.0,1.0,1.0,3.2949845693676e-05,705.0,2026-02-03 21:49:11+00:00,2026-02-03 21:49:11+00:00,1.0,1.0,1.0,1.0,1.8646357091427e-05,1.0,1.8646357091427e-05,0.0,1.0,0.0,1.1715170554898e-05,0.0,1.0,1.0,1.0,False,False,False,False,0,False,False,False
0x7269ce083e960bfd956c1059a2190514511e8e46,1.0,0.0,0.0,1.0,1.0,0.000192335943870482,65000.0,2025-12-22 11:22:35+00:00,2025-12-22 11:22:35+00:00,1.0,1.0,1.0,1.0,9.9174382553358e-05,1.0,9.9174382553358e-05,1.0,0.0,0.0,0.0,0.0,1.0,1.0,1.0,False,False,False,False,0,False,False,False
0x727040edeb92da0b96e9a54067d639020711ea15,3.0,3.0,0.0,3.0,3.0,0.000101690029974985,11393.242505,2025-11-02 15:24:23+00:00,2026-01-02 13:12:23+00:00,1.0,1.0,1.0,1.0,3.757275657374e-06,1.0,3.757275657374e-06,2.0,1.0,0.0,0.00103944505665268,0.0,1.0,0.3333333333333333,0.3333333333333333,False,False,False,False,0,False,False,False
0x727e0b4dace39c984eefe342875323de5662aa07,4.0,0.0,0.0,3.0,2.0,0.0006851940957,11023642.020336,2025-11-21 08:54:35+00:00,2025-12-11 12:42:59+00:00,1.3333333333333333,1.0,1.0,1.0,4.43264808e-05,0.0,0.0,1.0,1.0,0.0,3.48709756e-05,3.48709756e-05,1.0,0.25,0.0,False,False,False,False,0,False,False,False
0x7298be22f8679db7f58a99986ac6167e32b9b349,1.0,0.0,0.0,1.0,1.0,0.00085495405482537,120.0,2026-02-05 16:22:35+00:00,2026-02-05 16:22:35+00:00,1.0,22.0,13.0,7.0,0.0012491591264543961,1.0,0.000486586606390038,0.0,2.0,1.0,0.000162103303255347,7.67865399186e-05,1.6923076923076923,22.0,1.0,False,False,False,False,0,False,False,False
0x729f5ba9585928cf07cfd6a7bb812166e481ea82,4.0,0.0,0.0,3.0,1.0,0.0008975569987387821,2301.08124,2026-02-05 18:28:11+00:00,2026-02-10 04:59:47+00:00,1.3333333333333333,6.0,3.0,4.0,0.000519455236314904,2.0,0.00037201875074945203,0.0,0.0,0.0,0.0,0.0,2.0,1.5,0.5,False,False,False,False,0,False,False,False
0x72ba5d6e8049ff8acf9ff8da5a95bd28f6eac2f3,1.0,0.0,0.0,1.0,1.0,2.0516871792994e-05,2438.696638,2025-11-08 06:47:47+00:00,2025-11-08 06:47:47+00:00,1.0,2.0,1.0,1.0,1.8362509981048e-05,2.0,1.8362509981048e-05,0.0,0.0,0.0,0.0,0.0,2.0,2.0,2.0,False,False,False,False,0,False,False,False
0x72c6a4624e1dffa724e6d00d64ceae698af892a0,9.0,0.0,0.0,7.0,4.0,0.001431940681474631,666487.337295,2025-11-06 08:20:35+00:00,2026-02-23 12:29:59+00:00,1.2857142857142858,8.0,4.0,5.0,0.000574611169688005,0.0,0.0,1.0,1.0,0.0,0.00100054124003251,0.0,2.0,0.8888888888888888,0.0,False,False,False,False,0,False,False,False
0x72e6f9aab042c0190dd0b1be1c80c7acbf46bd42,1.0,0.0,0.0,1.0,1.0,0.000212611267521838,44465.021229,2025-11-13 13:14:47+00:00,2025-11-13 13:14:47+00:00,1.0,3.0,3.0,2.0,0.000181960108064372,2.0,0.000116122998595146,0.0,0.0,0.0,0.0,0.0,1.0,3.0,2.0,False,False,False,False,0,False,False,False
0x730ecf78d79c26d0342e5119d34bed45ab0d24c5,5.0,0.0,0.0,4.0,3.0,0.002228710333667394,44400.195776,2025-11-21 03:53:23+00:00,2026-02-12 00:38:47+00:00,1.25,0.0,0.0,0.0,0.0,0.0,0.0,1.0,1.0,0.0,6.3999611048889e-05,0.0,0.0,0.0,0.0,False,False,False,False,0,False,False,False
0x73361543ec8cac3302008842270262bac45a81d0,1.0,0.0,0.0,1.0,1.0,0.000188807413252185,211320.929215,2026-02-13 08:32:11+00:00,2026-02-13 08:32:11+00:00,1.0,0.0,0.0,0.0,0.0,0.0,0.0,1.0,0.0,0.0,0.0,0.0,0.0,0.0,0.0,False,False,False,False,0,False,False,False
0x736c3f333f6766c8ba73648b64ff5fcd42edae7d,1.0,0.0,0.0,1.0,1.0,9.285963592932e-06,34910.34,2025-11-09 11:51:23+00:00,2025-11-09 11:51:23+00:00,1.0,4.0,2.0,4.0,0.000660341738944116,1.0,4.943695523924e-06,0.0,0.0,0.0,0.0,0.0,2.0,4.0,1.0,False,False,False,False,0,False,False,False
0x73a2c0c82befd73a31d9e44aeed4a906dd5018ab,5.0,0.0,0.0,1.0,1.0,0.000190820073247159,74468.153647,2025-11-07 02:29:47+00:00,2025-11-07 21:53:23+00:00,5.0,6.0,2.0,5.0,0.007480275653160438,1.0,1.2226902432168e-05,1.0,0.0,0.0,0.0,0.0,3.0,1.2,0.2,False,False,False,False,0,False,False,False
0x73d38d824fb2a24d1d888da0e582a850cb34343b,2.0,0.0,0.0,1.0,1.0,0.0005035567946613179,7428653.099022,2026-01-15 15:37:35+00:00,2026-01-15 15:44:47+00:00,2.0,16.0,9.0,5.0,0.005282122289831349,1.0,0.00012755611058562,0.0,0.0,0.0,0.0,0.0,1.7777777777777777,8.0,0.5,False,False,False,False,0,False,False,False
0x73ea4ac3a8b16b6edbfa9eb42acd19ccb6ed4288,2.0,0.0,0.0,2.0,1.0,0.0005629047587304629,630.745054,2025-11-04 18:13:23+00:00,2025-11-07 06:52:35+00:00,1.0,2.0,2.0,1.0,0.000342057737272814,2.0,0.000342057737272814,0.0,1.0,0.0,5.161018863064e-06,0.0,1.0,1.0,1.0,False,False,False,False,0,False,False,False
0x74010783b6f49c9a130dd4c7df1677ce7a6c777a,1.0,0.0,0.0,1.0,1.0,1.61001295e-05,5000.0,2026-02-14 14:01:11+00:00,2026-02-14 14:01:11+00:00,1.0,41.0,9.0,14.0,0.000892450252077583,1.0,7.7314562e-06,0.0,0.0,0.0,0.0,0.0,4.555555555555555,41.0,1.0,False,False,False,False,0,False,False,False
0x740c2565b749a18da06ad612d4b38835077fa5e1,2.0,0.0,0.0,2.0,2.0,1.4847033685457e-05,39667.773595,2025-11-13 04:36:59+00:00,2026-01-25 01:04:35+00:00,1.0,9.0,7.0,7.0,5.7346192130607e-05,2.0,7.1642510574e-06,0.0,0.0,0.0,0.0,0.0,1.2857142857142858,4.5,1.0,False,False,False,False,0,False,False,False
0x7447b905dd1aada68f1c24dc44e2e6990b449c07,2.0,0.0,0.0,2.0,1.0,1.1192869206048e-05,10.5,2025-12-02 01:27:47+00:00,2025-12-22 01:53:23+00:00,1.0,0.0,0.0,0.0,0.0,0.0,0.0,3.0,0.0,0.0,0.0,0.0,0.0,0.0,0.0,False,False,False,False,0,False,False,False
0x745c3664af82fc465521b6b8af736026a888ef74,1.0,0.0,0.0,1.0,1.0,9.047966972679e-06,9824.206023,2025-12-29 13:17:23+00:00,2025-12-29 13:17:23+00:00,1.0,4.0,3.0,3.0,0.00042792664619345397,1.0,3.84063421655e-06,0.0,0.0,0.0,0.0,0.0,1.3333333333333333,4.0,1.0,False,False,False,False,0,False,False,False
0x74f714877f2db1028c43642d0b8b7cbfa7650ab8,3.0,0.0,0.0,1.0,1.0,7.475967088381799e-05,2819.606048,2025-11-10 22:04:47+00:00,2025-11-10 22:30:35+00:00,3.0,1.0,1.0,1.0,8.285996040696e-06,0.0,0.0,3.0,2.0,0.0,0.002511566106482679,0.0,1.0,0.3333333333333333,0.0,False,False,False,False,0,False,False,False
0x7521e39842c3bfbf8da9579943f4fdc8d16abb9c,1.0,0.0,0.0,1.0,1.0,3.1444877757024e-05,10142.963408,2026-01-29 14:00:23+00:00,2026-01-29 14:00:23+00:00,1.0,6.0,3.0,3.0,0.000239771615499088,2.0,3.5191328178e-05,0.0,0.0,0.0,0.0,0.0,2.0,6.0,2.0,False,False,False,False,0,False,False,False
0x75352c2dba3f2cd4157d75eee6c4ad31f5a89912,4.0,0.0,0.0,4.0,2.0,0.0009049048571399319,287950.54212,2025-11-30 11:37:23+00:00,2026-01-15 15:11:47+00:00,1.0,9.0,7.0,5.0,0.001522731335800637,3.0,0.000293238319449083,0.0,1.0,0.0,0.000119029651482408,0.000119029651482408,1.2857142857142858,2.25,0.75,False,False,False,False,0,False,False,False
0x75785e3d310730486238187a4c704fb554caed13,3.0,0.0,0.0,3.0,3.0,0.000699706498313761,11540.9879,2025-11-25 14:04:47+00:00,2026-01-03 10:29:35+00:00,1.0,2.0,2.0,2.0,0.000327453699523116,1.0,0.000166476725451639,0.0,1.0,0.0,0.000248341799429721,0.0,1.0,0.6666666666666666,0.3333333333333333,False,False,False,False,0,False,False,False
0x757db7c1d65b1d3144e2afb3de8aa3d6ee87594c,2.0,0.0,0.0,2.0,2.0,0.0006818341579739511,1291622.450316,2025-11-07 17:00:23+00:00,2026-02-24 08:40:35+00:00,1.0,3.0,3.0,2.0,0.00039331319005123805,2.0,0.000268465683574592,0.0,1.0,0.0,4.7996651774971e-05,0.0,1.0,1.5,1.0,False,False,False,False,0,False,False,False
0x758245ed65c9af7dfe401fc40d47386fb82d8387,3.0,0.0,0.0,3.0,2.0,0.00020873376368921,574919.0,2025-12-28 16:01:35+00:00,2026-01-05 09:12:47+00:00,1.0,1.0,1.0,1.0,1.52235675315e-06,1.0,1.52235675315e-06,0.0,0.0,0.0,0.0,0.0,1.0,0.3333333333333333,0.3333333333333333,False,False,False,False,0,False,False,False
0x75c16f0f794d4eee3830db873cfd26e6c165b89c,1.0,0.0,0.0,1.0,1.0,2.550496577704e-05,23617.625735,2026-02-27 16:42:47+00:00,2026-02-27 16:42:47+00:00,1.0,1.0,1.0,1.0,1.5869095595658e-05,1.0,1.5869095595658e-05,2.0,0.0,0.0,0.0,0.0,1.0,1.0,1.0,False,False,False,False,0,False,False,False
0x75f9577db1986c8324be90374580a73d2af4043c,2.0,0.0,0.0,2.0,1.0,7.07189747032e-06,5059.042011,2026-01-09 00:07:59+00:00,2026-01-25 03:23:11+00:00,1.0,1.0,1.0,1.0,1.320806293616e-06,1.0,1.320806293616e-06,7.0,1.0,0.0,1.591849634613e-06,1.591849634613e-06,1.0,0.5,0.5,False,False,False,False,0,False,False,False
0x76049d6fcf03c19c18a507da4c11b15e8f4afacb,4.0,1.0,0.0,2.0,2.0,0.000475684176071779,250088.240914,2025-11-03 07:43:11+00:00,2026-01-06 18:11:11+00:00,2.0,4.0,2.0,3.0,9.4385715634835e-05,0.0,0.0,1.0,2.0,1.0,0.000134145003288736,2.584619954133e-05,2.0,1.0,0.0,False,False,False,False,0,False,False,False
0x761eeb672acfa29fda7a0c2c92ff07a8844f3aff,1.0,0.0,0.0,1.0,1.0,0.000218457703746093,499982.542382,2026-01-17 04:39:35+00:00,2026-01-17 04:39:35+00:00,1.0,3.0,2.0,2.0,0.000378887426017231,1.0,9.9233131223124e-05,0.0,0.0,0.0,0.0,0.0,1.5,3.0,1.0,False,False,False,False,0,False,False,False
0x762aae69bc99283a17d73a6ec9eddb08cc45ac59,2.0,0.0,0.0,2.0,1.0,8.822004576066e-06,41990.223413,2026-02-13 05:58:59+00:00,2026-02-19 04:53:35+00:00,1.0,3.0,2.0,2.0,7.04728100897e-06,2.0,4.019778547876e-06,0.0,0.0,0.0,0.0,0.0,1.5,1.5,1.0,False,False,False,False,0,False,False,False
0x763ca4d87d9eb4ba522d20b8b056d3a499a0253d,1.0,0.0,0.0,1.0,1.0,0.000115780843487687,100282.94,2026-01-17 15:42:11+00:00,2026-01-17 15:42:11+00:00,1.0,1.0,1.0,1.0,5.228006167647e-05,1.0,5.228006167647e-05,0.0,0.0,0.0,0.0,0.0,1.0,1.0,1.0,False,False,False,False,0,False,False,False
0x763f4cf0012673fafd30ba7a22c50e22b6e4fb27,1.0,0.0,0.0,1.0,1.0,0.000250447395168648,75.826283,2026-02-25 01:01:23+00:00,2026-02-25 01:01:23+00:00,1.0,0.0,0.0,0.0,0.0,0.0,0.0,4.0,1.0,0.0,0.00043293606856166,0.0,0.0,0.0,0.0,False,False,False,False,0,False,False,False
0x765cf26b6cf1515a43b3218f2174f8dadb815085,2.0,0.0,0.0,1.0,1.0,2.4686220234840998e-05,20500.6,2025-12-07 00:35:59+00:00,2025-12-07 07:31:23+00:00,2.0,2.0,1.0,1.0,1.2001982543102e-05,2.0,1.2001982543102e-05,1.0,1.0,0.0,0.000152082150644062,0.0,2.0,1.0,1.0,False,False,False,False,0,False,False,False
0x7672ee0d57b2cc76fe6c40748cbc58bbb05ba74e,2.0,0.0,0.0,2.0,2.0,2.3319318425535e-05,903000.0,2025-12-27 03:43:47+00:00,2026-01-27 18:01:59+00:00,1.0,1.0,1.0,1.0,1.864908256131e-06,1.0,1.864908256131e-06,2.0,1.0,0.0,4.5860637233034e-05,0.0,1.0,0.5,0.5,False,False,False,False,0,False,False,False
0x7688b399c3237d098be4688d222d586ab5236451,5.0,0.0,0.0,5.0,2.0,0.0010906189293329641,1156940.017962,2025-11-10 13:21:59+00:00,2026-01-24 10:54:35+00:00,1.0,0.0,0.0,0.0,0.0,0.0,0.0,1.0,1.0,0.0,0.00127349272980216,0.0,0.0,0.0,0.0,False,False,False,False,0,False,False,False
0x768a8b6748b907c96e10dab3aaf466f27dc243fc,2.0,0.0,0.0,1.0,1.0,1.3423616578465e-05,30.0,2026-01-15 21:24:35+00:00,2026-01-15 21:25:59+00:00,2.0,16.0,9.0,12.0,0.00037228162800165,2.0,6.019132427059e-06,0.0,1.0,0.0,4.313026099141e-06,4.313026099141e-06,1.7777777777777777,8.0,1.0,False,False,False,False,0,False,False,False
0x76965d9d909377d4b5ab5f326a8002307e28a386,8.0,0.0,0.0,2.0,1.0,0.002220216764058886,135971.81337,2025-11-04 18:18:35+00:00,2025-11-20 21:09:35+00:00,4.0,0.0,0.0,0.0,0.0,0.0,0.0,2.0,1.0,0.0,0.000131558570848066,0.0,0.0,0.0,0.0,False,False,False,False,0,False,False,False
0x76acf8309d411618a33d054be8c44527162f57fa,2.0,0.0,0.0,2.0,1.0,0.000268718430104982,40008.4,2026-02-14 16:32:35+00:00,2026-02-23 15:18:47+00:00,1.0,10.0,3.0,8.0,0.001316907091060883,3.0,0.000124522258579714,0.0,0.0,0.0,0.0,0.0,3.3333333333333335,5.0,1.5,False,False,False,False,0,False,False,False
0x76ade1ea4fdd62b1d56018c090c948ea3234da73,1.0,0.0,0.0,1.0,1.0,0.0001910087991495,7590.295624,2025-11-06 18:13:47+00:00,2025-11-06 18:13:47+00:00,1.0,0.0,0.0,0.0,0.0,0.0,0.0,1.0,1.0,0.0,0.00243504703827707,0.0,0.0,0.0,0.0,False,False,False,False,0,False,False,False
0x76af358dbce56c93da6aca7b2f4ad18856415aee,1.0,0.0,0.0,1.0,1.0,4.341303826706e-06,13895.6,2025-12-04 02:16:59+00:00,2025-12-04 02:16:59+00:00,1.0,2.0,1.0,2.0,4.917501415554e-06,1.0,2.52086408263e-06,0.0,0.0,0.0,0.0,0.0,2.0,2.0,1.0,False,False,False,False,0,False,False,False
0x76f52ae7c5c42b4484d2e2afbd97c858b89c90f2,1.0,0.0,0.0,1.0,1.0,0.000226951119681267,16708.292347,2025-12-31 20:31:23+00:00,2025-12-31 20:31:23+00:00,1.0,1.0,1.0,1.0,0.000113576411194014,1.0,0.000113576411194014,0.0,0.0,0.0,0.0,0.0,1.0,1.0,1.0,False,False,False,False,0,False,False,False
0x76fcea9eb6327aa782c9ca10673a78a9c0e3e595,1.0,0.0,0.0,1.0,1.0,5.4971430543742e-05,12321.388054,2025-11-25 06:35:47+00:00,2025-11-25 06:35:47+00:00,1.0,1.0,1.0,1.0,3.8594303801336e-05,1.0,3.8594303801336e-05,1.0,1.0,0.0,5.2528046095275e-05,0.0,1.0,1.0,1.0,False,False,False,False,0,False,False,False
0x772722f2805fe44289d66f02caecd8c92545eb01,1.0,0.0,0.0,1.0,1.0,4.129459216596e-06,6000.0,2026-02-28 13:10:35+00:00,2026-02-28 13:10:35+00:00,1.0,2.0,2.0,2.0,2.6920769256044003e-05,1.0,1.623803231168e-06,2.0,0.0,0.0,0.0,0.0,1.0,2.0,1.0,False,False,False,False,0,False,False,False
0x7769c934c5c54cf2933944c2b1d4fe1ad2c7dbfb,1.0,0.0,0.0,1.0,1.0,0.000100855798416808,3502.937187,2026-01-30 02:41:47+00:00,2026-01-30 02:41:47+00:00,1.0,10.0,6.0,3.0,0.00057433546313129,1.0,4.5662125610475e-05,0.0,0.0,0.0,0.0,0.0,1.6666666666666667,10.0,1.0,False,False,False,False,0,False,False,False
0x7778ed4865d30b09ad8e984979e39ec6358c2a6b,4.0,0.0,0.0,3.0,3.0,4.3986285132566e-05,1000.0,2025-11-27 00:38:35+00:00,2026-01-03 02:27:47+00:00,1.3333333333333333,3.0,2.0,2.0,6.585304714254e-06,1.0,3.356708219718e-06,0.0,0.0,0.0,0.0,0.0,1.5,0.75,0.25,False,False,False,False,0,False,False,False
0x7785d200eefb4df6889ec55da0c8694d77a1ea64,1.0,0.0,0.0,1.0,1.0,0.000225755501560785,1187946.188579,2026-01-17 22:59:11+00:00,2026-01-17 22:59:11+00:00,1.0,1.0,1.0,1.0,0.000113009007932744,1.0,0.000113009007932744,0.0,1.0,0.0,0.000224727720402566,0.0,1.0,1.0,1.0,False,False,False,False,0,False,False,False
0x779c3e4a2e8dc3104020dc1bac3abd68c92f1d7a,6.0,0.0,0.0,1.0,1.0,0.0025480983444921,1828785.910023,2025-11-21 02:36:23+00:00,2025-11-21 10:07:11+00:00,6.0,0.0,0.0,0.0,0.0,0.0,0.0,1.0,2.0,0.0,0.00403524494738812,0.0,0.0,0.0,0.0,False,False,False,False,0,False,False,False
0x77accdecb42906627eef84c05f430d68023021d7,2.0,0.0,0.0,2.0,2.0,0.000393213542748024,33540.0,2025-11-11 00:15:11+00:00,2025-12-05 01:00:23+00:00,1.0,6.0,3.0,2.0,0.00051914264988914,0.0,0.0,1.0,0.0,0.0,0.0,0.0,2.0,3.0,0.0,False,False,False,False,0,False,False,False
0x77b2126834209f14747f089a754503e3831408f2,2.0,0.0,0.0,2.0,1.0,0.000103810229437771,36455.395002000005,2025-12-24 07:21:47+00:00,2025-12-26 15:12:47+00:00,1.0,10.0,7.0,7.0,0.000570129523892616,1.0,2.739394e-06,0.0,0.0,0.0,0.0,0.0,1.4285714285714286,5.0,0.5,False,False,False,False,0,False,False,False
0x77b537363aab683cfda7f8933b1e6af8aa436614,1.0,0.0,0.0,1.0,1.0,0.000194689694853336,2059029.75,2026-02-26 20:19:11+00:00,2026-02-26 20:19:11+00:00,1.0,1.0,1.0,1.0,7.9748714667506e-05,1.0,7.9748714667506e-05,4.0,0.0,0.0,0.0,0.0,1.0,1.0,1.0,False,False,False,False,0,False,False,False
0x77b62633e93eb2893ee3ab1bc099986e0bae9fe2,1.0,0.0,0.0,1.0,1.0,0.000187613382030179,1199.0,2025-11-15 13:39:11+00:00,2025-11-15 13:39:11+00:00,1.0,0.0,0.0,0.0,0.0,0.0,0.0,1.0,1.0,0.0,5.3082874291784e-05,0.0,0.0,0.0,0.0,False,False,False,False,0,False,False,False
0x77e9309f7b424be078296dc448a9d21202bbf6b9,2.0,0.0,0.0,2.0,1.0,0.000800395305640446,206974.622238,2025-11-04 21:30:59+00:00,2025-11-13 21:44:59+00:00,1.0,0.0,0.0,0.0,0.0,0.0,0.0,3.0,2.0,0.0,0.002335203478498403,0.000259217271983643,0.0,0.0,0.0,False,False,False,False,0,False,False,False
0x77f4100e71499e3fbb6aaa757d52305de4257e73,2.0,0.0,0.0,1.0,1.0,0.000441746002378904,197726.303748,2025-12-31 09:48:47+00:00,2025-12-31 10:05:35+00:00,2.0,5.0,3.0,2.0,0.0005367438146378441,2.0,0.00019680968101806398,0.0,0.0,0.0,0.0,0.0,1.6666666666666667,2.5,1.0,False,False,False,False,0,False,False,False
0x77f461ce5938c389854ffb43cf7da153203168e2,4.0,0.0,0.0,3.0,1.0,0.0020865939122016843,13805.865643000001,2025-11-04 21:28:11+00:00,2025-11-19 17:40:23+00:00,1.3333333333333333,3.0,3.0,1.0,2.8368837965204e-05,0.0,0.0,1.0,1.0,0.0,0.004504439537826965,0.0,1.0,0.75,0.0,False,False,False,False,0,False,False,False
0x780f32fe419d276786a7ffe1fbb0d0cdb1865ccc,2.0,0.0,0.0,1.0,1.0,2.5308092937800002e-05,540209.7329279999,2026-01-27 18:35:23+00:00,2026-01-27 18:45:47+00:00,2.0,1.0,1.0,1.0,0.000127423270198737,0.0,0.0,4.0,1.0,0.0,0.000796791001119355,0.0,1.0,0.5,0.0,False,False,False,False,0,False,False,False
0x7881b80151ba87564b977a2f267724708c6c5c38,3.0,0.0,0.0,3.0,1.0,0.002702177104925776,4657.768214,2025-11-04 20:42:59+00:00,2025-11-21 12:39:23+00:00,1.0,2.0,2.0,1.0,0.001332259092697006,2.0,0.001332259092697006,0.0,1.0,0.0,0.001436125,0.0,1.0,0.6666666666666666,0.6666666666666666,False,False,False,False,0,False,False,False
0x789a0377d42af8637c9c15e9e5f6f975bb7896ca,1.0,0.0,0.0,1.0,1.0,4.9617335842416e-05,5000.000002,2025-12-17 12:42:23+00:00,2025-12-17 12:42:23+00:00,1.0,1.0,1.0,1.0,1.3468331875824e-05,1.0,1.3468331875824e-05,0.0,0.0,0.0,0.0,0.0,1.0,1.0,1.0,False,False,False,False,0,False,False,False
0x78a5bbd680f2c0654222909a6b738683887de3bb,9.0,0.0,0.0,6.0,2.0,0.0006402224712473801,21812.339076,2025-11-05 00:21:47+00:00,2026-02-13 01:51:23+00:00,1.5,0.0,0.0,0.0,0.0,0.0,0.0,1.0,2.0,0.0,0.000840270053142355,0.0,0.0,0.0,0.0,False,False,False,False,0,False,False,False
0x78a6783f1068b6da39520698536d76a6fe1c4da6,4.0,0.0,0.0,4.0,3.0,0.0012200074982902781,5902.998748,2025-11-15 11:20:35+00:00,2026-02-05 21:21:23+00:00,1.0,1.0,1.0,1.0,0.000484181488202236,1.0,0.000484181488202236,4.0,2.0,0.0,0.001962051751757365,0.0,1.0,0.25,0.25,False,False,False,False,0,False,False,False
0x78c063e9f94ecbc6709f850fcb6f305dd80b77b3,1.0,0.0,0.0,1.0,1.0,5.926774116152e-05,63377.644821,2026-01-12 11:53:23+00:00,2026-01-12 11:53:23+00:00,1.0,1.0,1.0,1.0,2.6363507466555e-05,1.0,2.6363507466555e-05,0.0,0.0,0.0,0.0,0.0,1.0,1.0,1.0,False,False,False,False,0,False,False,False
0x78c13b5b466ba24fabd3188b4494d2e5c6565718,5.0,0.0,0.0,4.0,2.0,0.002658259014688464,1794.7664690000001,2026-01-21 13:06:59+00:00,2026-02-06 13:57:35+00:00,1.25,0.0,0.0,0.0,0.0,0.0,0.0,7.0,1.0,0.0,0.0014193337862885,0.0,0.0,0.0,0.0,False,False,False,False,0,False,False,False
0x78cb779c739c73c340124942d02e810d27fae75a,2.0,0.0,0.0,2.0,1.0,6.84406791502e-06,70000.0,2025-12-16 20:00:59+00:00,2025-12-20 00:02:59+00:00,1.0,6.0,5.0,5.0,0.0007879934328940549,1.0,2.038382739964e-06,0.0,0.0,0.0,0.0,0.0,1.2,3.0,0.5,False,False,False,False,0,False,False,False
0x78cfacc715c5e0bc3f69428472d93d18a32c246d,5.0,0.0,0.0,4.0,2.0,0.0010708715682971651,23112.17226,2025-12-15 15:43:35+00:00,2026-01-20 22:21:35+00:00,1.25,2.0,2.0,1.0,0.000295436201776574,0.0,0.0,6.0,1.0,0.0,0.003309695677245475,0.0,1.0,0.4,0.0,False,False,False,False,0,False,False,False
0x78d4e75049168bb9543deea96828feb66fbba9b5,1.0,0.0,0.0,1.0,1.0,6.2839314096588e-05,7095.169448,2025-11-12 07:05:47+00:00,2025-11-12 07:05:47+00:00,1.0,1.0,1.0,1.0,2.8668988384659e-05,1.0,2.8668988384659e-05,0.0,0.0,0.0,0.0,0.0,1.0,1.0,1.0,False,False,False,False,0,False,False,False
0x78fca58f1e54a00e44f7d6c40b771a8ed97c2296,3.0,0.0,0.0,2.0,1.0,0.000577230709203061,150000.0,2025-12-16 09:24:11+00:00,2025-12-21 17:48:47+00:00,1.5,26.0,5.0,16.0,0.002361632435808162,4.0,0.000379719651297747,20.0,2.0,2.0,0.0028403862742841313,0.00014464716361637,5.2,8.666666666666666,1.3333333333333333,False,False,False,False,0,False,False,False
0x7911fdee37171e5fb96c5ffa4725c68c6c39206a,3.0,0.0,0.0,1.0,1.0,0.0015688502591912701,1000.0,2026-01-10 12:12:11+00:00,2026-01-10 12:35:23+00:00,3.0,5.0,4.0,3.0,0.001664323695683022,2.0,0.00019309064702020598,1.0,0.0,0.0,0.0,0.0,1.25,1.6666666666666667,0.6666666666666666,False,False,False,False,0,False,False,False
0x7922c678892f9334be6731ada3e08e6a57bc0ced,5.0,0.0,0.0,4.0,1.0,0.000160851196773516,1772.451957,2025-11-17 18:41:23+00:00,2025-11-22 10:54:35+00:00,1.25,6.0,5.0,4.0,0.000521655723752069,0.0,0.0,1.0,1.0,0.0,0.00044320774352436,0.0,1.2,1.2,0.0,False,False,False,False,0,False,False,False
0x797e6d9b32babe77203149954976927f97672342,1.0,0.0,0.0,1.0,1.0,3.077777442413e-06,94170.018854,2025-12-31 06:13:35+00:00,2025-12-31 06:13:35+00:00,1.0,1.0,1.0,1.0,1.410653085825e-06,1.0,1.410653085825e-06,0.0,0.0,0.0,0.0,0.0,1.0,1.0,1.0,False,False,False,False,0,False,False,False
0x79845e5aec110d84d277a663be459d03873af70d,1.0,0.0,0.0,1.0,1.0,1.7256651945805e-05,3859.594092,2025-11-10 08:50:11+00:00,2025-11-10 08:50:11+00:00,1.0,8.0,2.0,3.0,8.0792795332216e-05,2.0,1.3198782228214e-05,0.0,0.0,0.0,0.0,0.0,4.0,8.0,2.0,False,False,False,False,0,False,False,False
0x799054bf56855d6999719c2df28fdad5dd87299e,1.0,0.0,0.0,1.0,1.0,0.000253216232312364,101470.448882,2026-01-31 15:23:23+00:00,2026-01-31 15:23:23+00:00,1.0,5.0,2.0,2.0,0.000443087280081056,4.0,0.000393460044199726,2.0,1.0,0.0,0.000268707984353559,0.0,2.5,5.0,4.0,False,False,False,False,0,False,False,False
0x79b4bc265d9e3d3d00483af3534aa680f8f390b9,4.0,0.0,0.0,4.0,2.0,0.000835833482569082,50000.0,2025-11-27 08:00:23+00:00,2025-12-19 07:06:11+00:00,1.0,17.0,8.0,6.0,0.002323524095419273,3.0,0.00033996409518914996,0.0,0.0,0.0,0.0,0.0,2.125,4.25,0.75,False,False,False,False,0,False,False,False
0x79c985b8d3f2a8c75350c77459b62d9ebd5d5a6a,2.0,0.0,0.0,2.0,1.0,0.000369633412197238,13780.12747,2025-11-09 16:57:11+00:00,2025-11-10 06:32:23+00:00,1.0,2.0,2.0,1.0,0.000170183267797626,2.0,0.000170183267797626,0.0,0.0,0.0,0.0,0.0,1.0,1.0,1.0,False,False,False,False,0,False,False,False
0x79e663f5c4180f51ab5f85479080a74ee4124372,1.0,0.0,0.0,1.0,1.0,3.049509175992e-06,1.0,2025-12-23 10:27:35+00:00,2025-12-23 10:27:35+00:00,1.0,18.0,11.0,8.0,0.000384877531330336,1.0,1.241966293143e-06,0.0,0.0,0.0,0.0,0.0,1.6363636363636365,18.0,1.0,False,False,False,False,0,False,False,False
0x7a462c1398ed60b0c1118d31dba3bd2df50bc4d7,1.0,0.0,0.0,1.0,1.0,3.854631111057e-05,0.5,2025-11-12 19:54:11+00:00,2025-11-12 19:54:11+00:00,1.0,2.0,1.0,1.0,3.2028598453708e-05,2.0,3.2028598453708e-05,0.0,0.0,0.0,0.0,0.0,2.0,2.0,2.0,False,False,False,False,0,False,False,False
0x7a80949df1b651235b600cd674ebd1d6799d475b,1.0,0.0,0.0,1.0,1.0,6.641240454012e-06,499.94,2026-02-23 20:27:59+00:00,2026-02-23 20:27:59+00:00,1.0,7.0,6.0,4.0,0.000115826868800358,1.0,4.20161191292e-06,0.0,1.0,0.0,6.18508011346e-06,6.18508011346e-06,1.1666666666666667,7.0,1.0,False,False,False,False,0,False,False,False
0x7a95d0cd3c984ab02f0c9b3dce648073b4670df0,1.0,0.0,0.0,1.0,1.0,0.000191351467960653,719599.0,2025-11-01 04:00:59+00:00,2025-11-01 04:00:59+00:00,1.0,0.0,0.0,0.0,0.0,0.0,0.0,6.0,3.0,0.0,0.003460347985957092,0.000119614983162517,0.0,0.0,0.0,False,False,False,False,0,False,False,False
0x7a9f26a753d5a4778052af4d27ad953b3bad4e3d,1.0,0.0,0.0,1.0,1.0,3.9061573908192e-05,41148.899983,2025-11-07 08:36:11+00:00,2025-11-07 08:36:11+00:00,1.0,2.0,2.0,2.0,7.7681495780218e-05,1.0,1.6703505780184e-05,2.0,0.0,0.0,0.0,0.0,1.0,2.0,1.0,False,False,False,False,0,False,False,False
0x7aa50cb10a59dc1d5be57b3a4010d253811d0ea2,2.0,0.0,0.0,2.0,2.0,0.000775974775715352,1783.391556,2025-11-04 14:30:23+00:00,2026-01-31 17:04:23+00:00,1.0,0.0,0.0,0.0,0.0,0.0,0.0,1.0,1.0,0.0,0.00169932789024988,0.0,0.0,0.0,0.0,False,False,False,False,0,False,False,False
0x7aa5fbe8e6e20e7c1da2a1cff07d39bd3255cdc3,4.0,0.0,0.0,3.0,1.0,0.000192265594125061,207259.808656,2025-11-17 16:11:35+00:00,2025-11-23 11:20:23+00:00,1.3333333333333333,8.0,7.0,6.0,0.000273669042638749,1.0,5.3595183296804e-05,0.0,0.0,0.0,0.0,0.0,1.1428571428571428,2.0,0.25,False,False,False,False,0,False,False,False
0x7b330404ebed6032141a52c974c707e6c5754ff2,1.0,0.0,0.0,1.0,1.0,0.000206456388940476,60.0,2025-12-18 22:45:35+00:00,2025-12-18 22:45:35+00:00,1.0,2.0,2.0,2.0,0.00041330377598272595,1.0,0.000117552751999364,0.0,1.0,0.0,0.000119748683873372,0.000119748683873372,1.0,2.0,1.0,False,False,False,False,0,False,False,False
0x7b457f227ffe8e3a1183b3ce310412db63440bf9,3.0,0.0,0.0,1.0,1.0,0.00037624350536259,116015.28369,2026-01-23 17:41:47+00:00,2026-01-23 18:14:47+00:00,3.0,3.0,1.0,2.0,0.000181119513276485,2.0,0.000119456845718624,1.0,2.0,0.0,0.000553596368231995,0.0,3.0,1.0,0.6666666666666666,False,False,False,False,0,False,False,False
0x7b4da0eb8dcca7a9125780620172f60cc40fb4e1,11.0,0.0,0.0,6.0,1.0,0.00082914483770516,10151.037852,2025-11-02 11:55:23+00:00,2025-11-22 11:22:35+00:00,1.8333333333333333,8.0,8.0,2.0,0.000730830258026454,2.0,2.1443626626428e-05,2.0,2.0,0.0,0.00283203878171028,0.0,1.0,0.7272727272727273,0.18181818181818182,False,False,False,False,0,False,False,False
0x7b4fa0b764491d6d3ee77deb22c4f8f457150525,1.0,0.0,0.0,1.0,1.0,3.378011071325e-06,100067.001318,2025-12-31 07:06:11+00:00,2025-12-31 07:06:11+00:00,1.0,1.0,1.0,1.0,1.436328606435e-06,1.0,1.436328606435e-06,0.0,0.0,0.0,0.0,0.0,1.0,1.0,1.0,False,False,False,False,0,False,False,False
0x7b518c2c218eb4353b882454ab437dd3424f802d,1.0,0.0,0.0,1.0,1.0,0.000100431702233452,300.0,2025-11-17 17:09:35+00:00,2025-11-17 17:09:35+00:00,1.0,3.0,2.0,3.0,0.000127733743277034,1.0,5.372395687577e-05,0.0,2.0,1.0,0.00021958021457558702,5.5410506905656e-05,1.5,3.0,1.0,False,False,False,False,0,False,False,False
0x7b55b2f2587a3e3ef6a35ec581af9d964c4303ed,1.0,0.0,0.0,1.0,1.0,0.00012208334524211,300000.0,2025-11-23 06:42:11+00:00,2025-11-23 06:42:11+00:00,1.0,4.0,2.0,3.0,0.000408071663931734,1.0,6.2162461871998e-05,0.0,0.0,0.0,0.0,0.0,2.0,4.0,1.0,False,False,False,False,0,False,False,False
0x7b74ce233438f3f761817ddebcbb5ac1caf68c2d,1.0,0.0,0.0,1.0,1.0,3.403714880192e-06,997594.0021,2025-12-04 13:13:47+00:00,2025-12-04 13:13:47+00:00,1.0,4.0,1.0,1.0,0.00049541097745881,0.0,0.0,2.0,0.0,0.0,0.0,0.0,4.0,4.0,0.0,False,False,False,False,0,False,False,False
0x7b8766b7fd12a1e113216d24bd8cdc3c86e614f8,2.0,0.0,0.0,2.0,2.0,0.00026061253338172,22267.607369,2025-11-21 07:28:47+00:00,2025-12-13 01:36:11+00:00,1.0,3.0,2.0,3.0,0.000161343409580175,2.0,0.00014392780601696402,0.0,2.0,0.0,0.00013309031442563802,0.0,1.5,1.5,1.0,False,False,False,False,0,False,False,False
0x7b92bd9676afc72fa947a1289819620dddf8fb96,5.0,0.0,0.0,5.0,3.0,0.001930829290258624,1557.299486,2025-11-05 09:10:11+00:00,2026-02-05 18:33:35+00:00,1.0,1.0,1.0,1.0,0.000150945848436224,0.0,0.0,2.0,1.0,0.0,0.00115923762952033,0.0,1.0,0.2,0.0,False,False,False,False,0,False,False,False
0x7ba7f4773fa7890bad57879f0a1faa0edffb3520,21.0,0.0,0.0,10.0,3.0,0.006825842051959223,28153795.672527,2025-11-14 08:39:23+00:00,2026-02-24 03:17:35+00:00,2.1,0.0,0.0,0.0,0.0,0.0,0.0,4.0,1.0,0.0,0.0008943498607614,0.0,0.0,0.0,0.0,False,False,False,False,0,False,False,False
0x7ba9bf2956772aab0f7c991219a6266a4f70aabc,1.0,0.0,0.0,1.0,1.0,2.7122128513542e-05,2868.036705,2025-11-17 03:37:47+00:00,2025-11-17 03:37:47+00:00,1.0,1.0,1.0,1.0,1.0353843645086e-05,1.0,1.0353843645086e-05,2.0,1.0,0.0,8.151837401279e-05,0.0,1.0,1.0,1.0,False,False,False,False,0,False,False,False
0x7bbda22ff9a07aae71e4b143330b2d76a01f15bd,1.0,0.0,0.0,1.0,1.0,2.8321814714466e-05,349756.775257,2026-01-20 16:44:59+00:00,2026-01-20 16:44:59+00:00,1.0,28.0,13.0,13.0,0.003479135396161743,1.0,1.2803036161068e-05,28.0,2.0,1.0,0.00012389258581887,3.096447180593e-06,2.1538461538461537,28.0,1.0,False,False,False,False,0,False,False,False
0x7bcad36a322b97e31654ba5eec0f49eef979b634,1.0,0.0,0.0,1.0,1.0,0.000228263178923218,1794.810493,2025-12-31 20:44:11+00:00,2025-12-31 20:44:11+00:00,1.0,2.0,1.0,2.0,0.000130460702697335,1.0,0.000114412988689826,0.0,0.0,0.0,0.0,0.0,2.0,2.0,1.0,False,False,False,False,0,False,False,False
0x7bd066e2fb603b54b811a0f7c473d28aafc8202f,1.0,0.0,0.0,1.0,1.0,0.00022807504942222,6053.300378,2025-11-26 21:37:47+00:00,2025-11-26 21:37:47+00:00,1.0,1.0,1.0,1.0,0.000114957137497412,1.0,0.000114957137497412,0.0,0.0,0.0,0.0,0.0,1.0,1.0,1.0,False,False,False,False,0,False,False,False
0x7c12388536e299d2ae23b280a0a3346697b06228,2.0,1.0,0.0,2.0,1.0,0.000710801014,3888974.22163,2025-11-21 09:34:35+00:00,2025-11-24 13:19:11+00:00,1.0,2.0,2.0,1.0,0.00021784237200000002,2.0,0.00021784237200000002,0.0,1.0,0.0,4.65137898e-05,4.65137898e-05,1.0,1.0,1.0,False,False,False,False,0,False,False,False
0x7c16784526145c98215cd2e1d3c81896b3569433,2.0,0.0,0.0,1.0,1.0,0.00039832190671578,1507.698365,2026-01-20 20:39:35+00:00,2026-01-20 20:43:11+00:00,2.0,7.0,4.0,2.0,0.001074993425808429,0.0,0.0,1.0,2.0,1.0,0.001138755159804643,0.001138755159804643,1.75,3.5,0.0,False,False,False,False,0,False,False,False
0x7c41ca3cc7c8d8e5ae495f2a18479a9897c0a29c,1.0,0.0,0.0,1.0,1.0,0.000235741443821298,4200.0,2025-11-11 00:58:35+00:00,2025-11-11 00:58:35+00:00,1.0,2.0,2.0,2.0,0.000231239000870088,1.0,0.000118157488263578,0.0,0.0,0.0,0.0,0.0,1.0,2.0,1.0,False,False,False,False,0,False,False,False
0x7c83344ebe862a70c1978b30e54fddee68409b94,1.0,0.0,0.0,1.0,1.0,8.964678992389e-06,9995.781011,2025-11-09 19:21:11+00:00,2025-11-09 19:21:11+00:00,1.0,5.0,5.0,4.0,7.5780050109587e-05,1.0,4.56233407991e-06,0.0,0.0,0.0,0.0,0.0,1.0,5.0,1.0,False,False,False,False,0,False,False,False
0x7c92f2ba10465f8f8ea6649cc0d3603de2cc1921,3.0,0.0,0.0,1.0,1.0,0.0017589458860458808,341764.388342,2025-11-04 16:17:35+00:00,2025-11-04 18:32:11+00:00,3.0,9.0,3.0,7.0,0.001037129752995549,1.0,0.000304218590906658,1.0,1.0,0.0,0.000121807340707401,0.0,3.0,3.0,0.3333333333333333,False,False,False,False,0,False,False,False
0x7ca2491e5aec98fa36d917ffa57f599c530564b8,2.0,0.0,0.0,2.0,1.0,0.000883203174730928,10596.61,2025-11-19 16:50:47+00:00,2025-11-21 12:34:47+00:00,1.0,0.0,0.0,0.0,0.0,0.0,0.0,1.0,1.0,0.0,0.003068924383942395,0.0,0.0,0.0,0.0,False,False,False,False,0,False,False,False
0x7ca674d42d35e3d29a4a4f09be6b1bf007aca4e0,11.0,8.0,0.0,2.0,2.0,0.005508912812889384,21067.444089,2025-11-21 16:14:59+00:00,2026-02-04 05:11:59+00:00,5.5,1.0,1.0,1.0,0.000215291116107048,1.0,0.000215291116107048,0.0,1.0,0.0,0.0040957127862387,0.0,1.0,0.09090909090909091,0.09090909090909091,False,False,False,False,0,False,False,False
0x7ca7559d9c029e39441ef433963ecd1b6ca64db9,22.0,3.0,0.0,19.0,4.0,0.0013219362210938849,1663.476873,2025-11-25 22:17:47+00:00,2026-02-25 19:10:59+00:00,1.1578947368421053,75.0,33.0,7.0,0.002935172273782075,4.0,1.6005155068884e-05,0.0,2.0,1.0,6.190894295533501e-05,6.190894295533501e-05,2.272727272727273,3.409090909090909,0.18181818181818182,False,False,False,False,0,False,False,False
0x7cfad1da21ba2c1f256e67339300a2ec1b805eed,1.0,0.0,0.0,1.0,1.0,4.16210140958e-06,33766.335075,2025-12-15 11:43:35+00:00,2025-12-15 11:43:35+00:00,1.0,1.0,1.0,1.0,2.364664132464e-06,1.0,2.364664132464e-06,4.0,3.0,1.0,0.000342495299291397,2.321057362465e-06,1.0,1.0,1.0,False,False,False,False,0,False,False,False
0x7d0816a318d5a4a1c63b95833ddfc42a08065e0a,1.0,0.0,0.0,1.0,1.0,1.2919434937549e-05,1823.145898,2026-02-17 15:44:11+00:00,2026-02-17 15:44:11+00:00,1.0,2.0,2.0,2.0,2.6162019850677998e-05,1.0,6.573421058292e-06,0.0,0.0,0.0,0.0,0.0,1.0,2.0,1.0,False,False,False,False,0,False,False,False
0x7d20ea30e606abc5ec2cf09014c71bd52e8be96e,3.0,1.0,0.0,2.0,2.0,2.368272463839e-05,15004.201631,2025-12-18 09:50:59+00:00,2026-02-01 02:11:59+00:00,1.5,5.0,2.0,3.0,1.2168685104631e-05,1.0,1.22793010874e-06,2.0,3.0,0.0,0.000517706052575135,0.0,2.5,1.6666666666666667,0.3333333333333333,False,False,False,False,0,False,False,False
0x7d321a6d2ee2ac2d3160cb95981403aa580b5bb5,1.0,0.0,0.0,1.0,1.0,3.1886234051949e-05,532.062666,2026-02-11 16:26:59+00:00,2026-02-11 16:26:59+00:00,1.0,1.0,1.0,1.0,1.65421e-05,1.0,1.65421e-05,1.0,2.0,0.0,8.7452911029723e-05,0.0,1.0,1.0,1.0,False,False,False,False,0,False,False,False
0x7d4e4e17f74a34290e02eedee0d501908d904ad4,2.0,0.0,0.0,1.0,1.0,6.955453853044e-06,1.01,2025-12-03 20:13:59+00:00,2025-12-03 20:16:47+00:00,2.0,52.0,14.0,22.0,0.009590447597961752,2.0,3.886666422747e-06,0.0,1.0,0.0,1.989998595515e-06,1.989998595515e-06,3.7142857142857144,26.0,1.0,False,False,False,False,0,False,False,False
0x7d82efa6e654c47d3c03cf276c59e4f3e1e57c87,8.0,0.0,0.0,7.0,4.0,0.000284654796468026,1801191.38185,2025-11-07 13:10:35+00:00,2026-02-17 12:34:35+00:00,1.1428571428571428,44.0,16.0,16.0,0.002396572893628357,9.0,0.000276469622197912,1.0,0.0,0.0,0.0,0.0,2.75,5.5,1.125,False,False,False,False,0,False,False,False
0x7d9bbcd566a849b3776756b2b336365cf3907a46,1.0,0.0,0.0,1.0,1.0,8.958068463667e-06,210244.177735,2026-01-20 20:25:59+00:00,2026-01-20 20:25:59+00:00,1.0,9.0,7.0,6.0,7.5324537468604e-05,1.0,4.935698288046e-06,0.0,0.0,0.0,0.0,0.0,1.2857142857142858,9.0,1.0,False,False,False,False,0,False,False,False
0x7dcdc275700f4362ae9919b05ff07fa29d5dc2f1,6.0,0.0,0.0,5.0,2.0,3.8851068254856e-05,1928005.387925,2025-12-25 10:36:35+00:00,2026-01-15 01:27:11+00:00,1.2,13.0,8.0,6.0,0.000274649830481622,4.0,1.3385318564412e-05,0.0,1.0,0.0,2.325380260073e-06,2.325380260073e-06,1.625,2.1666666666666665,0.6666666666666666,False,False,False,False,0,False,False,False
0x7dff87ac15ca19df043bf76f2ef5efdfebb9d712,1.0,0.0,0.0,1.0,1.0,0.000105584050244347,1000.0,2025-11-04 23:33:35+00:00,2025-11-04 23:33:35+00:00,1.0,48.0,25.0,9.0,0.00299419239127261,1.0,4.8277454170078e-05,0.0,1.0,0.0,5.0309832193213e-05,5.0309832193213e-05,1.92,48.0,1.0,False,False,False,False,0,False,False,False
0x7e13cc4902ff87495a61589a39fbdc8e4095f417,1.0,0.0,0.0,1.0,1.0,0.000223579764921931,9997.399909,2025-11-09 06:37:11+00:00,2025-11-09 06:37:11+00:00,1.0,1.0,1.0,1.0,0.00010106207157951,1.0,0.00010106207157951,5.0,0.0,0.0,0.0,0.0,1.0,1.0,1.0,False,False,False,False,0,False,False,False
0x7e1f67b05e627aeebee1ad72f37cf6ef8c497771,1.0,0.0,0.0,1.0,1.0,0.0002276472990696,15000.0,2025-11-10 21:18:23+00:00,2025-11-10 21:18:23+00:00,1.0,5.0,2.0,3.0,0.000493645073969124,1.0,0.000104858252469288,0.0,0.0,0.0,0.0,0.0,2.5,5.0,1.0,False,False,False,False,0,False,False,False
0x7e1ff437d4af0d201db91fefbde2ce8ac6f4c5f8,1.0,0.0,0.0,1.0,1.0,3.661244628078e-06,119488.526735,2026-01-17 02:42:59+00:00,2026-01-17 02:42:59+00:00,1.0,1.0,1.0,1.0,1.283814474116e-06,1.0,1.283814474116e-06,1.0,0.0,0.0,0.0,0.0,1.0,1.0,1.0,False,False,False,False,0,False,False,False
0x7e23c6ab8e21213f4a470df979d8e7348d30f756,1.0,0.0,0.0,1.0,1.0,1.9514105206278e-05,5000.0,2026-02-02 03:08:59+00:00,2026-02-02 03:08:59+00:00,1.0,1.0,1.0,1.0,0.004725529198808902,0.0,0.0,2.0,3.0,0.0,0.006449020538889152,0.0,1.0,1.0,0.0,False,False,False,False,0,False,False,False
0x7e2d26860c9874e050281692d9972326d0e06a5f,2.0,0.0,0.0,2.0,1.0,9.571911694187301e-05,40637.79,2026-01-19 19:55:23+00:00,2026-01-21 15:09:23+00:00,1.0,6.0,3.0,4.0,0.000106551770023817,1.0,2.78868925963e-06,0.0,1.0,0.0,3.793616136473e-06,3.793616136473e-06,2.0,3.0,0.5,False,False,False,False,0,False,False,False
0x7e40f0b9b758fa477beab3409ebd312cc83ef373,2.0,0.0,0.0,2.0,2.0,0.000388067303828759,13000.0,2025-11-29 17:13:35+00:00,2026-01-03 12:02:59+00:00,1.0,0.0,0.0,0.0,0.0,0.0,0.0,1.0,1.0,0.0,6.8447504556505e-05,0.0,0.0,0.0,0.0,False,False,False,False,0,False,False,False
0x7e5f060451fddf06e287b8168c4e458ccb7ad376,14.0,0.0,0.0,9.0,4.0,0.0020656833233972972,59319.46334,2025-11-21 12:53:59+00:00,2026-02-28 12:36:35+00:00,1.5555555555555556,0.0,0.0,0.0,0.0,0.0,0.0,1.0,1.0,0.0,0.000243800457020495,0.0,0.0,0.0,0.0,False,False,False,False,0,False,False,False
0x7e65dcd1ac2520e386c125684d67ca379437c01a,1.0,0.0,0.0,1.0,1.0,0.000195975767732412,24311.402131,2025-12-13 14:23:23+00:00,2025-12-13 14:23:23+00:00,1.0,2.0,1.0,2.0,0.000227986128543994,1.0,0.000114968069431104,4.0,0.0,0.0,0.0,0.0,2.0,2.0,1.0,False,False,False,False,0,False,False,False
0x7e7ee8c8d18d431edab401c9ee9f915ddbeec645,3.0,0.0,0.0,3.0,2.0,0.000420028249369665,28197.027503,2025-11-04 15:43:59+00:00,2026-01-18 16:46:59+00:00,1.0,2.0,2.0,1.0,5.6883438333384e-05,2.0,5.6883438333384e-05,1.0,0.0,0.0,0.0,0.0,1.0,0.6666666666666666,0.6666666666666666,False,False,False,False,0,False,False,False
0x7eb49f4cc3111afcae06ed14c8512295de6b998d,1.0,0.0,0.0,1.0,1.0,4.021666495495e-06,725.208284,2026-02-09 07:27:23+00:00,2026-02-09 07:27:23+00:00,1.0,11.0,2.0,5.0,0.000262252554410848,4.0,7.7376008921402e-05,0.0,0.0,0.0,0.0,0.0,5.5,11.0,4.0,False,False,False,False,0,False,False,False
0x7eeb8b6d997b57f7ea4c718635b35227c31b3c93,1.0,0.0,0.0,1.0,1.0,0.00019630123740591,6398.779663,2025-11-08 03:02:11+00:00,2025-11-08 03:02:11+00:00,1.0,0.0,0.0,0.0,0.0,0.0,0.0,3.0,0.0,0.0,0.0,0.0,0.0,0.0,0.0,False,False,False,False,0,False,False,False
0x7efe5556a6adc197ec99edadeb6c165f22452558,25.0,0.0,0.0,20.0,3.0,0.000462527742307823,38079.433168,2025-11-16 15:09:47+00:00,2026-01-31 05:54:11+00:00,1.25,1.0,1.0,1.0,8.371319683227e-06,0.0,0.0,1.0,1.0,0.0,7.9365850042222e-05,0.0,1.0,0.04,0.0,False,False,False,False,0,False,False,False
0x7f05959f1c1dd78ec32822789f50adceb5caec21,3.0,0.0,0.0,3.0,3.0,0.00068130247256852,18600.0,2025-11-13 22:45:23+00:00,2026-01-26 17:59:59+00:00,1.0,1.0,1.0,1.0,0.000127811227382784,1.0,0.000127811227382784,0.0,1.0,0.0,0.000125068011104026,0.000125068011104026,1.0,0.3333333333333333,0.3333333333333333,False,False,False,False,0,False,False,False
0x7f0cd811521e4502ebc1f14ef4f9b49907dc6d4f,3.0,0.0,0.0,2.0,2.0,0.00402802715519148,730.110435,2025-11-21 12:02:23+00:00,2026-01-31 17:39:47+00:00,1.5,1.0,1.0,1.0,8.25190254249e-05,1.0,8.25190254249e-05,0.0,1.0,0.0,3.4377120407694e-05,0.0,1.0,0.3333333333333333,0.3333333333333333,False,False,False,False,0,False,False,False
0x7f714b13249bed8fde2ef3fbdfb18ed525544b03,3.0,0.0,0.0,3.0,3.0,0.000246544695424309,9084628.743049,2025-11-13 09:58:47+00:00,2026-01-07 11:36:11+00:00,1.0,5.0,4.0,2.0,0.00023958736664516001,3.0,0.00014081526846031,14.0,0.0,0.0,0.0,0.0,1.25,1.6666666666666667,1.0,False,False,False,False,0,False,False,False
0x7f7808f17bc8dc78889bcd336382c6626bd2a2c6,2.0,0.0,0.0,1.0,1.0,0.000214411642,16614.923114,2026-01-06 18:00:59+00:00,2026-01-06 18:01:59+00:00,2.0,2.0,1.0,2.0,0.000111283332,0.0,0.0,1.0,0.0,0.0,0.0,0.0,2.0,1.0,0.0,False,False,False,False,0,False,False,False
0x7fcee51056e18063e188fc27713570fd3bccd5ea,5.0,0.0,0.0,4.0,1.0,0.000661123931485339,24852.684824,2025-11-08 13:51:35+00:00,2025-11-27 18:26:59+00:00,1.25,2.0,2.0,2.0,0.000101283668540719,1.0,5.71192731916e-06,1.0,0.0,0.0,0.0,0.0,1.0,0.4,0.2,False,False,False,False,0,False,False,False
0x8007221ab6bdb20496eb74d038cbc5d590d1bea9,1.0,0.0,0.0,1.0,1.0,7.9903706183574e-05,79.874682,2026-02-06 03:29:23+00:00,2026-02-06 03:29:23+00:00,1.0,30.0,17.0,18.0,0.004545709038360377,1.0,0.001417052456695188,0.0,1.0,0.0,8.839721974992e-06,8.839721974992e-06,1.7647058823529411,30.0,1.0,False,False,False,False,0,False,False,False
0x8097193038a81a8f7201786042648bf67e982b62,1.0,0.0,0.0,1.0,1.0,5.90759367744e-06,40016.0,2025-12-03 02:54:59+00:00,2025-12-03 02:54:59+00:00,1.0,2.0,1.0,2.0,6.166322290728e-06,1.0,3.16814311421e-06,0.0,0.0,0.0,0.0,0.0,2.0,2.0,1.0,False,False,False,False,0,False,False,False
0x80e48f6049a85390c63caa1e425ea124b0b23f40,2.0,0.0,0.0,1.0,1.0,0.00041937362357801096,45310.489575,2026-01-25 09:34:47+00:00,2026-01-25 10:12:59+00:00,2.0,2.0,1.0,1.0,0.00019232941253059002,2.0,0.00019232941253059002,0.0,0.0,0.0,0.0,0.0,2.0,1.0,1.0,False,False,False,False,0,False,False,False
0x810816a0f73590d43160d6ec14399acb8124e4bb,2.0,0.0,0.0,1.0,1.0,2.1312722099406e-05,33.993498,2026-01-08 13:12:59+00:00,2026-01-08 13:15:59+00:00,2.0,19.0,8.0,10.0,0.00025817510430189603,5.0,2.299423413222e-05,0.0,1.0,1.0,2.0954936942214002e-05,2.0954936942214002e-05,2.375,9.5,2.5,False,False,False,False,0,False,False,False
0x812f7cdba8c7e53431155d66afd31a09f08fa43a,1.0,0.0,0.0,1.0,1.0,0.000231136089116572,9982.158468,2026-01-22 19:43:23+00:00,2026-01-22 19:43:23+00:00,1.0,1.0,1.0,1.0,0.000114578372334796,1.0,0.000114578372334796,0.0,0.0,0.0,0.0,0.0,1.0,1.0,1.0,False,False,False,False,0,False,False,False
0x815e92a779dd2e8314d50722f7fe0418a951b568,1.0,0.0,0.0,1.0,1.0,7.463127514836e-06,66730.838029,2025-12-24 16:17:59+00:00,2025-12-24 16:17:59+00:00,1.0,2.0,2.0,2.0,6.795304984746e-06,1.0,3.591779303322e-06,0.0,0.0,0.0,0.0,0.0,1.0,2.0,1.0,False,False,False,False,0,False,False,False
0x815f4c919d42e03f6a00a5cd2cd2615246213a36,2.0,0.0,0.0,1.0,1.0,0.000436628184108833,35.0,2026-02-19 08:50:11+00:00,2026-02-19 08:54:35+00:00,2.0,1.0,1.0,1.0,2.5238631659391e-05,1.0,2.5238631659391e-05,0.0,0.0,0.0,0.0,0.0,1.0,0.5,0.5,False,False,False,False,0,False,False,False
0x816d6ee6fc7519bd9bc61356dbe3b34b9fdd6bca,1.0,0.0,0.0,1.0,1.0,0.000196550695403757,426754.842551,2025-11-11 03:36:35+00:00,2025-11-11 03:36:35+00:00,1.0,6.0,6.0,4.0,0.000370263128279152,1.0,9.9859074637956e-05,0.0,0.0,0.0,0.0,0.0,1.0,6.0,1.0,False,False,False,False,0,False,False,False
0x817603b64e8406a63be4f6c6c5cc3f533e8ac9af,1.0,0.0,0.0,1.0,1.0,0.000420297955168,12037.388594,2026-02-05 18:38:47+00:00,2026-02-05 18:38:47+00:00,1.0,2.0,1.0,2.0,0.000483343922964177,1.0,0.00025603987794129,0.0,1.0,0.0,0.000150338199307727,0.0,2.0,2.0,1.0,False,False,False,False,0,False,False,False
0x818f178a61519b425003936ba8cac3d7878a8a75,1.0,0.0,0.0,1.0,1.0,2.892291638439e-06,143106.715044,2025-12-05 01:12:59+00:00,2025-12-05 01:12:59+00:00,1.0,1.0,1.0,1.0,7.978598106822e-06,1.0,7.978598106822e-06,0.0,2.0,0.0,1.2811047656588001e-05,1.2811047656588001e-05,1.0,1.0,1.0,False,False,False,False,0,False,False,False
0x81bb74e8eef6c6d0dcc837a367cf75f4d58a3f86,2.0,0.0,0.0,2.0,1.0,0.00046043589929469603,1500.2593510000002,2025-11-19 14:10:23+00:00,2025-11-20 13:50:23+00:00,1.0,3.0,3.0,3.0,0.000478614012425328,1.0,0.000116145150939945,0.0,1.0,0.0,0.000120700957749637,0.000120700957749637,1.0,1.5,0.5,False,False,False,False,0,False,False,False
0x81ceb8f1ef6cc2e9db87caff466d84c29b931e88,1.0,0.0,0.0,1.0,1.0,0.0001504685,30000.0,2026-02-13 10:52:59+00:00,2026-02-13 10:52:59+00:00,1.0,3.0,1.0,3.0,0.00045585410000000004,1.0,7.26778e-05,0.0,0.0,0.0,0.0,0.0,3.0,3.0,1.0,False,False,False,False,0,False,False,False
0x8201b7dd3d144f7b2e9b89e8b06016932bb2826c,1.0,0.0,0.0,1.0,1.0,0.000197622174524376,5000.0,2025-11-13 11:05:47+00:00,2025-11-13 11:05:47+00:00,1.0,1.0,1.0,1.0,8.0835428616872e-05,1.0,8.0835428616872e-05,1.0,0.0,0.0,0.0,0.0,1.0,1.0,1.0,False,False,False,False,0,False,False,False
0x820aae05261bb78e79df87c05f7f75a99df576eb,1.0,0.0,0.0,1.0,1.0,0.000229480013299391,3001.5998,2025-12-31 12:30:59+00:00,2025-12-31 12:30:59+00:00,1.0,18.0,11.0,5.0,0.001960489069647446,1.0,0.000115260309418034,0.0,0.0,0.0,0.0,0.0,1.6363636363636365,18.0,1.0,False,False,False,False,0,False,False,False
0x823023165b20ab2a07f4995d36076fcd6b1d73d4,12.0,0.0,0.0,10.0,4.0,0.004938202249711697,190618.30009,2025-11-10 02:58:59+00:00,2026-02-24 04:28:11+00:00,1.2,0.0,0.0,0.0,0.0,0.0,0.0,1.0,1.0,0.0,0.000462224585922885,0.0,0.0,0.0,0.0,False,False,False,False,0,False,False,False
0x8266ab60fa1e32e35a48decdf94a16262f0729bd,15.0,0.0,0.0,3.0,2.0,0.00146537104418888,14295.979504,2025-12-15 20:23:11+00:00,2026-01-04 18:33:59+00:00,5.0,3.0,3.0,3.0,0.000183106494374922,1.0,5.1465998602854e-05,0.0,4.0,0.0,0.000806522219195505,0.000110659167214843,1.0,0.2,0.06666666666666667,False,False,False,False,0,False,False,False
0x82d7ac73828818bc052921d82527e9f24da02fbc,2.0,0.0,0.0,1.0,1.0,1.2208329470771e-05,12379.550554000001,2026-02-19 20:21:23+00:00,2026-02-19 20:30:59+00:00,2.0,1.0,1.0,1.0,4.322658164877e-06,1.0,4.322658164877e-06,0.0,0.0,0.0,0.0,0.0,1.0,0.5,0.5,False,False,False,False,0,False,False,False
0x82de4a59fe10b8c1eeb1c62edd03fbe3922cc1c2,1.0,0.0,0.0,1.0,1.0,1.3193578389411e-05,99669.0,2026-01-07 09:33:47+00:00,2026-01-07 09:33:47+00:00,1.0,1.0,1.0,1.0,5.54784992439e-06,1.0,5.54784992439e-06,0.0,0.0,0.0,0.0,0.0,1.0,1.0,1.0,False,False,False,False,0,False,False,False
0x82eb6b2ceec35ab23d3ee5b5ebe9fb6d59315033,2.0,0.0,0.0,1.0,1.0,0.000460493984948862,24909.968119,2026-02-06 04:43:11+00:00,2026-02-06 10:55:11+00:00,2.0,6.0,4.0,4.0,0.000587302477972822,2.0,0.00022594410852697598,0.0,1.0,0.0,0.000123048468666344,0.000123048468666344,1.5,3.0,1.0,False,False,False,False,0,False,False,False
0x82f03efaa767c28dea81ecfc48318ba6f044abb1,1.0,0.0,0.0,1.0,1.0,3.341106281493e-06,125.025202,2026-01-03 08:16:35+00:00,2026-01-03 08:16:35+00:00,1.0,3.0,2.0,2.0,5.4725066147550005e-06,1.0,1.65470539158e-06,0.0,0.0,0.0,0.0,0.0,1.5,3.0,1.0,False,False,False,False,0,False,False,False
0x8308b22ca9b917c138d7a5697fa18b807403a531,1.0,0.0,0.0,1.0,1.0,5.720920524396e-06,13598.5,2025-12-15 00:09:47+00:00,2025-12-15 00:09:47+00:00,1.0,2.0,1.0,2.0,5.807176845482e-06,1.0,2.807591388782e-06,0.0,0.0,0.0,0.0,0.0,2.0,2.0,1.0,False,False,False,False,0,False,False,False
0x830c66db17dba0f0eaa09c7a4f8d45dff077e73e,5.0,1.0,0.0,5.0,2.0,0.001207702667155584,10208.616442999999,2025-12-31 19:28:47+00:00,2026-02-24 06:30:35+00:00,1.0,0.0,0.0,0.0,0.0,0.0,0.0,7.0,1.0,0.0,0.00084374213952398,0.0,0.0,0.0,0.0,False,False,False,False,0,False,False,False
0x8376556c4c7ad69a5a009ffa6e93d582c772ebf5,1.0,0.0,0.0,1.0,1.0,0.000119782631391684,150001.212011,2025-11-18 06:53:11+00:00,2025-11-18 06:53:11+00:00,1.0,1.0,1.0,1.0,6.5520111841218e-05,0.0,0.0,1.0,0.0,0.0,0.0,0.0,1.0,1.0,0.0,False,False,False,False,0,False,False,False
0x8384893a0cb9e2c5bbcfdf17fbbf9a42b48f5e84,1.0,0.0,0.0,1.0,1.0,0.000110573243875683,70870.753959,2025-11-22 08:20:23+00:00,2025-11-22 08:20:23+00:00,1.0,3.0,2.0,2.0,0.00015630574035311798,2.0,0.00010958599236979799,0.0,0.0,0.0,0.0,0.0,1.5,3.0,2.0,False,False,False,False,0,False,False,False
0x83bd254eaa5d69721092884da83f00b68a1d80ad,2.0,0.0,0.0,1.0,1.0,0.000383240968876212,6008.75217,2025-11-29 04:38:59+00:00,2025-11-29 04:51:11+00:00,2.0,0.0,0.0,0.0,0.0,0.0,0.0,1.0,2.0,0.0,0.000767009219685175,0.0,0.0,0.0,0.0,False,False,False,False,0,False,False,False
0x83d54d5f0e5ef915d8b74391970107e87eaa6e8e,1.0,0.0,0.0,1.0,1.0,4.398191024318e-06,375659.924612,2026-01-01 14:00:23+00:00,2026-01-01 14:00:23+00:00,1.0,1.0,1.0,1.0,1.992915125667e-06,1.0,1.992915125667e-06,0.0,0.0,0.0,0.0,0.0,1.0,1.0,1.0,False,False,False,False,0,False,False,False
0x84058e18f5709615a8ac8ea889fbaff166a1777e,1.0,0.0,0.0,1.0,1.0,6.00714109827e-05,20004.897883,2026-02-02 16:46:35+00:00,2026-02-02 16:46:35+00:00,1.0,9.0,2.0,4.0,0.000475529527479305,4.0,0.000229431460738476,0.0,1.0,0.0,5.318045199351e-06,5.318045199351e-06,4.5,9.0,4.0,False,False,False,False,0,False,False,False
0x840973f6ab6bec9fb948f49381c120b42eb8c2fe,1.0,0.0,0.0,1.0,1.0,5.969460636062e-06,9012.795226,2026-02-19 22:36:11+00:00,2026-02-19 22:36:11+00:00,1.0,6.0,1.0,6.0,0.000263392831134312,1.0,2.963615691046e-06,0.0,0.0,0.0,0.0,0.0,6.0,6.0,1.0,False,False,False,False,0,False,False,False
0x843ea6f705e520b2828157f4e4d90c5ea028eb6a,5.0,1.0,0.0,3.0,1.0,0.001291453803844744,809914.5398830001,2025-11-04 07:19:11+00:00,2025-11-07 00:12:59+00:00,1.6666666666666667,5.0,4.0,4.0,0.00046389691990845496,1.0,8.9706121804656e-05,5.0,3.0,2.0,0.003320607864967409,0.0,1.25,1.0,0.2,False,False,False,False,0,False,False,False
0x844ede76248c5e836790dee6daa6d6f0939364d3,1.0,0.0,0.0,1.0,1.0,0.000241023453851713,5.0,2026-01-29 10:33:11+00:00,2026-01-29 10:33:11+00:00,1.0,2.0,1.0,2.0,0.000210880522178694,1.0,0.000105559724821734,0.0,0.0,0.0,0.0,0.0,2.0,2.0,1.0,False,False,False,False,0,False,False,False
0x847863d9b9fead72ea0d0b0f87564b6d94dfd71b,1.0,0.0,0.0,1.0,1.0,2.6978398258509e-05,1706.237691,2026-02-20 14:48:35+00:00,2026-02-20 14:48:35+00:00,1.0,5.0,3.0,3.0,0.000180420750792278,3.0,6.3450731559278e-05,0.0,0.0,0.0,0.0,0.0,1.6666666666666667,5.0,3.0,False,False,False,False,0,False,False,False
0x8478adb4184db85564fb02a13946927885f5b002,1.0,0.0,0.0,1.0,1.0,2.939065349759e-05,30001.008506,2026-01-27 18:35:59+00:00,2026-01-27 18:35:59+00:00,1.0,5.0,4.0,4.0,4.6467144980570003e-05,2.0,1.9052892444768e-05,1.0,0.0,0.0,0.0,0.0,1.25,5.0,2.0,False,False,False,False,0,False,False,False
0x84b3b137d888ea0bbac921218a4a645d939009b6,1.0,0.0,0.0,1.0,1.0,7.27750607466e-05,440330.817718,2025-11-18 17:45:35+00:00,2025-11-18 17:45:35+00:00,1.0,2.0,2.0,2.0,4.8574899696859e-05,1.0,3.1047158589874e-05,6.0,0.0,0.0,0.0,0.0,1.0,2.0,1.0,False,False,False,False,0,False,False,False
0x84d3243b79d3c95ca2b44fa868605e694c25fb0c,1.0,0.0,0.0,1.0,1.0,1.6559689134778e-05,104445.000104,2026-02-10 07:13:59+00:00,2026-02-10 07:13:59+00:00,1.0,1.0,1.0,1.0,8.013859772655e-06,1.0,8.013859772655e-06,0.0,0.0,0.0,0.0,0.0,1.0,1.0,1.0,False,False,False,False,0,False,False,False
0x84dadb439671cf3dcbee0621bec2e81f579d67d8,2.0,0.0,0.0,1.0,1.0,0.000494156118278152,213492.643576,2025-11-20 11:42:23+00:00,2025-11-20 14:46:59+00:00,2.0,2.0,2.0,2.0,0.000183076506531467,1.0,0.000102794524806015,0.0,0.0,0.0,0.0,0.0,1.0,1.0,0.5,False,False,False,False,0,False,False,False
0x85013cb901b041f421e35c839658af951a30f21a,4.0,0.0,0.0,2.0,1.0,0.000772070831194122,3020.0,2026-02-01 17:17:35+00:00,2026-02-27 13:49:59+00:00,2.0,25.0,10.0,11.0,0.01770077907538202,1.0,0.000149919362142774,0.0,0.0,0.0,0.0,0.0,2.5,6.25,0.25,False,False,False,False,0,False,False,False
0x8507fe7ee9d484a62b249df4e60cb0612e242d79,1.0,0.0,0.0,1.0,1.0,0.000188105218386488,147620.97998,2026-01-06 07:38:11+00:00,2026-01-06 07:38:11+00:00,1.0,0.0,0.0,0.0,0.0,0.0,0.0,1.0,0.0,0.0,0.0,0.0,0.0,0.0,0.0,False,False,False,False,0,False,False,False
0x8523f7ea27815da590521284a7e0df1d75a3be13,62.0,0.0,0.0,12.0,2.0,0.014027401340112483,5540846.581881,2025-11-03 19:00:47+00:00,2026-01-23 14:08:35+00:00,5.166666666666667,8.0,4.0,2.0,0.000773295422726726,8.0,0.000773295422726726,0.0,2.0,0.0,0.000235647269307316,0.000235647269307316,2.0,0.12903225806451613,0.12903225806451613,True,False,False,False,0,False,False,True
0x85637283f5321e2ec5b534af2e26162da7a6089a,1.0,0.0,0.0,1.0,1.0,3.420346034457e-06,99669.001303,2025-12-31 07:06:23+00:00,2025-12-31 07:06:23+00:00,1.0,1.0,1.0,1.0,1.436328606435e-06,1.0,1.436328606435e-06,0.0,0.0,0.0,0.0,0.0,1.0,1.0,1.0,False,False,False,False,0,False,False,False
0x8563762fb9299526b7913cbaa96bd049862eb948,2.0,1.0,0.0,2.0,2.0,0.0009721310564534829,11.458737,2025-11-14 12:54:59+00:00,2026-01-22 09:29:47+00:00,1.0,0.0,0.0,0.0,0.0,0.0,0.0,3.0,3.0,0.0,0.004911246340823048,0.0,0.0,0.0,0.0,False,False,False,False,0,False,False,False
0x857e3642dede73736e9342f94114663b2e886644,4.0,0.0,0.0,4.0,2.0,4.2066713228812e-05,282436.636084,2025-11-09 19:11:47+00:00,2025-12-12 07:52:47+00:00,1.0,2.0,2.0,1.0,5.6042699420112e-05,2.0,5.6042699420112e-05,0.0,0.0,0.0,0.0,0.0,1.0,0.5,0.5,False,False,False,False,0,False,False,False
0x85d4997c2fcfb5ea595d66e89d5ca46bca27b72f,1.0,0.0,0.0,1.0,1.0,6.3342494277e-06,10480.581946,2026-01-17 12:07:47+00:00,2026-01-17 12:07:47+00:00,1.0,3.0,1.0,3.0,2.0735194830358e-05,1.0,3.215308629897e-06,0.0,0.0,0.0,0.0,0.0,3.0,3.0,1.0,False,False,False,False,0,False,False,False
0x85dfb66b7fc95c0ff45cab5900cebc0c5d065451,1.0,0.0,0.0,1.0,1.0,0.000193306344922992,2474.962417,2026-02-18 22:15:11+00:00,2026-02-18 22:15:11+00:00,1.0,0.0,0.0,0.0,0.0,0.0,0.0,1.0,1.0,0.0,6.056777729576e-05,0.0,0.0,0.0,0.0,False,False,False,False,0,False,False,False
0x85e0fe4d6ddb8c9919c01853cc9081cc843d707d,1.0,0.0,0.0,1.0,1.0,3.810326003028e-05,35005.83784,2025-11-22 00:19:59+00:00,2025-11-22 00:19:59+00:00,1.0,1.0,1.0,1.0,2.0815129107636e-05,1.0,2.0815129107636e-05,0.0,1.0,0.0,5.789619688686e-06,5.789619688686e-06,1.0,1.0,1.0,False,False,False,False,0,False,False,False
0x85f48a65e7260deb22b7014b969750ee1ac6cd48,1.0,0.0,0.0,1.0,1.0,5.663253786805e-06,20000.0,2026-01-01 18:11:59+00:00,2026-01-01 18:11:59+00:00,1.0,3.0,2.0,3.0,0.000420257758837602,1.0,3.14706774715e-06,0.0,0.0,0.0,0.0,0.0,1.5,3.0,1.0,False,False,False,False,0,False,False,False
0x85f9111978509fda370706bfb0ffb9fb302b7247,1.0,0.0,0.0,1.0,1.0,6.721635280434e-06,572.150342,2025-12-25 12:05:47+00:00,2025-12-25 12:05:47+00:00,1.0,4.0,3.0,4.0,2.7240402738954e-05,1.0,3.37135371301e-06,0.0,1.0,0.0,3.122991360294e-06,3.122991360294e-06,1.3333333333333333,4.0,1.0,False,False,False,False,0,False,False,False
0x86121466c57705dba9a4753ed55e95ef72e4f6e1,4.0,0.0,0.0,3.0,2.0,0.000827134533552315,6743.302721,2025-11-10 17:21:35+00:00,2026-01-31 18:31:23+00:00,1.3333333333333333,3.0,2.0,3.0,2.2928172667817e-05,0.0,0.0,9.0,1.0,0.0,0.00113988158238166,0.0,1.5,0.75,0.0,False,False,False,False,0,False,False,False
0x861b03311ec4d710d01c427e92d9a62af2233704,1.0,0.0,0.0,1.0,1.0,0.000233118389683062,100.0,2026-01-02 00:25:47+00:00,2026-01-02 00:25:47+00:00,1.0,16.0,4.0,5.0,0.001064861064346605,1.0,0.000100247383211058,0.0,0.0,0.0,0.0,0.0,4.0,16.0,1.0,False,False,False,False,0,False,False,False
0x862e840c2f7edd2c709d8de0df71c03210ed5267,6.0,0.0,0.0,5.0,2.0,0.0037859258191219607,68512.847321,2025-12-18 03:19:23+00:00,2026-02-11 04:35:11+00:00,1.2,1.0,1.0,1.0,8.8800663967852e-05,1.0,8.8800663967852e-05,2.0,2.0,0.0,0.0006691812937523001,0.0,1.0,0.16666666666666666,0.16666666666666666,False,False,False,False,0,False,False,False
0x8639ef7134ee52d831a93581c42977aa72102c02,1.0,0.0,0.0,1.0,1.0,2.4768519666022e-05,13005.551496,2025-12-01 01:11:35+00:00,2025-12-01 01:11:35+00:00,1.0,1.0,1.0,1.0,1.3141489150484e-05,1.0,1.3141489150484e-05,0.0,0.0,0.0,0.0,0.0,1.0,1.0,1.0,False,False,False,False,0,False,False,False
0x863b4acd342984a83fcb7218687ca803878942e2,1.0,0.0,0.0,1.0,1.0,0.000226863658557352,14.794556,2026-01-14 23:54:47+00:00,2026-01-14 23:54:47+00:00,1.0,4.0,4.0,3.0,0.000836887005931134,1.0,0.000114233550388268,0.0,0.0,0.0,0.0,0.0,1.0,4.0,1.0,False,False,False,False,0,False,False,False
0x864b929f4a300a0fd5f5e0e32b0c5d40a31cd435,1.0,0.0,0.0,1.0,1.0,1.0597551056145e-05,33482.5,2025-11-02 04:40:59+00:00,2025-11-02 04:40:59+00:00,1.0,2.0,1.0,2.0,0.00033554757505647,1.0,5.545321317108e-06,0.0,0.0,0.0,0.0,0.0,2.0,2.0,1.0,False,False,False,False,0,False,False,False
0x8697c90b72135447bd0caa0e93b3341ff1f6d6ee,1.0,0.0,0.0,1.0,1.0,7.91924780964e-06,18.672497,2025-11-10 04:49:35+00:00,2025-11-10 04:49:35+00:00,1.0,1.0,1.0,1.0,6.0584293354708e-05,1.0,6.0584293354708e-05,0.0,0.0,0.0,0.0,0.0,1.0,1.0,1.0,False,False,False,False,0,False,False,False
0x86aef245207e2f93fba083d51852c91a7e711eb6,2.0,0.0,0.0,2.0,1.0,0.00033580593814527,496648.068897,2025-11-02 15:25:59+00:00,2025-11-17 23:06:23+00:00,1.0,5.0,4.0,2.0,0.012158386516625725,1.0,5.3332585380258e-05,2.0,2.0,0.0,0.006372503452800167,0.0,1.25,2.5,0.5,False,False,False,False,0,False,False,False
0x86beb9204e4f60d7f04ec884331867be8ede5f2b,1.0,0.0,0.0,1.0,1.0,8.266076160787e-06,100.0,2025-11-13 01:57:35+00:00,2025-11-13 01:57:35+00:00,1.0,8.0,2.0,3.0,0.00011177788590307599,2.0,7.3029767296059995e-06,0.0,0.0,0.0,0.0,0.0,4.0,8.0,2.0,False,False,False,False,0,False,False,False
0x86f35cbfa96d6d143055b787c188cc49d6e6570a,1.0,0.0,0.0,1.0,1.0,0.000194508430116064,351975.883374,2025-11-28 08:02:11+00:00,2025-11-28 08:02:11+00:00,1.0,1.0,1.0,1.0,7.9323429080662e-05,1.0,7.9323429080662e-05,6.0,2.0,0.0,0.00536070723727705,0.0,1.0,1.0,1.0,False,False,False,False,0,False,False,False
0x872bda273fe56aaf7d1d5d727b7088224e68a304,2.0,0.0,0.0,2.0,1.0,5.9231387146599e-05,1380818.896285,2025-11-07 08:10:47+00:00,2025-11-08 03:51:47+00:00,1.0,3.0,2.0,2.0,2.8489039732067e-05,1.0,2.0328081720556e-05,2.0,1.0,0.0,2.560685902547e-06,2.560685902547e-06,1.5,1.5,0.5,False,False,False,False,0,False,False,False
0x87468ffdef6263dea8e9d0d4f5cb74c5a41908ea,2.0,0.0,0.0,2.0,2.0,0.0013048379966897961,3512.506114,2026-01-31 19:13:59+00:00,2026-02-05 11:30:11+00:00,1.0,0.0,0.0,0.0,0.0,0.0,0.0,1.0,1.0,0.0,0.001775484710293074,0.0,0.0,0.0,0.0,False,False,False,False,0,False,False,False
0x87a3b2f481e4277075bea00710afb717d7bb59f0,1.0,0.0,0.0,1.0,1.0,2.891059492228e-06,99868.00032,2025-12-31 07:05:11+00:00,2025-12-31 07:05:11+00:00,1.0,1.0,1.0,1.0,1.38351724587e-06,1.0,1.38351724587e-06,0.0,0.0,0.0,0.0,0.0,1.0,1.0,1.0,False,False,False,False,0,False,False,False
0x87af64b673b86cae2238a2b34bf3bb482ec24685,1.0,0.0,0.0,1.0,1.0,0.000868526976657636,9967.201392,2026-02-05 21:36:23+00:00,2026-02-05 21:36:23+00:00,1.0,1.0,1.0,1.0,0.00052877295021676,1.0,0.00052877295021676,0.0,2.0,0.0,0.0042137780618880655,0.0,1.0,1.0,1.0,False,False,False,False,0,False,False,False
0x87dba3786cd8822f0c9d5c1dc0c00a79ff4438ab,2.0,0.0,0.0,1.0,1.0,0.000334103114623345,26.0,2025-11-10 07:16:35+00:00,2025-11-10 07:18:47+00:00,2.0,2.0,1.0,2.0,0.000125772499228504,1.0,6.0893023393944e-05,0.0,1.0,0.0,0.000123562504027837,0.000123562504027837,2.0,1.0,0.5,False,False,False,False,0,False,False,False
0x87ebc28f0fd522f4b9261e349f814995351d7ce6,1.0,1.0,0.0,1.0,1.0,0.000399442160018,837.01923,2026-02-07 14:31:47+00:00,2026-02-07 14:31:47+00:00,1.0,1.0,1.0,1.0,0.000119861045608874,1.0,0.000119861045608874,0.0,1.0,0.0,0.000117995740962882,0.000117995740962882,1.0,1.0,1.0,False,False,False,False,0,False,False,False
0x881d205f4e06c1d7d75a1c38d3311a447775b905,1.0,0.0,0.0,1.0,1.0,2.0375142629787e-05,47024.892814,2025-11-12 11:13:11+00:00,2025-11-12 11:13:11+00:00,1.0,1.0,1.0,1.0,9.184468569448e-06,1.0,9.184468569448e-06,1.0,1.0,0.0,3.8014647366e-05,0.0,1.0,1.0,1.0,False,False,False,False,0,False,False,False
0x8833df53046af0f267c321839295dbd57c1b24d8,1.0,0.0,0.0,1.0,1.0,1.7427557218351e-05,99470.0,2026-02-10 07:10:59+00:00,2026-02-10 07:10:59+00:00,1.0,1.0,1.0,1.0,7.27229180772e-06,1.0,7.27229180772e-06,0.0,0.0,0.0,0.0,0.0,1.0,1.0,1.0,False,False,False,False,0,False,False,False
0x8853e43c94d3848af2062d6f4b3fc237a6d8201a,15.0,0.0,0.0,14.0,4.0,0.002885680556769392,1133.038296,2025-11-16 07:09:59+00:00,2026-02-21 16:31:23+00:00,1.0714285714285714,0.0,0.0,0.0,0.0,0.0,0.0,1.0,2.0,0.0,0.00023616582861790003,0.0,0.0,0.0,0.0,False,False,False,False,0,False,False,False
0x885f2cf33b2c2147261c25483b31651bfd2e40c4,1.0,0.0,0.0,1.0,1.0,9.7044286253838e-05,100000.0,2025-12-07 14:05:23+00:00,2025-12-07 14:05:23+00:00,1.0,16.0,9.0,14.0,0.000460258908318838,1.0,2.7318699428742e-05,0.0,1.0,0.0,6.260875121237e-06,6.260875121237e-06,1.7777777777777777,16.0,1.0,False,False,False,False,0,False,False,False
0x8884909dc666614cb8f4de9a1e6c013657e3f60d,1.0,0.0,0.0,1.0,1.0,6.6199190143475e-05,1827.955553,2026-02-26 16:05:23+00:00,2026-02-26 16:05:23+00:00,1.0,2.0,1.0,2.0,0.000147183502943524,1.0,3.1887850223356e-05,0.0,0.0,0.0,0.0,0.0,2.0,2.0,1.0,False,False,False,False,0,False,False,False
0x8890102f66f02a0d133ccb9c469fe2269470c630,1.0,0.0,0.0,1.0,1.0,3.150668401175e-06,99868.001129,2025-12-31 07:06:11+00:00,2025-12-31 07:06:11+00:00,1.0,1.0,1.0,1.0,1.436328606435e-06,1.0,1.436328606435e-06,0.0,0.0,0.0,0.0,0.0,1.0,1.0,1.0,False,False,False,False,0,False,False,False
0x8899b9c9e13118be1a161194e2819ef587b48d94,2.0,0.0,0.0,2.0,2.0,0.00041851785875644603,22089.318628,2025-11-20 20:18:59+00:00,2025-12-22 12:52:47+00:00,1.0,1.0,1.0,1.0,0.000122770895553306,1.0,0.000122770895553306,0.0,1.0,0.0,0.000125737698535968,0.000125737698535968,1.0,0.5,0.5,False,False,False,False,0,False,False,False
0x88d986b5a3185912a13b747a2fa9f5cadf570e2b,1.0,0.0,0.0,1.0,1.0,0.00011170384275285,14932.790893,2025-11-18 10:06:47+00:00,2025-11-18 10:06:47+00:00,1.0,1.0,1.0,1.0,6.6090530921178e-05,1.0,6.6090530921178e-05,0.0,0.0,0.0,0.0,0.0,1.0,1.0,1.0,False,False,False,False,0,False,False,False
0x88e62f387694440e8d65ee7303370cfa8a4f31af,2.0,0.0,0.0,2.0,1.0,0.00068171537602209,13000.000746,2026-02-02 10:44:11+00:00,2026-02-05 17:32:47+00:00,1.0,1.0,1.0,1.0,0.000125071086869966,1.0,0.000125071086869966,0.0,0.0,0.0,0.0,0.0,1.0,0.5,0.5,False,False,False,False,0,False,False,False
0x892b3c926cf8a84f94834ffefbb703e2d0db9c7c,1.0,0.0,0.0,1.0,1.0,1.6849647916024e-05,5005.0,2026-02-04 11:53:47+00:00,2026-02-04 11:53:47+00:00,1.0,5.0,2.0,4.0,0.000266709507568734,2.0,3.247794858459e-05,1.0,0.0,0.0,0.0,0.0,2.5,5.0,2.0,False,False,False,False,0,False,False,False
0x893a983f6af86d7024985c16421f8b904c4244ad,1.0,0.0,0.0,1.0,1.0,1.3392637459452e-05,47.031476,2026-02-24 23:24:59+00:00,2026-02-24 23:24:59+00:00,1.0,1.0,1.0,1.0,7.28851374322e-06,1.0,7.28851374322e-06,0.0,0.0,0.0,0.0,0.0,1.0,1.0,1.0,False,False,False,False,0,False,False,False
0x8963b4b520630cb5e4a996a9f57f4f4bf83780e7,3.0,0.0,0.0,3.0,2.0,0.000852214185877747,3569167.882235,2025-11-04 12:12:47+00:00,2026-02-05 12:57:35+00:00,1.0,4.0,2.0,1.0,0.000361293915909172,4.0,0.000361293915909172,3.0,1.0,0.0,6.8346762661706e-05,0.0,2.0,1.3333333333333333,1.3333333333333333,False,False,False,False,0,False,False,False
0x8966c7077b75e199d2721ed90c4106c55997fc4b,1.0,1.0,0.0,1.0,1.0,0.0001348695980781,40033.109605,2025-11-15 18:08:35+00:00,2025-11-15 18:08:35+00:00,1.0,0.0,0.0,0.0,0.0,0.0,0.0,2.0,1.0,0.0,0.00158824166595719,0.0,0.0,0.0,0.0,False,False,False,False,0,False,False,False
0x89673afcd06df0a9cfedb47715b46b636093dd46,5.0,1.0,0.0,4.0,2.0,0.000330862867497881,325.0,2026-01-30 19:45:35+00:00,2026-02-27 15:22:47+00:00,1.25,3.0,3.0,2.0,7.018331476752899e-05,1.0,3.2681493364724e-05,0.0,1.0,0.0,2.3063070259867e-05,2.3063070259867e-05,1.0,0.6,0.2,False,False,False,False,0,False,False,False
0x897aa3ef8bf60ae46d91f4e1bf5486570c5efa57,4.0,2.0,0.0,3.0,1.0,0.006580490966757752,187806.87397800002,2026-02-05 05:09:23+00:00,2026-02-10 08:01:35+00:00,1.3333333333333333,2.0,1.0,1.0,0.002121100051851574,2.0,0.002121100051851574,6.0,1.0,0.0,0.001599914732432535,0.0,2.0,0.5,0.5,False,False,False,False,0,False,False,False
0x89be8f2da700ce27c7e1c4d06813e76a4172e352,13.0,0.0,0.0,7.0,3.0,0.003281153543251556,656131.826832,2025-11-14 13:25:11+00:00,2026-02-23 21:34:47+00:00,1.8571428571428572,1.0,1.0,1.0,0.000122708723698716,1.0,0.000122708723698716,2.0,2.0,0.0,0.01909485172,0.0,1.0,0.07692307692307693,0.07692307692307693,False,False,False,False,0,False,False,False
0x89decee4568ed295e52502e82e1afe2b52dcf1d3,5.0,0.0,0.0,5.0,2.0,0.000502850462433912,2496040.625636,2025-11-09 03:19:47+00:00,2026-01-20 02:57:35+00:00,1.0,12.0,10.0,3.0,0.000717645151368571,5.0,0.000289611783009742,0.0,0.0,0.0,0.0,0.0,1.2,2.4,1.0,False,False,False,False,0,False,False,False
0x89f512c2d8813e295eeaf537fa5ec47364a076e8,1.0,0.0,0.0,1.0,1.0,2.8502101916088e-05,7.074801,2025-11-12 10:45:59+00:00,2025-11-12 10:45:59+00:00,1.0,1.0,1.0,1.0,1.738933252533e-05,1.0,1.738933252533e-05,0.0,0.0,0.0,0.0,0.0,1.0,1.0,1.0,False,False,False,False,0,False,False,False
0x8a0f0a09e622bc0677a404343129fb5dda1e2d33,1.0,0.0,0.0,1.0,1.0,0.000226232064831419,12000.364121,2026-01-16 04:16:11+00:00,2026-01-16 04:16:11+00:00,1.0,1.0,1.0,1.0,0.000113903516864578,1.0,0.000113903516864578,0.0,0.0,0.0,0.0,0.0,1.0,1.0,1.0,False,False,False,False,0,False,False,False
0x8a5221f95c8af2d249bc1a7f075b31336ee5032f,1.0,0.0,0.0,1.0,1.0,1.6291862361384e-05,59999.2,2026-02-13 20:51:11+00:00,2026-02-13 20:51:11+00:00,1.0,39.0,21.0,20.0,0.002282080274218553,1.0,6.94168242385e-06,0.0,0.0,0.0,0.0,0.0,1.8571428571428572,39.0,1.0,False,False,False,False,0,False,False,False
0x8a9d9bb0e886742804de86768eaa403e054d6c80,1.0,0.0,0.0,1.0,1.0,4.870510939223e-06,99470.009937,2026-01-20 07:58:47+00:00,2026-01-20 07:58:47+00:00,1.0,1.0,1.0,1.0,2.427303053295e-06,1.0,2.427303053295e-06,0.0,0.0,0.0,0.0,0.0,1.0,1.0,1.0,False,False,False,False,0,False,False,False
0x8ab6acbddac58093d02f511454d9f548bf7a46cb,1.0,0.0,0.0,1.0,1.0,1.4770533542535e-05,500.533789,2025-11-11 06:15:23+00:00,2025-11-11 06:15:23+00:00,1.0,16.0,9.0,6.0,0.000424315638290078,1.0,8.363326890681e-06,0.0,0.0,0.0,0.0,0.0,1.7777777777777777,16.0,1.0,False,False,False,False,0,False,False,False
0x8ac41b4283966639adffafa12cb84dda5a45caf3,6.0,0.0,0.0,3.0,1.0,9.548053827773e-05,169168.07063600002,2026-01-06 07:59:47+00:00,2026-01-12 18:33:47+00:00,2.0,10.0,8.0,6.0,5.5650401463582e-05,1.0,1.575403445952e-06,1.0,1.0,0.0,2.152115875865e-06,2.152115875865e-06,1.25,1.6666666666666667,0.16666666666666666,False,False,False,False,0,False,False,False
0x8add2c7cb5665e390e19eec2b741087fd57c7800,16.0,0.0,0.0,13.0,3.0,0.002181643889079121,366246.06294900004,2025-11-03 16:51:47+00:00,2026-01-14 07:38:47+00:00,1.2307692307692308,1.0,1.0,1.0,5.071685881437e-05,0.0,0.0,3.0,2.0,0.0,0.001210286477059365,0.0,1.0,0.0625,0.0,False,False,False,False,0,False,False,False
0x8aeca15897e48e9ac618540c51dcc02a74115c84,1.0,0.0,0.0,1.0,1.0,0.000226510510864538,1216.829305,2026-02-02 07:12:59+00:00,2026-02-02 07:12:59+00:00,1.0,1.0,1.0,1.0,0.000110471744052972,1.0,0.000110471744052972,0.0,0.0,0.0,0.0,0.0,1.0,1.0,1.0,False,False,False,False,0,False,False,False
0x8afa7099fc267eb159023895ce25fe6094e7be7f,4.0,0.0,0.0,4.0,1.0,0.0008269119126074181,2090.8005789999997,2025-12-15 07:38:59+00:00,2025-12-26 09:41:59+00:00,1.0,3.0,2.0,3.0,0.0005195085238343041,1.0,0.000105015624921144,0.0,0.0,0.0,0.0,0.0,1.5,0.75,0.25,False,False,False,False,0,False,False,False
0x8b1967f3ea39ed91d51ca349c4ccf227cb4b4b11,1.0,0.0,0.0,1.0,1.0,2.3603661934622e-05,9250.0,2026-01-07 09:41:23+00:00,2026-01-07 09:41:23+00:00,1.0,7.0,2.0,6.0,0.0007353329562316681,1.0,3.088933155043e-05,0.0,0.0,0.0,0.0,0.0,3.5,7.0,1.0,False,False,False,False,0,False,False,False
0x8b4aef82b3c1cc2243fb69435ea60891c70ba198,2.0,0.0,0.0,2.0,1.0,5.9760188813696e-05,5734.9451659999995,2026-02-25 22:04:35+00:00,2026-02-28 10:15:11+00:00,1.0,6.0,4.0,4.0,0.000141659131491022,1.0,2.6612940056438e-05,0.0,0.0,0.0,0.0,0.0,1.5,3.0,0.5,False,False,False,False,0,False,False,False
0x8b559ce9dc519f07623bff6960f51fc93672e8f0,1.0,0.0,0.0,1.0,1.0,0.000700136961021096,400000.0,2026-02-11 14:39:35+00:00,2026-02-11 14:39:35+00:00,1.0,8.0,2.0,6.0,0.000562545806622384,2.0,0.000448746951853808,0.0,0.0,0.0,0.0,0.0,4.0,8.0,2.0,False,False,False,False,0,False,False,False
0x8b6d4e75bd2f125003ceac7a2a37e3c27cb4fb10,5.0,0.0,0.0,5.0,2.0,0.000789745251971718,1099792.809603,2026-01-17 04:32:11+00:00,2026-02-07 08:38:23+00:00,1.0,2.0,2.0,2.0,0.00011639829706555501,1.0,1.513808188434e-06,0.0,0.0,0.0,0.0,0.0,1.0,0.4,0.2,False,False,False,False,0,False,False,False
0x8bad5b59c03fda1f42b07ab038a59d8b2da87561,1.0,0.0,0.0,1.0,1.0,5.196581496436e-06,13350.5,2025-12-04 02:28:11+00:00,2025-12-04 02:28:11+00:00,1.0,1.0,1.0,1.0,2.777133119766e-06,1.0,2.777133119766e-06,0.0,0.0,0.0,0.0,0.0,1.0,1.0,1.0,False,False,False,False,0,False,False,False
0x8be8442b55d138eed7b9452139c88e614085cd67,1.0,0.0,0.0,1.0,1.0,0.000197878506868842,100.0,2026-01-20 03:47:47+00:00,2026-01-20 03:47:47+00:00,1.0,2.0,2.0,2.0,0.00023895648957557802,1.0,0.000114227331740264,0.0,0.0,0.0,0.0,0.0,1.0,2.0,1.0,False,False,False,False,0,False,False,False
0x8c0c023764489d44d729c17493945746fb76c4ad,1.0,0.0,0.0,1.0,1.0,3.0064935164666e-05,5000.0,2025-12-31 16:49:35+00:00,2025-12-31 16:49:35+00:00,1.0,39.0,11.0,5.0,0.004096786498367825,0.0,0.0,2.0,2.0,0.0,0.0009300368074161649,0.0,3.5454545454545454,39.0,0.0,False,False,False,False,0,False,False,False
0x8c2ee013cdc821cbfdb0049c548a3822130d1d4a,2.0,0.0,0.0,1.0,1.0,7.435690176199e-06,1100.0,2025-12-04 00:43:23+00:00,2025-12-04 00:44:35+00:00,2.0,1.0,1.0,1.0,1.27281581542e-06,1.0,1.27281581542e-06,0.0,0.0,0.0,0.0,0.0,1.0,0.5,0.5,False,False,False,False,0,False,False,False
0x8c54fd80cd2fb15f32adad3621c3988379a831ff,2.0,0.0,0.0,2.0,1.0,0.00048545600912932197,100017.223142,2025-12-09 07:04:47+00:00,2025-12-12 06:39:47+00:00,1.0,3.0,2.0,3.0,0.000336515467502153,2.0,0.0002269159005584,0.0,0.0,0.0,0.0,0.0,1.5,1.5,1.0,False,False,False,False,0,False,False,False
0x8c77b78e1af44725ab76e89b21b216a7968c2d6d,9.0,0.0,0.0,7.0,4.0,0.002649673213675991,110836.630726,2025-11-04 18:00:35+00:00,2026-02-02 04:59:59+00:00,1.2857142857142858,0.0,0.0,0.0,0.0,0.0,0.0,1.0,1.0,0.0,9.617494087605e-05,0.0,0.0,0.0,0.0,False,False,False,False,0,False,False,False
0x8c973e0191d4c09e361e74e1e3ee3658091799d0,1.0,0.0,0.0,1.0,1.0,1.8187214759231e-05,102853.000102,2026-02-10 07:13:35+00:00,2026-02-10 07:13:35+00:00,1.0,1.0,1.0,1.0,7.61051220408e-06,1.0,7.61051220408e-06,0.0,0.0,0.0,0.0,0.0,1.0,1.0,1.0,False,False,False,False,0,False,False,False
0x8ca3f09a772098b3cf863e661435224f6c5910af,1.0,0.0,0.0,1.0,1.0,0.000210195525763212,565.346429,2026-02-02 07:33:47+00:00,2026-02-02 07:33:47+00:00,1.0,1.0,1.0,1.0,0.001361085583206978,0.0,0.0,1.0,1.0,0.0,0.000927756823408465,0.0,1.0,1.0,0.0,False,False,False,False,0,False,False,False
0x8ca533b8ba0412c415d15aa008793543e6da53f7,2.0,0.0,0.0,1.0,1.0,3.3454375299291e-05,20.0,2025-11-10 20:33:11+00:00,2025-11-10 20:37:11+00:00,2.0,3.0,1.0,3.0,2.2465821382257002e-05,2.0,1.6286253043539003e-05,0.0,0.0,0.0,0.0,0.0,3.0,1.5,1.0,False,False,False,False,0,False,False,False
0x8cafac3ccbe9cc63e1ca34d3ee8b9691e3ea0ba5,6.0,6.0,0.0,1.0,1.0,0.000672777658420004,17422.956272,2026-02-06 04:31:23+00:00,2026-02-06 04:41:35+00:00,6.0,4.0,2.0,3.0,6.3765657160545e-05,2.0,4.200299770173e-05,0.0,1.0,0.0,8.0424169037861e-05,0.0,2.0,0.6666666666666666,0.3333333333333333,False,False,False,False,0,False,False,False
0x8cb1b041e667207d19f1c62c5f12a063a61e0f97,1.0,0.0,0.0,1.0,1.0,0.000424772329178902,61182.197661,2026-02-05 18:58:59+00:00,2026-02-05 18:58:59+00:00,1.0,3.0,2.0,2.0,0.00034494971505788204,1.0,0.000183314882739698,3.0,0.0,0.0,0.0,0.0,1.5,3.0,1.0,False,False,False,False,0,False,False,False
0x8cf877e91118ab50ff00de1e6e6a566c9c2b8228,19.0,5.0,0.0,6.0,2.0,0.008895925145097051,175279.185469,2025-11-14 16:23:47+00:00,2026-02-06 14:43:59+00:00,3.1666666666666665,20.0,13.0,9.0,0.008671669515624574,2.0,0.000237975272627535,0.0,1.0,0.0,0.000271017753645615,0.0,1.5384615384615385,1.0526315789473684,0.10526315789473684,False,False,False,False,0,False,False,False
0x8cf8b625f2c3f6e43560f8a496a0c01ee607497b,1.0,1.0,0.0,1.0,1.0,2.8716126333999e-05,200.0,2026-01-09 13:06:35+00:00,2026-01-09 13:06:35+00:00,1.0,0.0,0.0,0.0,0.0,0.0,0.0,1.0,1.0,0.0,8.607539491567e-06,8.607539491567e-06,0.0,0.0,0.0,False,False,False,False,0,False,False,False
0x8d094e4be6d5d28176fa0887c8659a277f301844,2.0,0.0,0.0,1.0,1.0,8.398015946616999e-06,8999.57,2026-01-15 00:37:59+00:00,2026-01-15 00:58:11+00:00,2.0,1.0,1.0,1.0,2.239083502686e-06,1.0,2.239083502686e-06,0.0,1.0,0.0,2.214353728738e-06,2.214353728738e-06,1.0,0.5,0.5,False,False,False,False,0,False,False,False
0x8d275bc7fb90fb17ba78215e6a6c1120c7cf2eea,1.0,0.0,0.0,1.0,1.0,9.85276079557e-06,65566.627729,2026-01-28 20:53:47+00:00,2026-01-28 20:53:47+00:00,1.0,1.0,1.0,1.0,4.531833890738e-06,1.0,4.531833890738e-06,0.0,0.0,0.0,0.0,0.0,1.0,1.0,1.0,False,False,False,False,0,False,False,False
0x8d532453c4f9ec8de461649cf1139253c8fc5fc6,1.0,0.0,0.0,1.0,1.0,0.000233264213057752,21578.317584,2025-11-13 19:11:11+00:00,2025-11-13 19:11:11+00:00,1.0,2.0,2.0,2.0,0.000179937405826228,1.0,0.00013008391541551,0.0,0.0,0.0,0.0,0.0,1.0,2.0,1.0,False,False,False,False,0,False,False,False
0x8d693762eab04504e77f4ed8ec5251e48fc360d4,4.0,0.0,0.0,4.0,1.0,7.1639428132449e-05,54.412953,2026-01-11 21:42:59+00:00,2026-01-23 15:40:11+00:00,1.0,47.0,26.0,12.0,0.0012652803074566549,4.0,2.729446397267e-05,0.0,0.0,0.0,0.0,0.0,1.8076923076923077,11.75,1.0,False,False,False,False,0,False,False,False
0x8db3cfb3567c2ad103073a1d3ac20156b3cd1286,1.0,0.0,0.0,1.0,1.0,0.000199047872300508,23014.015319,2025-12-31 11:00:35+00:00,2025-12-31 11:00:35+00:00,1.0,3.0,3.0,2.0,9.752308912637099e-05,1.0,8.1016163332018e-05,2.0,0.0,0.0,0.0,0.0,1.0,3.0,1.0,False,False,False,False,0,False,False,False
0x8dbd543e5ffa0faa062971bab5ad9c9f170e9897,1.0,0.0,0.0,1.0,1.0,4.131772071507e-06,200.0,2025-12-21 13:17:47+00:00,2025-12-21 13:17:47+00:00,1.0,9.0,4.0,3.0,2.6239370064338e-05,0.0,0.0,1.0,1.0,0.0,0.002095316025932335,0.0,2.25,9.0,0.0,False,False,False,False,0,False,False,False
0x8dbea95fa47361954830a4551be5a68ff804eafe,4.0,0.0,0.0,3.0,1.0,6.3051141145939e-05,200088.307202,2025-11-16 19:30:11+00:00,2025-11-20 11:59:59+00:00,1.3333333333333333,24.0,4.0,7.0,0.00229995395022843,4.0,7.0409531033525e-05,0.0,1.0,1.0,4.6637004524801995e-05,4.6637004524801995e-05,6.0,6.0,1.0,False,False,False,False,0,False,False,False
0x8e32a32f5252cb71950194d824fbe1b2edd6088f,2.0,0.0,0.0,1.0,1.0,0.000421588970468166,74593.313962,2025-11-16 19:06:35+00:00,2025-11-16 19:23:23+00:00,2.0,16.0,7.0,6.0,0.000529492229168191,2.0,0.000206252714315686,0.0,2.0,0.0,0.000346768972028351,0.0,2.2857142857142856,8.0,1.0,False,False,False,False,0,False,False,False
0x8e7fbb49f436d0e8a50c02f631e729a57a9a0aca,2.0,0.0,0.0,1.0,1.0,0.00044019826479697703,492.0,2025-12-20 06:06:23+00:00,2025-12-20 06:13:23+00:00,2.0,1.0,1.0,1.0,0.00049462330611515,1.0,0.00049462330611515,0.0,3.0,0.0,0.00025915590155094,5.021645949822e-05,1.0,0.5,0.5,False,False,False,False,0,False,False,False
0x8e8192b98a4b1179cd1b5a18536a29d4844a928b,1.0,0.0,0.0,1.0,1.0,0.000380045270729223,200578.639136,2025-11-10 14:58:59+00:00,2025-11-10 14:58:59+00:00,1.0,2.0,2.0,2.0,0.000205191349687412,1.0,0.000147528683934262,3.0,0.0,0.0,0.0,0.0,1.0,2.0,1.0,False,False,False,False,0,False,False,False
0x8e8479f4edcae7bfa8a7ae24d5ad8d771e10b4b5,1.0,1.0,0.0,1.0,1.0,9.3866958559216e-05,105.0,2025-11-07 08:53:11+00:00,2025-11-07 08:53:11+00:00,1.0,1.0,1.0,1.0,2.1033453889708e-05,1.0,2.1033453889708e-05,0.0,1.0,0.0,0.000136618940168386,0.000136618940168386,1.0,1.0,1.0,False,False,False,False,0,False,False,False
0x8e88a5f019405721744f438f678c630c4900fe98,1.0,0.0,0.0,1.0,1.0,8.785223921968e-06,50.0,2026-01-02 22:33:11+00:00,2026-01-02 22:33:11+00:00,1.0,5.0,3.0,5.0,0.000398254930118792,1.0,3.90923674847e-06,0.0,0.0,0.0,0.0,0.0,1.6666666666666667,5.0,1.0,False,False,False,False,0,False,False,False
0x8e8eeadbf781c39cfa41f7b1668ecf08489399ec,2.0,0.0,0.0,1.0,1.0,2.1213459968134e-05,600.007289,2026-01-26 17:55:11+00:00,2026-01-26 21:10:59+00:00,2.0,6.0,2.0,2.0,0.00010905006214835201,2.0,8.9398507761992e-05,0.0,0.0,0.0,0.0,0.0,3.0,3.0,1.0,False,False,False,False,0,False,False,False
0x8ea0fc05533ea2188128a4f4dcca35738577815c,2.0,0.0,0.0,1.0,1.0,6.983905707189699e-05,17008.17571,2026-02-02 09:10:59+00:00,2026-02-02 09:14:35+00:00,2.0,40.0,10.0,12.0,0.001238354548027333,2.0,3.5034345504702e-05,0.0,0.0,0.0,0.0,0.0,4.0,20.0,1.0,False,False,False,False,0,False,False,False
0x8ebcc87a0a5c79c3a9fb52319578fb7bc60f9773,3.0,0.0,0.0,3.0,1.0,5.5892044007573e-05,279.165082,2025-11-08 07:56:11+00:00,2025-11-21 07:21:35+00:00,1.0,5.0,5.0,2.0,0.00016436744569694,3.0,0.00012510242622328001,0.0,1.0,0.0,7.231979554194e-06,7.231979554194e-06,1.0,1.6666666666666667,1.0,False,False,False,False,0,False,False,False
0x8ec5c5528db3f1c6d8e3c4256e87de04ca7fffdb,1.0,0.0,0.0,1.0,1.0,0.000286436014610922,58286.457403,2025-11-07 09:34:35+00:00,2025-11-07 09:34:35+00:00,1.0,1.0,1.0,1.0,0.00011669861879795,1.0,0.00011669861879795,5.0,3.0,0.0,0.002031028283575805,0.0,1.0,1.0,1.0,False,False,False,False,0,False,False,False
0x8ec66732d466e02805218794f85a07f90cc95931,1.0,0.0,0.0,1.0,1.0,0.000241039112125067,60509.281203,2026-01-28 14:15:23+00:00,2026-01-28 14:15:23+00:00,1.0,3.0,3.0,2.0,0.000644604901100022,1.0,0.000120081265939782,0.0,0.0,0.0,0.0,0.0,1.0,3.0,1.0,False,False,False,False,0,False,False,False
0x8ee982ce1a1501c8eb81255091b27d54c4ae6836,11.0,0.0,0.0,7.0,3.0,0.003260468824964999,68237.42619500001,2025-11-17 22:13:59+00:00,2026-02-05 21:23:11+00:00,1.5714285714285714,2.0,2.0,2.0,0.000170686704015103,1.0,0.000131511100129938,0.0,0.0,0.0,0.0,0.0,1.0,0.18181818181818182,0.09090909090909091,False,False,False,False,0,False,False,False
0x8eea1083b3e40817e6a372082c60100d2ea5b285,1.0,0.0,0.0,1.0,1.0,2.844752984164e-05,2239721.056948,2025-12-10 15:27:23+00:00,2025-12-10 15:27:23+00:00,1.0,12.0,7.0,4.0,0.003001038477818329,2.0,1.9275363349971e-05,0.0,1.0,0.0,2.7055280625072e-05,2.7055280625072e-05,1.7142857142857142,12.0,2.0,False,False,False,False,0,False,False,False
0x8ef7b9704f89aa307cb4134f36b309c1aca88e5f,4.0,0.0,0.0,2.0,1.0,0.004544311957311153,427413.307625,2025-11-04 18:13:23+00:00,2025-11-07 10:20:35+00:00,2.0,20.0,9.0,5.0,0.00204447697857946,4.0,0.000859714954154462,8.0,3.0,3.0,0.00070608807812212,0.000220522062545712,2.2222222222222223,5.0,1.0,False,False,False,False,0,False,False,False
0x8ef858d368f2ff756958861db0898ad99ff7d9e8,1.0,0.0,0.0,1.0,1.0,0.000167896715954394,9.365615,2025-12-07 10:44:35+00:00,2025-12-07 10:44:35+00:00,1.0,7.0,5.0,4.0,0.000432612457097531,2.0,0.000137727544134202,0.0,2.0,2.0,0.000274596025177895,0.000274596025177895,1.4,7.0,2.0,False,False,False,False,0,False,False,False
0x8f2c003b0b429c264f1ebf08babdd1e67d6b3870,1.0,0.0,0.0,1.0,1.0,6.523144318623e-06,199817.0,2026-01-27 09:00:47+00:00,2026-01-27 09:00:47+00:00,1.0,1.0,1.0,1.0,2.932397195094e-06,1.0,2.932397195094e-06,0.0,0.0,0.0,0.0,0.0,1.0,1.0,1.0,False,False,False,False,0,False,False,False
0x8f5187de7d4bab1737e2beeafbe7f28149506cf4,41.0,0.0,0.0,9.0,2.0,0.005589457477216309,264510.792932,2026-01-05 01:44:59+00:00,2026-02-23 01:56:47+00:00,4.555555555555555,40.0,11.0,5.0,0.000798545561228736,10.0,0.000253507534061462,0.0,1.0,1.0,1.1347475573693e-05,1.1347475573693e-05,3.6363636363636362,0.975609756097561,0.24390243902439024,True,False,False,False,0,False,False,True
0x8f6480621fbaac3c68d24feddea7d4db4e9d5c52,2.0,0.0,0.0,1.0,1.0,0.000477269881931385,2614.999976,2025-12-08 16:10:47+00:00,2025-12-08 16:18:59+00:00,2.0,3.0,1.0,2.0,0.000372895165004924,1.0,0.00012872119731201,1.0,1.0,0.0,0.000132398043209767,0.000132398043209767,3.0,1.5,0.5,False,False,False,False,0,False,False,False
0x8f80259fabc335043f3e104ce1dfb65712a9e43d,2.0,0.0,0.0,2.0,1.0,0.000558992853832254,1105.884473,2026-02-04 20:48:59+00:00,2026-02-05 18:53:47+00:00,1.0,12.0,8.0,5.0,0.001201635989456555,2.0,0.00029746468939559,0.0,1.0,0.0,0.000135025566106664,0.000135025566106664,1.5,6.0,1.0,False,False,False,False,0,False,False,False
0x8f8d2762133985b19240caf706a7e2a148e74ebd,1.0,0.0,0.0,1.0,1.0,0.000234616785058646,349934.957316,2025-11-09 16:05:35+00:00,2025-11-09 16:05:35+00:00,1.0,3.0,3.0,3.0,0.000334121908433541,1.0,0.00011771884374973,0.0,0.0,0.0,0.0,0.0,1.0,3.0,1.0,False,False,False,False,0,False,False,False
0x8fbce39ab5f2664506d6c3e3cd39f8a419784f62,1.0,0.0,0.0,1.0,1.0,4.262260308372e-06,6961.475883,2026-01-29 05:41:23+00:00,2026-01-29 05:41:23+00:00,1.0,2.0,1.0,1.0,1.705740403614e-05,0.0,0.0,1.0,4.0,0.0,0.001662847587905053,0.0,2.0,2.0,0.0,False,False,False,False,0,False,False,False
0x90032fe5d522b27babc76cab7d816f9747e24ec0,1.0,0.0,0.0,1.0,1.0,0.00019440802926112,3170.365605,2026-01-12 21:17:59+00:00,2026-01-12 21:17:59+00:00,1.0,1.0,1.0,1.0,7.9925811785824e-05,1.0,7.9925811785824e-05,6.0,0.0,0.0,0.0,0.0,1.0,1.0,1.0,False,False,False,False,0,False,False,False
0x90108033a917bfc00974c14abd1d59dde981fc77,1.0,0.0,0.0,1.0,1.0,0.000568676146421064,2818.846199,2025-11-04 17:45:11+00:00,2025-11-04 17:45:11+00:00,1.0,3.0,3.0,3.0,0.0013520846255602168,1.0,0.000297213289033572,0.0,1.0,0.0,0.000472114757381365,0.0,1.0,3.0,1.0,False,False,False,False,0,False,False,False
0x902111bdaf86f47ac9f6e783b0ad8bd8a009c141,3.0,0.0,0.0,3.0,3.0,1.0631494145709e-05,24252.511147,2025-12-18 10:44:23+00:00,2026-02-23 11:14:47+00:00,1.0,3.0,2.0,2.0,6.073947274888e-06,2.0,4.2372317087380004e-06,1.0,0.0,0.0,0.0,0.0,1.5,1.0,0.6666666666666666,False,False,False,False,0,False,False,False
0x906603c1ba0f91005c5d489a1fc34272c6d7f03b,1.0,0.0,0.0,1.0,1.0,3.83958497002e-06,10933.16114,2026-01-12 09:49:23+00:00,2026-01-12 09:49:23+00:00,1.0,1.0,1.0,1.0,1.581845755707e-06,1.0,1.581845755707e-06,0.0,0.0,0.0,0.0,0.0,1.0,1.0,1.0,False,False,False,False,0,False,False,False
0x906bd71eb466cd75211dee5ed8092eefb2ca3322,2.0,0.0,0.0,2.0,2.0,0.000215711966739744,7816.025721,2025-11-14 20:50:35+00:00,2026-01-19 20:17:23+00:00,1.0,22.0,8.0,5.0,0.002564563188657476,4.0,0.000218141892777428,26.0,0.0,0.0,0.0,0.0,2.75,11.0,2.0,False,False,False,False,0,False,False,False
0x90d6869b96ddd5bdc7431011be757bf9a3cbf8b3,1.0,0.0,0.0,1.0,1.0,0.000119099254176535,90.0,2025-12-22 23:57:59+00:00,2025-12-22 23:57:59+00:00,1.0,4.0,2.0,4.0,0.000189636662532956,1.0,5.740558229168e-05,0.0,0.0,0.0,0.0,0.0,2.0,4.0,1.0,False,False,False,False,0,False,False,False
0x90e80dd2c755f54a1bf9872d9e9291d5eda0471f,4.0,0.0,0.0,3.0,2.0,0.000830976744168609,1302483.3910420001,2026-01-19 12:03:59+00:00,2026-02-25 17:59:59+00:00,1.3333333333333333,3.0,2.0,3.0,0.000722793491629022,2.0,0.00021434688511553297,0.0,0.0,0.0,0.0,0.0,1.5,0.75,0.5,False,False,False,False,0,False,False,False
0x90fb4960d9f3ed337a83358f60eea34489acb6fd,2.0,0.0,0.0,2.0,2.0,1.1962321877365e-05,41318.0,2025-11-10 03:42:35+00:00,2025-12-25 02:01:23+00:00,1.0,2.0,2.0,2.0,0.000213438286113774,2.0,0.000213438286113774,0.0,0.0,0.0,0.0,0.0,1.0,1.0,1.0,False,False,False,False,0,False,False,False
0x9145bba7587251b452880916a9ff809ae032e4fc,1.0,0.0,0.0,1.0,1.0,1.6921508609118e-05,99470.000993,2026-02-10 07:11:35+00:00,2026-02-10 07:11:35+00:00,1.0,1.0,1.0,1.0,7.722663826095e-06,1.0,7.722663826095e-06,0.0,0.0,0.0,0.0,0.0,1.0,1.0,1.0,False,False,False,False,0,False,False,False
0x9189ed5ea232d22d16f4908626019bfb553ac6cf,3.0,1.0,0.0,1.0,1.0,0.0010965481222248719,6391.47892,2026-01-31 15:32:11+00:00,2026-01-31 15:40:35+00:00,3.0,2.0,2.0,2.0,0.000229653773089144,1.0,0.00011472043424642,2.0,1.0,0.0,0.00053330501909467,0.0,1.0,0.6666666666666666,0.3333333333333333,False,False,False,False,0,False,False,False
0x918ff95a48fa6400bddf9d6ec3f36d094bb6969d,2.0,0.0,0.0,1.0,1.0,2.7302558181421e-05,132003.83572899998,2026-01-28 03:43:47+00:00,2026-01-28 04:01:11+00:00,2.0,6.0,4.0,3.0,6.9031789210784e-05,2.0,1.3796056564606e-05,4.0,0.0,0.0,0.0,0.0,1.5,3.0,1.0,False,False,False,False,0,False,False,False
0x91fac9caef791f96ff3726da49eee06f8b15ef60,2.0,0.0,0.0,2.0,2.0,0.00059300441744804,19121.100027,2025-11-21 12:03:35+00:00,2026-02-05 19:47:47+00:00,1.0,3.0,2.0,2.0,0.000424956216199808,0.0,0.0,2.0,1.0,0.0,9.5193418710399e-05,0.0,1.5,1.5,0.0,False,False,False,False,0,False,False,False
0x926885ea94e4652a5e6ae3afbf29b499f0e2f8ef,1.0,0.0,0.0,1.0,1.0,1.0335166105475e-05,8032.916759,2025-11-20 12:02:35+00:00,2025-11-20 12:02:35+00:00,1.0,10.0,6.0,5.0,0.00030576341513872805,1.0,5.366469726891e-06,6.0,1.0,0.0,6.995017540379e-06,6.995017540379e-06,1.6666666666666667,10.0,1.0,False,False,False,False,0,False,False,False
0x926f065d0be0b33671f062d1be98eef7a6654d49,2.0,0.0,0.0,2.0,1.0,8.380158338342e-06,10258.99234,2026-02-09 02:58:59+00:00,2026-02-19 03:58:59+00:00,1.0,6.0,2.0,4.0,0.000416306571099175,1.0,2.218760597758e-06,0.0,0.0,0.0,0.0,0.0,3.0,3.0,0.5,False,False,False,False,0,False,False,False
0x929a3ad5785c0ff21cf4e64001ce4f029ba2cc38,4.0,0.0,0.0,2.0,1.0,0.000854709305969389,1111900.069595,2025-11-06 19:22:35+00:00,2025-11-09 20:15:59+00:00,2.0,16.0,8.0,9.0,0.002200903525077571,4.0,0.000291006731503604,8.0,0.0,0.0,0.0,0.0,2.0,4.0,1.0,False,False,False,False,0,False,False,False
0x92d445c586f1fbea4cd311def870159ec5a0f652,1.0,0.0,0.0,1.0,1.0,0.000221499137456703,1012.013281,2025-12-01 17:41:35+00:00,2025-12-01 17:41:35+00:00,1.0,1.0,1.0,1.0,0.000123896758194882,1.0,0.000123896758194882,0.0,0.0,0.0,0.0,0.0,1.0,1.0,1.0,False,False,False,False,0,False,False,False
0x930b4e771fe51a6527bedc21d3166c815435a0b1,2.0,0.0,0.0,2.0,2.0,0.000354314651040151,2549.193968,2025-11-21 08:52:11+00:00,2026-01-05 12:00:35+00:00,1.0,0.0,0.0,0.0,0.0,0.0,0.0,1.0,1.0,0.0,0.000150755017343051,0.0,0.0,0.0,0.0,False,False,False,False,0,False,False,False
0x93236513cd476581da11f9b9d2c3d9af6b96ef90,7.0,0.0,0.0,3.0,1.0,4.1075137929001996e-05,437028.01454500004,2026-01-23 13:43:59+00:00,2026-01-28 01:04:11+00:00,2.3333333333333335,12.0,6.0,3.0,6.6005175796467e-05,8.0,1.9202208106788e-05,0.0,2.0,0.0,1.1529664607817e-05,1.1529664607817e-05,2.0,1.7142857142857142,1.1428571428571428,False,False,False,False,0,False,False,False
0x932b047db012b9ad99dc39f4c1a291608339f488,6.0,0.0,0.0,6.0,3.0,5.5957053395124e-05,14954.268355,2025-12-18 10:51:23+00:00,2026-02-05 08:35:11+00:00,1.0,6.0,4.0,5.0,0.010460650842710468,0.0,0.0,1.0,1.0,0.0,0.000353389364290725,0.0,1.5,1.0,0.0,False,False,False,False,0,False,False,False
0x937c3e7073a0fcf4b7abab1bfaa11cc31c9d98ac,1.0,0.0,0.0,1.0,1.0,0.000189862329184488,581.344253,2025-12-31 10:24:35+00:00,2025-12-31 10:24:35+00:00,1.0,0.0,0.0,0.0,0.0,0.0,0.0,1.0,0.0,0.0,0.0,0.0,0.0,0.0,0.0,False,False,False,False,0,False,False,False
0x939c0222b5a81578e729dc1a4c4e034405524dff,2.0,0.0,0.0,2.0,2.0,0.00023527310559414,12.575,2025-12-29 08:09:47+00:00,2026-02-24 19:58:59+00:00,1.0,5.0,5.0,5.0,0.000434545183755546,1.0,0.000100148631905592,0.0,1.0,0.0,0.000119411519295139,0.000119411519295139,1.0,2.5,0.5,False,False,False,False,0,False,False,False
0x93e34da84132e35431d52322faa23b39fd8fefdf,2.0,0.0,0.0,2.0,1.0,2.8603464943846e-05,8409.772487,2025-11-03 03:07:23+00:00,2025-11-04 03:52:47+00:00,1.0,3.0,2.0,2.0,0.000112190187462711,1.0,8.945726295564e-06,0.0,2.0,0.0,0.00015251824673160702,0.0,1.5,1.5,0.5,False,False,False,False,0,False,False,False
0x93f72cf70988182e64474732dd764570dc14ac09,1.0,0.0,0.0,1.0,1.0,0.000290567345417274,1.0,2025-11-16 17:12:47+00:00,2025-11-16 17:12:47+00:00,1.0,2.0,1.0,2.0,0.00028278332449646604,1.0,0.000140208740681184,0.0,0.0,0.0,0.0,0.0,2.0,2.0,1.0,False,False,False,False,0,False,False,False
0x94032bcdeef789c8fafb7280757edeb3850b0a32,2.0,0.0,0.0,1.0,1.0,8.212111999044e-06,19.008673,2026-01-28 04:57:59+00:00,2026-01-28 05:21:11+00:00,2.0,6.0,3.0,6.0,0.000328479490497305,1.0,9.980031921138e-05,0.0,0.0,0.0,0.0,0.0,2.0,3.0,0.5,False,False,False,False,0,False,False,False
0x941dc2bf371c6e4b56d4b5e14246a09208335ce5,2.0,0.0,0.0,1.0,1.0,0.00039476006165676,864761.4957880001,2025-12-22 02:39:23+00:00,2025-12-22 02:43:35+00:00,2.0,10.0,3.0,3.0,0.00370903965962917,1.0,0.000113282105405932,0.0,0.0,0.0,0.0,0.0,3.3333333333333335,5.0,0.5,False,False,False,False,0,False,False,False
0x942609984a448a2a95f24e01a5b4179dbc43f9f4,1.0,0.0,0.0,1.0,1.0,0.000465473954515415,6500.0,2025-11-21 09:54:35+00:00,2025-11-21 09:54:35+00:00,1.0,1.0,1.0,1.0,4.5936761654714e-05,0.0,0.0,1.0,0.0,0.0,0.0,0.0,1.0,1.0,0.0,False,False,False,False,0,False,False,False
0x9428c8dd08358155fb843a99bfe6eb76bb14b5a1,1.0,0.0,0.0,1.0,1.0,9.5129e-06,250.107961,2026-01-07 10:45:59+00:00,2026-01-07 10:45:59+00:00,1.0,0.0,0.0,0.0,0.0,0.0,0.0,1.0,0.0,0.0,0.0,0.0,0.0,0.0,0.0,False,False,False,False,0,False,False,False
0x944415b853585af1d0a6ce73b7477c18ccfdf957,1.0,0.0,0.0,1.0,1.0,1.1906299861141e-05,1999999.200788,2026-02-08 06:19:59+00:00,2026-02-08 06:19:59+00:00,1.0,1.0,1.0,1.0,3.2044797098076e-05,0.0,0.0,1.0,1.0,0.0,1.2910468466407e-05,1.2910468466407e-05,1.0,1.0,0.0,False,False,False,False,0,False,False,False
0x94522d698204849c2b86ec7b58bc09d657c7ca9b,2.0,0.0,0.0,1.0,1.0,5.6203138049247e-05,455898.067147,2025-11-07 06:11:35+00:00,2025-11-07 07:14:47+00:00,2.0,2.0,1.0,1.0,2.4647752072846e-05,2.0,2.4647752072846e-05,0.0,0.0,0.0,0.0,0.0,2.0,1.0,1.0,False,False,False,False,0,False,False,False
0x94623724e4ac90174904de01a5514ef506b56cc1,1.0,0.0,0.0,1.0,1.0,6.328012923239e-06,99967.009986,2026-01-20 07:59:47+00:00,2026-01-20 07:59:47+00:00,1.0,1.0,1.0,1.0,2.73084993846e-06,1.0,2.73084993846e-06,0.0,0.0,0.0,0.0,0.0,1.0,1.0,1.0,False,False,False,False,0,False,False,False
0x94dfe1350c3187c4403b457877736687b67211b3,1.0,0.0,0.0,1.0,1.0,6.634068421956e-06,11277.439441,2026-01-26 21:13:35+00:00,2026-01-26 21:13:35+00:00,1.0,1.0,1.0,1.0,3.045609387356e-06,1.0,3.045609387356e-06,0.0,0.0,0.0,0.0,0.0,1.0,1.0,1.0,False,False,False,False,0,False,False,False
0x94e9b0ef57cd5c0e66d363786819fdd3e7cbfc4f,1.0,0.0,0.0,1.0,1.0,0.000191895964119156,100.636635,2025-11-03 06:22:11+00:00,2025-11-03 06:22:11+00:00,1.0,0.0,0.0,0.0,0.0,0.0,0.0,6.0,1.0,0.0,6.4826550662428e-05,0.0,0.0,0.0,0.0,False,False,False,False,0,False,False,False
0x951e19187b52598494f8dccffff53b2fa317d7db,1.0,0.0,0.0,1.0,1.0,9.327580351755e-06,8.8,2026-02-27 07:59:35+00:00,2026-02-27 07:59:35+00:00,1.0,1.0,1.0,1.0,4.502552812227e-06,1.0,4.502552812227e-06,0.0,0.0,0.0,0.0,0.0,1.0,1.0,1.0,False,False,False,False,0,False,False,False
0x95420c8f22c95e94f0c443d4c075b819644014b0,4.0,0.0,0.0,4.0,2.0,7.9547115338096e-05,1040.1325550000001,2025-12-03 22:34:23+00:00,2026-01-31 21:53:35+00:00,1.0,3.0,3.0,3.0,3.5374312836124e-05,0.0,0.0,2.0,0.0,0.0,0.0,0.0,1.0,0.75,0.0,False,False,False,False,0,False,False,False
0x955e05ccfffba8a75061275b8fca6427448faaa0,2.0,0.0,0.0,2.0,1.0,9.2147026634374e-05,7798.0,2025-11-11 09:42:11+00:00,2025-11-12 19:02:11+00:00,1.0,12.0,10.0,6.0,0.000886256238924216,1.0,1.0256575194386e-05,0.0,1.0,0.0,0.000123370480575885,0.000123370480575885,1.2,6.0,0.5,False,False,False,False,0,False,False,False
0x956b7c08b8845c934a4dc9a3276f7d7ef0aa04d6,4.0,0.0,0.0,1.0,1.0,0.00083779079725779,664069.6339380001,2026-01-14 00:08:35+00:00,2026-01-14 01:16:35+00:00,4.0,6.0,1.0,2.0,0.000533315071218305,6.0,0.000533315071218305,0.0,0.0,0.0,0.0,0.0,6.0,1.5,1.5,False,False,False,False,0,False,False,False
0x95ab898334abbaf5be6a5a036630fd16828dcf14,25.0,0.0,0.0,12.0,3.0,0.005401872279516105,249620.678829,2025-12-15 14:55:35+00:00,2026-02-27 15:56:35+00:00,2.0833333333333335,22.0,8.0,3.0,0.000735678751148679,1.0,3.699636110334e-06,0.0,1.0,1.0,3.8077053846781e-05,3.8077053846781e-05,2.75,0.88,0.04,False,False,False,False,0,False,False,False
0x95c0b6c236f2d353c4f0ea9d1db85d53a517e537,2.0,0.0,0.0,2.0,1.0,0.000218749762946849,239.87437899999998,2025-11-18 07:50:59+00:00,2025-11-23 22:05:11+00:00,1.0,4.0,3.0,3.0,0.000961076002602101,1.0,6.5387895477849e-05,0.0,0.0,0.0,0.0,0.0,1.3333333333333333,2.0,0.5,False,False,False,False,0,False,False,False
0x95cd1db85f3cb23901449d8a064f71738872d78f,1.0,0.0,0.0,1.0,1.0,0.00025219664368941,5000.0,2025-11-18 12:15:47+00:00,2025-11-18 12:15:47+00:00,1.0,1.0,1.0,1.0,0.000119124451018428,1.0,0.000119124451018428,0.0,0.0,0.0,0.0,0.0,1.0,1.0,1.0,False,False,False,False,0,False,False,False
0x95f6e17248debea7d00870d50fe3b83c34c9589a,1.0,0.0,0.0,1.0,1.0,0.000239594168434243,220.858276,2026-01-24 19:46:59+00:00,2026-01-24 19:46:59+00:00,1.0,2.0,1.0,2.0,0.00024011620129424198,1.0,0.00011939437815662,0.0,0.0,0.0,0.0,0.0,2.0,2.0,1.0,False,False,False,False,0,False,False,False
0x963df5e684bf10bfe75609d0671ab44570dffe23,4.0,0.0,0.0,3.0,2.0,0.001175554751472259,1345.0,2025-11-04 23:21:47+00:00,2026-02-05 21:28:35+00:00,1.3333333333333333,3.0,2.0,2.0,0.00010178957283043399,1.0,9.0902207890146e-05,0.0,1.0,0.0,1.121348858706e-05,0.0,1.5,0.75,0.25,False,False,False,False,0,False,False,False
0x966211e4a01e0e479e86f24f9d3209b8cc8a7993,3.0,0.0,0.0,2.0,1.0,8.769006378490601e-05,25.925805,2025-12-08 15:42:23+00:00,2025-12-22 14:50:35+00:00,1.5,13.0,6.0,8.0,0.000422072860769228,4.0,0.000136953873107644,0.0,0.0,0.0,0.0,0.0,2.1666666666666665,4.333333333333333,1.3333333333333333,False,False,False,False,0,False,False,False
0x969c6b81b8c5ab6400c00314a691935609f1c8ff,1.0,0.0,0.0,1.0,1.0,4.869940081451e-06,99470.009937,2026-01-20 07:58:47+00:00,2026-01-20 07:58:47+00:00,1.0,1.0,1.0,1.0,2.427303053295e-06,1.0,2.427303053295e-06,0.0,0.0,0.0,0.0,0.0,1.0,1.0,1.0,False,False,False,False,0,False,False,False
0x96b539339b3149dcc2337fe434e0460ff43de327,3.0,0.0,0.0,1.0,1.0,0.000300648444548692,0.30000000000000004,2026-02-11 14:40:23+00:00,2026-02-11 16:10:23+00:00,3.0,5.0,2.0,3.0,0.000166343366397502,1.0,7.0777532241066e-05,0.0,0.0,0.0,0.0,0.0,2.5,1.6666666666666667,0.3333333333333333,False,False,False,False,0,False,False,False
0x96c5b3c92eab874a4a12baa55b65edf66da22381,1.0,0.0,0.0,1.0,1.0,0.000233169020968855,562.357838,2025-12-10 11:44:11+00:00,2025-12-10 11:44:11+00:00,1.0,5.0,5.0,3.0,0.000529532865162273,1.0,0.000105224985201267,0.0,1.0,0.0,0.00011798058139815,0.00011798058139815,1.0,5.0,1.0,False,False,False,False,0,False,False,False
0x971f663acaf0df09a4f429d59d0af182ad2ae573,1.0,0.0,0.0,1.0,1.0,3.0184009220856e-05,67.446036,2025-11-20 01:37:59+00:00,2025-11-20 01:37:59+00:00,1.0,1.0,1.0,1.0,1.4021284526019e-05,1.0,1.4021284526019e-05,0.0,1.0,0.0,1.4671135688768e-05,1.4671135688768e-05,1.0,1.0,1.0,False,False,False,False,0,False,False,False
0x97276c94d03f18589f792d8f54b07477b5fbe899,2.0,0.0,0.0,1.0,1.0,3.7292748752807e-05,363.688447,2025-11-19 10:53:23+00:00,2025-11-19 10:58:23+00:00,2.0,3.0,1.0,1.0,5.5392596005378e-05,3.0,5.5392596005378e-05,0.0,3.0,2.0,9.012931680728301e-05,9.012931680728301e-05,3.0,1.5,1.5,False,False,False,False,0,False,False,False
0x97614cce9a38b7cdee4d1abaa975193c9c226f20,1.0,0.0,0.0,1.0,1.0,5.5895290037815e-05,8000.0,2025-11-26 10:06:35+00:00,2025-11-26 10:06:35+00:00,1.0,0.0,0.0,0.0,0.0,0.0,0.0,1.0,0.0,0.0,0.0,0.0,0.0,0.0,0.0,False,False,False,False,0,False,False,False
0x9781f72f15ff9d961f5b0aaf1d93b40c23905f05,1.0,0.0,0.0,1.0,1.0,3.784803356635e-06,6000.0,2026-01-06 05:18:23+00:00,2026-01-06 05:18:23+00:00,1.0,2.0,2.0,2.0,3.578125222854e-06,1.0,1.565148033657e-06,0.0,1.0,0.0,1.5881912336727e-05,1.5881912336727e-05,1.0,2.0,1.0,False,False,False,False,0,False,False,False
0x97856984ea844d353ffbbb5fa449e34181c62d7c,1.0,0.0,0.0,1.0,1.0,0.000216361756787274,81110.951863,2025-12-10 14:08:11+00:00,2025-12-10 14:08:11+00:00,1.0,16.0,9.0,5.0,0.002178461233207918,1.0,0.000120076171561438,1.0,0.0,0.0,0.0,0.0,1.7777777777777777,16.0,1.0,False,False,False,False,0,False,False,False
0x97a10c045fcb083e1807d63519431a8ff776dc05,2.0,0.0,0.0,2.0,2.0,0.0006833965067385011,613.967819,2025-11-21 08:06:47+00:00,2026-01-02 17:55:59+00:00,1.0,2.0,2.0,2.0,0.000351701314434654,1.0,0.000340642646541342,0.0,2.0,0.0,0.00016063948535535299,0.0,1.0,1.0,0.5,False,False,False,False,0,False,False,False
0x97a4d16deba89c7ff95acc51be1c66e2195498df,3.0,0.0,0.0,2.0,1.0,0.0006428022013422879,789.952463,2026-01-26 04:18:59+00:00,2026-01-27 07:10:35+00:00,1.5,7.0,3.0,5.0,0.000988032430355341,4.0,0.00036746283210926803,0.0,2.0,0.0,0.000236888293072351,0.000236888293072351,2.3333333333333335,2.3333333333333335,1.3333333333333333,False,False,False,False,0,False,False,False
0x97b8aa5c439320871ecb676fdeb870cc525c799b,1.0,0.0,0.0,1.0,1.0,4.859004866331e-06,43688.658185,2025-12-15 12:03:11+00:00,2025-12-15 12:03:11+00:00,1.0,1.0,1.0,1.0,2.386389707218e-06,1.0,2.386389707218e-06,0.0,0.0,0.0,0.0,0.0,1.0,1.0,1.0,False,False,False,False,0,False,False,False
0x97d3e7a51f4b5b6214bf33af8c2736c4115d9d73,1.0,0.0,0.0,1.0,1.0,0.000233178441803296,200000.0011,2025-11-09 13:25:47+00:00,2025-11-09 13:25:47+00:00,1.0,1.0,1.0,1.0,0.000117152357084878,1.0,0.000117152357084878,0.0,0.0,0.0,0.0,0.0,1.0,1.0,1.0,False,False,False,False,0,False,False,False
0x983f3a7dc6df25b8bd7c5a5b67a9169c0f3f3bcb,1.0,0.0,0.0,1.0,1.0,2.0937235064878e-05,5450.938067,2026-01-18 23:54:59+00:00,2026-01-18 23:54:59+00:00,1.0,1.0,1.0,1.0,1.0106318203038e-05,1.0,1.0106318203038e-05,0.0,0.0,0.0,0.0,0.0,1.0,1.0,1.0,False,False,False,False,0,False,False,False
0x984425ed5af89d93ed2f11b6b86020e3457bae21,6.0,4.0,0.0,5.0,3.0,0.000647204704388799,7219392.013576,2025-11-21 13:20:23+00:00,2026-02-15 12:48:35+00:00,1.2,9.0,6.0,5.0,0.00011888664663663401,0.0,0.0,1.0,1.0,0.0,0.000393548706643415,0.0,1.5,1.5,0.0,False,False,False,False,0,False,False,False
0x9851dd5b20aab8440baf3daa3e1aec30105d1620,1.0,0.0,0.0,1.0,1.0,1.0283893095177e-05,99967.0,2026-01-07 09:31:35+00:00,2026-01-07 09:31:35+00:00,1.0,1.0,1.0,1.0,4.77571689303e-06,1.0,4.77571689303e-06,0.0,0.0,0.0,0.0,0.0,1.0,1.0,1.0,False,False,False,False,0,False,False,False
0x9865056ae0e220413b6405269a5e09cc577c771c,4.0,0.0,0.0,3.0,2.0,0.00017465463085483202,15341.145546,2025-11-17 21:23:47+00:00,2026-02-28 08:57:23+00:00,1.3333333333333333,7.0,5.0,5.0,0.000112660347848102,0.0,0.0,1.0,0.0,0.0,0.0,0.0,1.4,1.75,0.0,False,False,False,False,0,False,False,False
0x9878e4890e48e9a6fc2f7b4817a9ba1505d949c3,2.0,0.0,0.0,1.0,1.0,0.000422892511545616,8220.377198,2025-12-04 16:40:59+00:00,2025-12-04 17:00:35+00:00,2.0,4.0,1.0,2.0,0.001015485417918951,2.0,0.000194091471672536,0.0,0.0,0.0,0.0,0.0,4.0,2.0,1.0,False,False,False,False,0,False,False,False
0x987c3533aa9720d06a5399f9fb1a51e1ebab5823,2.0,0.0,0.0,2.0,2.0,0.00023993415587546398,1499.4266739999998,2025-11-21 10:37:11+00:00,2026-02-03 14:44:35+00:00,1.0,1.0,1.0,1.0,0.00013294300801481,1.0,0.00013294300801481,0.0,0.0,0.0,0.0,0.0,1.0,0.5,0.5,False,False,False,False,0,False,False,False
0x98b0fd0884d4fcccf8fe4daad8e0b91b466a3f23,2.0,0.0,0.0,2.0,2.0,2.873260257802e-05,36400.0,2025-12-29 13:27:59+00:00,2026-02-10 03:59:35+00:00,1.0,22.0,9.0,2.0,0.000706864219563138,0.0,0.0,6.0,3.0,0.0,0.002708892171746041,0.0,2.4444444444444446,11.0,0.0,False,False,False,False,0,False,False,False
0x98d1edefe1414d77ad011e76b2d028e85cd93d5f,1.0,0.0,0.0,1.0,1.0,1.9367362197029e-05,200000.0,2025-12-29 15:10:23+00:00,2025-12-29 15:10:23+00:00,1.0,2.0,1.0,2.0,1.7238590213292e-05,1.0,8.74798672977e-06,0.0,0.0,0.0,0.0,0.0,2.0,2.0,1.0,False,False,False,False,0,False,False,False
0x98d84f674b6352191b7431ad18616ebff761b347,3.0,0.0,0.0,3.0,3.0,0.00061446968943028,23294.783662,2025-11-08 02:56:59+00:00,2026-02-10 14:59:11+00:00,1.0,3.0,3.0,2.0,0.000173448170534802,2.0,0.00016679056537197801,1.0,0.0,0.0,0.0,0.0,1.0,1.0,0.6666666666666666,False,False,False,False,0,False,False,False
0x99273210667a93b904f74a90241c3cd9c84633db,10.0,0.0,0.0,2.0,1.0,0.001405041327910929,1961.056726,2026-01-20 16:45:35+00:00,2026-01-23 15:27:59+00:00,5.0,5.0,4.0,4.0,0.000431646515960233,2.0,0.000180336151545676,0.0,3.0,0.0,4.1223042066978e-05,4.1223042066978e-05,1.25,0.5,0.2,False,False,False,False,0,False,False,False
0x9929485d855048f49d518457fb9980a57139bc39,2.0,0.0,0.0,2.0,1.0,0.0005834702496647891,208.5288,2026-02-06 01:29:23+00:00,2026-02-24 01:36:59+00:00,1.0,1.0,1.0,1.0,9.9844838249856e-05,0.0,0.0,1.0,1.0,0.0,7.5071919767445e-05,0.0,1.0,0.5,0.0,False,False,False,False,0,False,False,False
0x99858c5f2668a972419a4c6be3870f988cdc25ed,12.0,0.0,0.0,6.0,3.0,0.000432282518197931,227143.425864,2025-11-18 11:08:35+00:00,2026-01-22 10:23:11+00:00,2.0,58.0,36.0,8.0,0.007583176609195668,2.0,5.55512076803e-06,1.0,2.0,0.0,0.0007396352212817509,4.339221281751e-06,1.6111111111111112,4.833333333333333,0.16666666666666666,False,False,False,False,0,False,False,False
0x99862845c573a1f9be62614f7682b7d3c80cbf7a,1.0,0.0,0.0,1.0,1.0,0.000100266338372796,19000.0,2026-02-23 05:23:47+00:00,2026-02-23 05:23:47+00:00,1.0,4.0,3.0,2.0,0.000813436378120353,1.0,5.564681368859e-05,0.0,1.0,0.0,1.8988831671263e-05,1.8988831671263e-05,1.3333333333333333,4.0,1.0,False,False,False,False,0,False,False,False
0x99961c0133623753444126cad7ff3b9d0e55f471,2.0,0.0,0.0,2.0,2.0,1.721360475919e-05,306000.0,2025-11-16 06:56:23+00:00,2025-12-28 14:40:47+00:00,1.0,4.0,2.0,3.0,0.001262486738992609,1.0,5.420476532538e-06,0.0,0.0,0.0,0.0,0.0,2.0,2.0,0.5,False,False,False,False,0,False,False,False
0x99df295bccdcf3f7648bb4bf2fee0dcd446f32f2,1.0,0.0,0.0,1.0,1.0,0.000193880835725742,29063.088415,2026-01-04 21:01:11+00:00,2026-01-04 21:01:11+00:00,1.0,1.0,1.0,1.0,7.8932412839582e-05,1.0,7.8932412839582e-05,1.0,0.0,0.0,0.0,0.0,1.0,1.0,1.0,False,False,False,False,0,False,False,False
0x99e4df374b19aadd7a4dc61a9234e00afee93156,16.0,2.0,0.0,9.0,3.0,0.003417497055030739,12292681.682189,2025-12-15 14:54:11+00:00,2026-02-04 13:28:23+00:00,1.7777777777777777,27.0,18.0,11.0,0.001257489968267376,2.0,1.8443320179308e-05,0.0,1.0,0.0,7.742625626961e-06,7.742625626961e-06,1.5,1.6875,0.125,False,False,False,False,0,False,False,False
0x99f5b412e2fd842d6d2ac38130cec38339d5462f,1.0,0.0,0.0,1.0,1.0,1.8084152184602e-05,99470.000993,2026-02-10 07:13:11+00:00,2026-02-10 07:13:11+00:00,1.0,1.0,1.0,1.0,6.95284144875e-06,1.0,6.95284144875e-06,0.0,0.0,0.0,0.0,0.0,1.0,1.0,1.0,False,False,False,False,0,False,False,False
0x9a24d8667ec31c8706e72cb012579d4da1ed6100,1.0,0.0,0.0,1.0,1.0,7.714746995384e-06,4942.687049,2026-02-20 23:45:35+00:00,2026-02-20 23:45:35+00:00,1.0,27.0,7.0,3.0,0.0005279568480359501,1.0,4.863328152165e-06,0.0,0.0,0.0,0.0,0.0,3.857142857142857,27.0,1.0,False,False,False,False,0,False,False,False
0x9a293c63d2efd35983e8b6c9f88084f4cbf7bc63,1.0,0.0,0.0,1.0,1.0,0.000238844172119287,18053.620453,2025-11-09 03:27:47+00:00,2025-11-09 03:27:47+00:00,1.0,5.0,3.0,4.0,0.00098452793617867,1.0,0.000118772412222266,0.0,0.0,0.0,0.0,0.0,1.6666666666666667,5.0,1.0,False,False,False,False,0,False,False,False
0x9a62d94ca80ea2d43c460678be44d1ee3dae7d02,1.0,0.0,0.0,1.0,1.0,3.959722902828e-06,10417.438414,2026-01-17 02:53:23+00:00,2026-01-17 02:53:23+00:00,1.0,2.0,1.0,2.0,0.00020758855335259598,1.0,0.000113583755453422,0.0,0.0,0.0,0.0,0.0,2.0,2.0,1.0,False,False,False,False,0,False,False,False
0x9a7dc5fa48e35ac6cee4e2bb3de4132f8cfc84b4,1.0,0.0,0.0,1.0,1.0,1.6490065828054e-05,106634.000106,2026-02-10 07:13:47+00:00,2026-02-10 07:13:47+00:00,1.0,1.0,1.0,1.0,7.91612108523e-06,1.0,7.91612108523e-06,0.0,0.0,0.0,0.0,0.0,1.0,1.0,1.0,False,False,False,False,0,False,False,False
0x9ac60bd825eb8fd0240e4daf2646c1050830013e,10.0,0.0,0.0,4.0,3.0,0.012338067674469402,3390000.0,2025-12-10 19:55:23+00:00,2026-02-05 21:04:59+00:00,2.5,1.0,1.0,1.0,0.000105856572445506,1.0,0.000105856572445506,0.0,0.0,0.0,0.0,0.0,1.0,0.1,0.1,False,False,False,False,0,False,False,False
0x9ad7c5c35bf99bb894ccf87dd523ddd2e3dfbe79,1.0,0.0,0.0,1.0,1.0,5.65173939258e-06,260.123066,2026-01-24 13:13:35+00:00,2026-01-24 13:13:35+00:00,1.0,9.0,7.0,4.0,0.000628603275590248,1.0,0.0001209079425389,0.0,0.0,0.0,0.0,0.0,1.2857142857142858,9.0,1.0,False,False,False,False,0,False,False,False
0x9ae6254d539264ddad77e88144041a1e0759a951,2.0,0.0,0.0,2.0,2.0,0.00041822548929243604,800000.0,2025-11-27 10:31:35+00:00,2025-12-08 05:32:59+00:00,1.0,3.0,3.0,1.0,0.000254535027151248,3.0,0.000254535027151248,4.0,0.0,0.0,0.0,0.0,1.0,1.5,1.5,False,False,False,False,0,False,False,False
0x9af48006fe9452c4f801e9a3d0339f8665c5f5c9,1.0,0.0,0.0,1.0,1.0,0.000203691775854492,49916.094483,2026-01-22 03:49:35+00:00,2026-01-22 03:49:35+00:00,1.0,1.0,1.0,1.0,0.000114139790659292,1.0,0.000114139790659292,0.0,0.0,0.0,0.0,0.0,1.0,1.0,1.0,False,False,False,False,0,False,False,False
0x9b1d843b949e47c81633d5c9218d7732fbc98933,1.0,0.0,0.0,1.0,1.0,0.000219028951320704,249190.940947,2025-11-06 21:11:59+00:00,2025-11-06 21:11:59+00:00,1.0,1.0,1.0,1.0,0.000128786830521746,1.0,0.000128786830521746,1.0,1.0,0.0,0.000147357780873484,0.0,1.0,1.0,1.0,False,False,False,False,0,False,False,False
0x9bdf5363296f52da6bcd3d65f45c252166eb8cda,1.0,0.0,0.0,1.0,1.0,7.515506625242e-06,13680.326216,2026-01-31 01:08:47+00:00,2026-01-31 01:08:47+00:00,1.0,13.0,6.0,2.0,0.000196617041200844,1.0,3.774521654812e-06,0.0,0.0,0.0,0.0,0.0,2.1666666666666665,13.0,1.0,False,False,False,False,0,False,False,False
0x9be29db8ec1bd28cad4286345fbbfb63d0f25388,1.0,0.0,0.0,1.0,1.0,7.45999815611e-06,177.975522,2025-11-22 09:04:59+00:00,2025-11-22 09:04:59+00:00,1.0,1.0,1.0,1.0,4.043471533581e-06,1.0,4.043471533581e-06,0.0,0.0,0.0,0.0,0.0,1.0,1.0,1.0,False,False,False,False,0,False,False,False
0x9bf20529153ded2a1bb0efc783cbbfd2c4ab3787,1.0,0.0,0.0,1.0,1.0,1.2181415182955e-05,102753.00032,2026-01-07 09:34:59+00:00,2026-01-07 09:34:59+00:00,1.0,1.0,1.0,1.0,5.74577413701e-06,1.0,5.74577413701e-06,0.0,0.0,0.0,0.0,0.0,1.0,1.0,1.0,False,False,False,False,0,False,False,False
0x9bf6a9f19343a4814c646c156013f9a8683aeceb,1.0,0.0,0.0,1.0,1.0,0.00022042223740747,9375.433725,2026-02-26 08:51:59+00:00,2026-02-26 08:51:59+00:00,1.0,1.0,1.0,1.0,0.000100563964588296,1.0,0.000100563964588296,0.0,0.0,0.0,0.0,0.0,1.0,1.0,1.0,False,False,False,False,0,False,False,False
0x9c0d75f7486bbcdadad77197284fd96c94d55113,1.0,0.0,0.0,1.0,1.0,1.0283893095177e-05,99470.102928,2026-01-07 09:31:35+00:00,2026-01-07 09:31:35+00:00,1.0,1.0,1.0,1.0,4.77571689303e-06,1.0,4.77571689303e-06,0.0,0.0,0.0,0.0,0.0,1.0,1.0,1.0,False,False,False,False,0,False,False,False
0x9c12e2863b83f0dcd65950e29e49e92e0eaa0666,1.0,0.0,0.0,1.0,1.0,2.083938659155e-06,135.0,2025-12-06 10:09:11+00:00,2025-12-06 10:09:11+00:00,1.0,3.0,3.0,3.0,1.5786797090472e-05,0.0,0.0,1.0,0.0,3.0,0.001948516121367648,0.0,1.0,3.0,0.0,False,False,False,False,0,False,False,False
0x9c1cf68afa2846ebe7ca71a8a390711b34389b07,1.0,0.0,0.0,1.0,1.0,0.00014761088554036,60200.0,2026-02-25 17:35:47+00:00,2026-02-25 17:35:47+00:00,1.0,2.0,2.0,2.0,8.7401426284645e-05,1.0,7.4859611931016e-05,0.0,0.0,0.0,0.0,0.0,1.0,2.0,1.0,False,False,False,False,0,False,False,False
0x9c49410cc68d6fbd313503f142e8ed1f71305167,1.0,0.0,0.0,1.0,1.0,3.397315518487e-06,100067.001417,2025-12-31 07:05:59+00:00,2025-12-31 07:05:59+00:00,1.0,1.0,1.0,1.0,1.383912873525e-06,1.0,1.383912873525e-06,0.0,0.0,0.0,0.0,0.0,1.0,1.0,1.0,False,False,False,False,0,False,False,False
0x9c4acc2506d969c922aa46c6fc4cbbdf6d33d461,7.0,0.0,0.0,2.0,1.0,0.000161622139485798,43003.329478,2026-02-01 17:52:47+00:00,2026-02-02 20:37:47+00:00,3.5,2.0,2.0,2.0,8.9031224057548e-05,1.0,6.828511876578e-06,10.0,1.0,0.0,9.0941382855561e-05,0.0,1.0,0.2857142857142857,0.14285714285714285,False,False,False,False,0,False,False,False
0x9c54a0cba7aeb5d84020b02bdc8c3ae5ff65dd8e,1.0,0.0,0.0,1.0,1.0,6.73000510595e-06,1969.961908,2025-11-02 00:59:47+00:00,2025-11-02 00:59:47+00:00,1.0,0.0,0.0,0.0,0.0,0.0,0.0,1.0,1.0,0.0,6.571504405452e-06,6.571504405452e-06,0.0,0.0,0.0,False,False,False,False,0,False,False,False
0x9c5c88abc33a6a26896458010ffdb70a0d26cdfd,1.0,0.0,0.0,1.0,1.0,0.000193030037465717,1245.178952,2026-01-01 04:07:11+00:00,2026-01-01 04:07:11+00:00,1.0,1.0,1.0,1.0,7.8654727814038e-05,1.0,7.8654727814038e-05,2.0,0.0,0.0,0.0,0.0,1.0,1.0,1.0,False,False,False,False,0,False,False,False
0x9ca77683a86dc698fe7b3f708cff477e1c16f170,1.0,0.0,0.0,1.0,1.0,5.393422932282e-06,9746.89396,2025-12-14 22:32:23+00:00,2025-12-14 22:32:23+00:00,1.0,6.0,6.0,5.0,0.000566469008925751,1.0,2.40676053953e-06,0.0,0.0,0.0,0.0,0.0,1.0,6.0,1.0,False,False,False,False,0,False,False,False
0x9ce99dfafc8c80a47f48a88fc17f5f37d6ca6c4b,3.0,0.0,0.0,3.0,1.0,0.0008063900922481799,29534.827094,2025-11-03 21:27:35+00:00,2025-11-07 17:17:59+00:00,1.0,2.0,2.0,2.0,0.000787167035791612,1.0,0.000174622236912754,3.0,1.0,0.0,0.00125575988017824,0.0,1.0,0.6666666666666666,0.3333333333333333,False,False,False,False,0,False,False,False
0x9cfb29116c0057c6b80ebd310948ebb7ae87b633,2.0,0.0,0.0,1.0,1.0,6.9027863383086e-05,350.000424,2026-02-02 04:14:35+00:00,2026-02-02 05:31:59+00:00,2.0,4.0,2.0,3.0,0.000112460325065483,2.0,4.500872567389e-05,0.0,0.0,0.0,0.0,0.0,2.0,2.0,1.0,False,False,False,False,0,False,False,False
0x9da3d678ec09a6a47f6a25a25f29d3e4a9f30e6a,1.0,0.0,0.0,1.0,1.0,0.000171635953919265,78225.653583,2025-11-11 03:32:11+00:00,2025-11-11 03:32:11+00:00,1.0,3.0,3.0,3.0,0.000210964919318274,1.0,6.9772405875468e-05,4.0,0.0,0.0,0.0,0.0,1.0,3.0,1.0,False,False,False,False,0,False,False,False
0x9db2780bcc460d75251b052923a59ab7391501b4,1.0,0.0,0.0,1.0,1.0,8.698622922508e-06,199956.847763,2026-01-26 11:58:59+00:00,2026-01-26 11:58:59+00:00,1.0,1.0,1.0,1.0,4.612125417066e-06,1.0,4.612125417066e-06,0.0,0.0,0.0,0.0,0.0,1.0,1.0,1.0,False,False,False,False,0,False,False,False
0x9de999f41ad1f2a76eaf480904c8bb23dfaa45eb,1.0,0.0,0.0,1.0,1.0,9.789406889716e-06,31000.0,2025-11-15 11:14:23+00:00,2025-11-15 11:14:23+00:00,1.0,6.0,2.0,4.0,0.000356845224725855,1.0,4.74173669775e-06,0.0,0.0,0.0,0.0,0.0,3.0,6.0,1.0,False,False,False,False,0,False,False,False
0x9df1a74bb9b0f3c16f16263ddefb570f257d58fe,1.0,0.0,0.0,1.0,1.0,0.00012594868028021,28010.0004,2025-11-18 04:32:23+00:00,2025-11-18 04:32:23+00:00,1.0,0.0,0.0,0.0,0.0,0.0,0.0,1.0,1.0,0.0,0.00306902554832132,0.0,0.0,0.0,0.0,False,False,False,False,0,False,False,False
0x9e213503b9d7bfc3ffed5ed9bde264dab02ba391,1.0,0.0,0.0,1.0,1.0,0.007972170068517852,476535.479982,2025-11-21 07:40:11+00:00,2025-11-21 07:40:11+00:00,1.0,4.0,3.0,3.0,0.000181334109911464,2.0,5.4989901292019e-05,0.0,0.0,0.0,0.0,0.0,1.3333333333333333,4.0,2.0,False,False,False,False,0,False,False,False
0x9e3c812514478955d22fa3719d66cb05bebd33a2,1.0,0.0,0.0,1.0,1.0,3.750220351574e-06,13500.16,2025-12-25 03:00:47+00:00,2025-12-25 03:00:47+00:00,1.0,1.0,1.0,1.0,2.05985970209e-06,1.0,2.05985970209e-06,0.0,0.0,0.0,0.0,0.0,1.0,1.0,1.0,False,False,False,False,0,False,False,False
0x9e3d80da0d48759ed53c7e14fc773bf967cbc2cd,2.0,0.0,0.0,2.0,1.0,0.000180260046975462,30010.775997999997,2026-02-03 16:30:23+00:00,2026-02-05 14:48:23+00:00,1.0,96.0,26.0,11.0,0.009211722340428934,6.0,0.000810505647604822,0.0,3.0,3.0,5.8274811327654004e-05,5.8274811327654004e-05,3.6923076923076925,48.0,3.0,False,False,False,False,0,False,False,False
0x9ea6c949b7c882f76a2e70b2f0d212197910cf44,1.0,0.0,0.0,1.0,1.0,2.1785760301505e-05,51.0,2025-12-07 08:25:47+00:00,2025-12-07 08:25:47+00:00,1.0,26.0,12.0,11.0,0.000568412305523737,2.0,1.2464874294044e-05,0.0,0.0,0.0,0.0,0.0,2.1666666666666665,26.0,2.0,False,False,False,False,0,False,False,False
0x9edc0939a9d48c75047040d56ccd71c58e7c7cc7,2.0,0.0,0.0,1.0,1.0,0.000395085577977975,3508.1775479999997,2025-12-12 21:04:35+00:00,2025-12-12 21:12:23+00:00,2.0,8.0,3.0,4.0,0.001180261444820894,3.0,0.000263051123440384,1.0,2.0,1.0,0.000260414841562691,0.000190497856109817,2.6666666666666665,4.0,1.5,False,False,False,False,0,False,False,False
0x9eefedc2b56c10711abcf2e09ae96fffce2788f5,1.0,0.0,0.0,1.0,1.0,4.1495622020328e-05,8.0,2025-11-02 14:50:59+00:00,2025-11-02 14:50:59+00:00,1.0,3.0,2.0,3.0,0.000793422141012348,1.0,2.2424250988134e-05,1.0,0.0,0.0,0.0,0.0,1.5,3.0,1.0,False,False,False,False,0,False,False,False
0x9f0131004eb1a3ed459bed41bcbabbced5804ead,1.0,0.0,0.0,1.0,1.0,0.000102474316008545,100.0,2025-11-07 20:25:23+00:00,2025-11-07 20:25:23+00:00,1.0,1.0,1.0,1.0,4.510390764033e-05,1.0,4.510390764033e-05,0.0,0.0,0.0,0.0,0.0,1.0,1.0,1.0,False,False,False,False,0,False,False,False
0x9f0f92be2fb3f1e6d3ce9d3190b5698dae6f6428,1.0,0.0,0.0,1.0,1.0,0.0001989609470784,106.5,2025-12-25 08:25:35+00:00,2025-12-25 08:25:35+00:00,1.0,13.0,8.0,8.0,0.003266605101575325,1.0,0.000113877055828,0.0,0.0,0.0,0.0,0.0,1.625,13.0,1.0,False,False,False,False,0,False,False,False
0x9f17d4704aa5541a564a73ff16942a7efaf7cdfe,1.0,0.0,0.0,1.0,1.0,1.0836096876887e-05,2300.0,2026-02-21 12:54:47+00:00,2026-02-21 12:54:47+00:00,1.0,3.0,1.0,3.0,3.1465721160014e-05,1.0,7.627032459154e-06,0.0,0.0,0.0,0.0,0.0,3.0,3.0,1.0,False,False,False,False,0,False,False,False
0x9f3078f638c8826ce045ea3e2da79f22e15a15a9,3.0,0.0,0.0,2.0,1.0,0.000275689598930029,336093.516053,2025-12-03 13:58:11+00:00,2025-12-05 08:09:47+00:00,1.5,9.0,2.0,7.0,0.001104660390317584,2.0,0.000163684826847675,0.0,1.0,0.0,3.4157225920478e-05,3.4157225920478e-05,4.5,3.0,0.6666666666666666,False,False,False,False,0,False,False,False
0x9f60c452dbc790eddae1e665a0f534e23430c4b9,2.0,0.0,0.0,2.0,1.0,0.000692577300509466,17777.153237000002,2025-11-03 23:10:47+00:00,2025-11-04 16:30:35+00:00,1.0,1.0,1.0,1.0,0.000171043853384034,1.0,0.000171043853384034,3.0,1.0,0.0,0.00050945103224737,0.0,1.0,0.5,0.5,False,False,False,False,0,False,False,False
0x9f92813c8c5810a04bc01e220ef42803dca34fee,3.0,0.0,0.0,3.0,1.0,0.0006348771649947349,4999999.49351,2026-01-14 13:26:11+00:00,2026-01-22 13:24:11+00:00,1.0,5.0,3.0,3.0,0.000712822663958103,1.0,0.00011831553855081,0.0,0.0,0.0,0.0,0.0,1.6666666666666667,1.6666666666666667,0.3333333333333333,False,False,False,False,0,False,False,False
0x9f947f655c71e203b0b99fd383cfbe7d2536626b,1.0,0.0,0.0,1.0,1.0,0.000234771995079545,71297.926683,2026-01-30 12:59:11+00:00,2026-01-30 12:59:11+00:00,1.0,1.0,1.0,1.0,0.000118741428613912,1.0,0.000118741428613912,0.0,0.0,0.0,0.0,0.0,1.0,1.0,1.0,False,False,False,False,0,False,False,False
0x9faa1bbccda7543a129f16c4b193b80fd5f8304a,1.0,1.0,0.0,1.0,1.0,0.000388276838306546,309896.049607,2025-11-10 09:50:47+00:00,2025-11-10 09:50:47+00:00,1.0,2.0,2.0,2.0,0.000201266369396252,1.0,8.547510280973e-05,1.0,1.0,0.0,0.00012775047136105,0.00012775047136105,1.0,2.0,1.0,False,False,False,False,0,False,False,False
0x9fb5dbd667e5742bec6637299a089279fdecf79a,2.0,0.0,0.0,1.0,1.0,0.000403421416313106,5631.675174,2026-02-07 20:47:47+00:00,2026-02-07 20:50:35+00:00,2.0,2.0,1.0,1.0,0.00019768475564449001,2.0,0.00019768475564449001,0.0,1.0,0.0,0.00164754645357669,0.0,2.0,1.0,1.0,False,False,False,False,0,False,False,False
0xa02081838376b08e7b465a7a193ef71905a06d10,1.0,0.0,0.0,1.0,1.0,3.3169163421152e-05,366.0,2025-11-11 18:25:35+00:00,2025-11-11 18:25:35+00:00,1.0,0.0,0.0,0.0,0.0,0.0,0.0,1.0,1.0,0.0,1.1981698133406e-05,0.0,0.0,0.0,0.0,False,False,False,False,0,False,False,False
0xa03d09a5536359bcf112cc77746368ff90e3a50b,1.0,0.0,0.0,1.0,1.0,0.000123521059721184,5000.0,2025-11-03 17:50:35+00:00,2025-11-03 17:50:35+00:00,1.0,6.0,3.0,3.0,0.00047942437582523904,1.0,7.541251690404e-05,0.0,1.0,0.0,2.3187987312173e-05,2.3187987312173e-05,2.0,6.0,1.0,False,False,False,False,0,False,False,False
0xa08a85d52265340fa2ec5e41d73eb10a954af39d,2.0,0.0,0.0,2.0,1.0,3.0504981243106e-05,2996.38,2026-01-07 16:37:23+00:00,2026-01-28 07:21:59+00:00,1.0,4.0,4.0,2.0,5.2374130912566e-05,1.0,6.16278767067e-06,1.0,1.0,0.0,1.1552149778374e-05,0.0,1.0,2.0,0.5,False,False,False,False,0,False,False,False
0xa08afebe00b77498140d756c3c7370f1dfccc62f,4.0,0.0,0.0,1.0,1.0,0.000836611851379033,30973.466,2026-02-02 19:02:23+00:00,2026-02-02 19:06:35+00:00,4.0,1.0,1.0,1.0,0.000103624179355467,1.0,0.000103624179355467,0.0,0.0,0.0,0.0,0.0,1.0,0.25,0.25,False,False,False,False,0,False,False,False
0xa0cd310b00f7bf82e47a07bea262830ba5195827,1.0,0.0,0.0,1.0,1.0,5.114447686917e-06,99470.009937,2026-01-20 07:58:23+00:00,2026-01-20 07:58:23+00:00,1.0,1.0,1.0,1.0,2.706252373245e-06,1.0,2.706252373245e-06,0.0,0.0,0.0,0.0,0.0,1.0,1.0,1.0,False,False,False,False,0,False,False,False
0xa0e8d8eaec4e3aea0d088aad8c53d922bcf126e9,3.0,0.0,0.0,3.0,2.0,0.000636266783309574,8180307.102941999,2025-11-07 07:13:11+00:00,2025-12-10 09:22:23+00:00,1.0,3.0,3.0,1.0,0.000258278552950284,3.0,0.000258278552950284,10.0,0.0,0.0,0.0,0.0,1.0,1.0,1.0,False,False,False,False,0,False,False,False
0xa0ea6279a57584b0e6073f30bafc577cc398c17e,1.0,0.0,0.0,1.0,1.0,0.0001941501030078,150679.211374,2025-11-26 16:09:11+00:00,2025-11-26 16:09:11+00:00,1.0,1.0,1.0,1.0,4.5232684588719e-05,0.0,0.0,1.0,2.0,0.0,0.000824803461650933,0.0,1.0,1.0,0.0,False,False,False,False,0,False,False,False
0xa0f31552ef826874493487e654352c94fb764d59,1.0,0.0,0.0,1.0,1.0,3.3237766564509e-05,1.0,2025-11-18 02:11:23+00:00,2025-11-18 02:11:23+00:00,1.0,1.0,1.0,1.0,9.074344524291e-06,1.0,9.074344524291e-06,1.0,0.0,0.0,0.0,0.0,1.0,1.0,1.0,False,False,False,False,0,False,False,False
0xa114a363188e402a3ce317e48a2d236895435cfc,1.0,0.0,0.0,1.0,1.0,1.0063851449194e-05,99669.0,2026-01-07 09:30:47+00:00,2026-01-07 09:30:47+00:00,1.0,1.0,1.0,1.0,4.97655912075e-06,1.0,4.97655912075e-06,0.0,0.0,0.0,0.0,0.0,1.0,1.0,1.0,False,False,False,False,0,False,False,False
0xa11fb0dc285eb18b5cb45e32dbb3f7ecb6c9b3b1,1.0,0.0,0.0,1.0,1.0,2.6865928876401e-05,17603.06931,2025-12-22 16:43:59+00:00,2025-12-22 16:43:59+00:00,1.0,2.0,2.0,2.0,0.0010616888158395939,1.0,4.162784375958e-06,0.0,1.0,0.0,0.003135149438243725,0.0,1.0,2.0,1.0,False,False,False,False,0,False,False,False
0xa15108471a025532a7e8b9c6b8dacea1815cd1df,1.0,0.0,0.0,1.0,1.0,0.000191833315929695,85000.0,2025-11-09 09:22:47+00:00,2025-11-09 09:22:47+00:00,1.0,2.0,1.0,2.0,0.00019783565133282,1.0,8.7010491645819e-05,0.0,0.0,0.0,0.0,0.0,2.0,2.0,1.0,False,False,False,False,0,False,False,False
0xa153686d9d0b43f310438f6d4a5a25d08cc3f892,1.0,0.0,0.0,1.0,1.0,0.000222665059210219,0.149101,2026-01-01 15:31:11+00:00,2026-01-01 15:31:11+00:00,1.0,10.0,5.0,8.0,0.0004898287344169479,1.0,3.301200323847e-06,0.0,0.0,0.0,0.0,0.0,2.0,10.0,1.0,False,False,False,False,0,False,False,False
0xa1611d0370dcfe8b6fcb8d8bb1b5338faf0dd76f,1.0,0.0,0.0,1.0,1.0,2.095672576488e-05,117.450429,2026-02-11 21:33:47+00:00,2026-02-11 21:33:47+00:00,1.0,1.0,1.0,1.0,1.0222352951452e-05,1.0,1.0222352951452e-05,0.0,0.0,0.0,0.0,0.0,1.0,1.0,1.0,False,False,False,False,0,False,False,False
0xa167d62e29a69e6a735781e32700d3bd78c6c044,4.0,0.0,0.0,2.0,1.0,0.001386741635056359,11860.110619,2026-02-05 18:50:35+00:00,2026-02-06 14:37:59+00:00,2.0,6.0,3.0,2.0,0.001088543930206553,1.0,0.000279652048220882,0.0,2.0,0.0,0.000291966986913251,0.000133624540875048,2.0,1.5,0.25,False,False,False,False,0,False,False,False
0xa1692694bb181a32ca7b4f504e0d58c3b72e8931,1.0,0.0,0.0,1.0,1.0,0.000129660410637408,299876.5509,2025-11-18 09:15:47+00:00,2025-11-18 09:15:47+00:00,1.0,8.0,8.0,3.0,0.000573075099370427,1.0,6.4017419016618e-05,0.0,0.0,0.0,0.0,0.0,1.0,8.0,1.0,False,False,False,False,0,False,False,False
0xa16b54fcd6d476d2bb24214430cd2bc35e43adcf,1.0,0.0,0.0,1.0,1.0,0.000230679245399268,170.0,2025-12-24 15:50:47+00:00,2025-12-24 15:50:47+00:00,1.0,1.0,1.0,1.0,0.000115990710015022,1.0,0.000115990710015022,0.0,0.0,0.0,0.0,0.0,1.0,1.0,1.0,False,False,False,False,0,False,False,False
0xa16c855821d40e8103c0deaa9b9079e93ba4d54f,1.0,1.0,0.0,1.0,1.0,0.00015139177422316,10000.0,2025-11-17 23:57:11+00:00,2025-11-17 23:57:11+00:00,1.0,2.0,2.0,2.0,6.8840706597112e-05,1.0,5.5918246377018e-05,0.0,1.0,1.0,5.1887728579478e-05,8.5656195254e-06,1.0,2.0,1.0,False,False,False,False,0,False,False,False
0xa17b7d51d9cef3297e43fb201212a16327436022,4.0,0.0,0.0,4.0,2.0,0.00033689943761561696,41082.01058,2026-01-23 09:41:47+00:00,2026-02-17 06:29:47+00:00,1.0,11.0,4.0,6.0,0.000105289270479419,0.0,0.0,7.0,3.0,1.0,0.00012163111963678099,2.298285029309e-06,2.75,2.75,0.0,False,False,False,False,0,False,False,False
0xa19fea954dcfa48b7c02b0d8d561905e61e57b5c,1.0,0.0,0.0,1.0,1.0,5.030186628155e-06,10.0,2026-01-24 03:16:11+00:00,2026-01-24 03:16:11+00:00,1.0,44.0,27.0,13.0,0.008707393236285506,1.0,2.367137166651e-06,0.0,1.0,0.0,2.727877691398e-06,2.727877691398e-06,1.6296296296296295,44.0,1.0,False,False,False,False,0,False,False,False
0xa1ef1af5934b2b9771075cc14ff38368da630409,6.0,0.0,0.0,3.0,2.0,0.005678150567621274,1326.217319,2026-01-29 18:58:59+00:00,2026-02-05 21:21:59+00:00,2.0,1.0,1.0,1.0,0.00013250830951416,1.0,0.00013250830951416,0.0,1.0,0.0,7.5614428360895e-05,0.0,1.0,0.16666666666666666,0.16666666666666666,False,False,False,False,0,False,False,False
0xa23524c12a63e288ac0073c0c3a1c3f2ec006421,5.0,0.0,0.0,3.0,2.0,0.004528154161230068,6535.767470000001,2026-01-31 19:00:23+00:00,2026-02-05 18:55:35+00:00,1.6666666666666667,2.0,2.0,1.0,0.000199681324225046,0.0,0.0,2.0,1.0,0.0,0.003005250735184595,0.0,1.0,0.4,0.0,False,False,False,False,0,False,False,False
0xa26848bc1022da93fe52e19aaf3a366677ffef21,3.0,3.0,0.0,1.0,1.0,4.465747552816e-05,31710.890012,2026-01-25 17:04:11+00:00,2026-01-25 17:12:47+00:00,3.0,0.0,0.0,0.0,0.0,0.0,0.0,1.0,1.0,0.0,0.004047319523278275,0.0,0.0,0.0,0.0,False,False,False,False,0,False,False,False
0xa26ab2c756c85a491c0ede6a91a91d4f8164da26,4.0,0.0,0.0,3.0,1.0,0.000840019053547138,1462.671177,2026-02-18 21:27:59+00:00,2026-02-28 07:02:35+00:00,1.3333333333333333,2.0,1.0,1.0,0.000190944013565014,2.0,0.000190944013565014,0.0,1.0,0.0,0.000116810310595009,0.000116810310595009,2.0,0.5,0.5,False,False,False,False,0,False,False,False
0xa27c1e5522c29d3c9c85bfdecc3bb21d81d1ec89,5.0,1.0,0.0,3.0,2.0,0.000520250531800042,45474.827271999995,2025-11-20 18:02:23+00:00,2025-12-10 17:36:59+00:00,1.6666666666666667,5.0,3.0,3.0,0.000877312373258412,2.0,0.00014250133028466,1.0,2.0,0.0,6.6404455412288e-05,0.0,1.6666666666666667,1.0,0.4,False,False,False,False,0,False,False,False
0xa2a6eb9b338dfd39e585f78551c8f0723979d7e1,1.0,0.0,0.0,1.0,1.0,9.2804444560128e-05,14300.368,2025-12-14 09:32:23+00:00,2025-12-14 09:32:23+00:00,1.0,2.0,1.0,2.0,7.7531334432786e-05,1.0,4.2823973334582e-05,1.0,0.0,0.0,0.0,0.0,2.0,2.0,1.0,False,False,False,False,0,False,False,False
0xa3098249eb016635125ddbcbec898bb1620d104f,1.0,0.0,0.0,1.0,1.0,1.7810010998294e-05,100.0,2025-12-31 11:57:47+00:00,2025-12-31 11:57:47+00:00,1.0,5.0,4.0,3.0,7.4187116225032e-05,1.0,8.776899333246e-06,0.0,0.0,0.0,0.0,0.0,1.25,5.0,1.0,False,False,False,False,0,False,False,False
0xa315c4bbabf03884c9a8c5e5c892486cb78ed861,5.0,0.0,0.0,5.0,3.0,0.001518372230994893,11274.562249,2025-11-21 10:28:59+00:00,2026-02-02 15:11:47+00:00,1.0,0.0,0.0,0.0,0.0,0.0,0.0,1.0,3.0,0.0,0.002636718122510985,0.0,0.0,0.0,0.0,False,False,False,False,0,False,False,False
0xa34da61c4903b1ca618c630b4da19671f2080185,4.0,0.0,0.0,4.0,2.0,7.9514475000763e-05,130329.789644,2025-11-17 23:43:47+00:00,2026-02-05 09:29:23+00:00,1.0,1.0,1.0,1.0,1.1206910606589e-05,1.0,1.1206910606589e-05,0.0,1.0,0.0,0.00025999204793088,0.0,1.0,0.25,0.25,False,False,False,False,0,False,False,False
0xa36d492628743431c7d6cd33f4633d0fb9ff48f3,3.0,0.0,0.0,3.0,2.0,0.000517333411612577,8265.612380999999,2026-01-31 14:21:35+00:00,2026-02-06 00:14:59+00:00,1.0,1.0,1.0,1.0,2.5018396637571e-05,1.0,2.5018396637571e-05,2.0,3.0,0.0,0.0017946162438955528,6.785153285876e-06,1.0,0.3333333333333333,0.3333333333333333,False,False,False,False,0,False,False,False
0xa40388c29ddb6c299895dcae01cfee3a3ac8de42,1.0,0.0,0.0,1.0,1.0,3.312075169971e-06,4203.594182,2026-02-16 20:15:59+00:00,2026-02-16 20:15:59+00:00,1.0,1.0,1.0,1.0,1.827292194292e-06,1.0,1.827292194292e-06,0.0,0.0,0.0,0.0,0.0,1.0,1.0,1.0,False,False,False,False,0,False,False,False
0xa4069d35701a24dfb063f08f6657c22999b2adbe,1.0,0.0,0.0,1.0,1.0,9.567765152835e-06,224953.240089,2025-11-14 02:13:47+00:00,2025-11-14 02:13:47+00:00,1.0,14.0,5.0,6.0,3.3147482849626e-05,2.0,2.078650140892e-06,9.0,3.0,5.0,0.000106342599588188,4.93950527485e-06,2.8,14.0,2.0,False,False,False,False,0,False,False,False
0xa40d621efa4cc1baa9b7edc1622fb3d17c41608b,1.0,0.0,0.0,1.0,1.0,0.000230451009044417,4566.412371,2025-11-13 09:44:47+00:00,2025-11-13 09:44:47+00:00,1.0,22.0,5.0,17.0,0.002782062324335073,1.0,0.000116032710292018,0.0,0.0,0.0,0.0,0.0,4.4,22.0,1.0,False,False,False,False,0,False,False,False
0xa4be5596548029acca86ffbc39a6b4bed3d60a2a,1.0,0.0,0.0,1.0,1.0,6.158182066845e-06,68.127718,2025-12-03 17:01:59+00:00,2025-12-03 17:01:59+00:00,1.0,3.0,2.0,2.0,8.736691823836801e-05,1.0,2.585412160106e-06,0.0,0.0,0.0,0.0,0.0,1.5,3.0,1.0,False,False,False,False,0,False,False,False
0xa509ce524095e54233074b485825ebb9641d00e2,6.0,0.0,0.0,2.0,1.0,0.004739167200911625,2120329.331683,2026-02-03 19:08:23+00:00,2026-02-05 23:09:35+00:00,3.0,3.0,2.0,2.0,0.001335788719643983,2.0,0.001233565475703418,1.0,1.0,0.0,0.000763362571908734,0.0,1.5,0.5,0.3333333333333333,False,False,False,False,0,False,False,False
0xa5108bdc3a03ca8a1079197d48b5259c011fd358,2.0,0.0,0.0,2.0,2.0,0.000588312836113368,390.233051,2025-12-20 16:05:47+00:00,2026-02-03 19:26:23+00:00,1.0,3.0,2.0,2.0,0.00017940158562965798,1.0,0.00011392101723157,0.0,3.0,0.0,0.000349386684844964,0.000349386684844964,1.5,1.5,0.5,False,False,False,False,0,False,False,False
0xa53611a7e7d874ab8891bbce82fcd1d44ffaf112,1.0,0.0,0.0,1.0,1.0,0.000220252399158323,10797.945228,2026-01-13 11:01:59+00:00,2026-01-13 11:01:59+00:00,1.0,2.0,1.0,2.0,0.00020102600582494202,1.0,0.000100324905395004,0.0,1.0,0.0,0.000145810422420139,0.0,2.0,2.0,1.0,False,False,False,False,0,False,False,False
0xa5a7179db0e9d770dcc8018878a0609fe47f11ae,2.0,0.0,0.0,2.0,2.0,0.00043226380806175803,64997.269056,2025-11-19 22:05:47+00:00,2026-02-08 06:22:23+00:00,1.0,0.0,0.0,0.0,0.0,0.0,0.0,1.0,1.0,0.0,0.00056978072391525,0.0,0.0,0.0,0.0,False,False,False,False,0,False,False,False
0xa5d223c176daab154a3134369d1c0478c5e6fecf,2.0,0.0,0.0,2.0,2.0,0.000399213337053566,1906547.1607499998,2025-11-20 13:39:59+00:00,2026-02-19 04:14:35+00:00,1.0,7.0,5.0,4.0,0.000942865840122433,0.0,0.0,9.0,3.0,0.0,0.0013332188901189809,0.0,1.4,3.5,0.0,False,False,False,False,0,False,False,False
0xa5e6b86b278ae2511518e0837047ae9595777434,8.0,2.0,0.0,4.0,1.0,0.002366802792090304,9240.420994,2025-11-04 08:55:47+00:00,2025-11-17 14:16:47+00:00,2.0,1.0,1.0,1.0,0.000115107907848954,1.0,0.000115107907848954,2.0,4.0,0.0,0.005761540871866594,0.0,1.0,0.125,0.125,False,False,False,False,0,False,False,False
0xa6119e6f8a339b503a94a59edcdb8817a7d0cbf0,1.0,0.0,0.0,1.0,1.0,5.005815364601e-06,300000.0301,2026-01-28 01:35:59+00:00,2026-01-28 01:35:59+00:00,1.0,1.0,1.0,1.0,2.690731684514e-06,1.0,2.690731684514e-06,0.0,0.0,0.0,0.0,0.0,1.0,1.0,1.0,False,False,False,False,0,False,False,False
0xa63ab43ddea6da7a87bb2fccb0a5707ec3408ccd,1.0,0.0,0.0,1.0,1.0,6.4264066303059e-05,1000.0,2026-02-27 18:29:11+00:00,2026-02-27 18:29:11+00:00,1.0,2.0,1.0,1.0,4.2670593773168e-05,2.0,4.2670593773168e-05,0.0,0.0,0.0,0.0,0.0,2.0,2.0,2.0,False,False,False,False,0,False,False,False
0xa66f42da6750bf0f8a28c48e6be5b9b1cc88daa6,1.0,0.0,0.0,1.0,1.0,2.344148080729e-05,16944.709986,2026-01-25 22:47:47+00:00,2026-01-25 22:47:47+00:00,1.0,2.0,2.0,2.0,0.000267767661395529,1.0,0.000109687247821728,0.0,0.0,0.0,0.0,0.0,1.0,2.0,1.0,False,False,False,False,0,False,False,False
0xa674e2c0c47ac2c4ec9ad84352c1a7d2199fdf3b,13.0,0.0,0.0,5.0,2.0,0.002666556657739875,217100.093448,2025-11-06 20:31:35+00:00,2026-01-14 20:47:11+00:00,2.6,1.0,1.0,1.0,8.2682854449908e-05,1.0,8.2682854449908e-05,1.0,1.0,0.0,0.002743204997828085,0.0,1.0,0.07692307692307693,0.07692307692307693,False,False,False,False,0,False,False,False
0xa67a622e2954df3e97e510c2fa9cfe2d5bf86f91,1.0,0.0,0.0,1.0,1.0,5.857622914401e-06,99868.009976,2026-01-20 07:59:59+00:00,2026-01-20 07:59:59+00:00,1.0,1.0,1.0,1.0,2.675955058755e-06,1.0,2.675955058755e-06,0.0,0.0,0.0,0.0,0.0,1.0,1.0,1.0,False,False,False,False,0,False,False,False
0xa6c0f52d53db40c7a46e6a60d366b1fe58edef0f,3.0,0.0,0.0,3.0,1.0,2.2472808492882002e-05,107223.22609899999,2025-12-11 21:05:59+00:00,2025-12-30 17:33:47+00:00,1.0,1.0,1.0,1.0,5.627875222998e-06,1.0,5.627875222998e-06,0.0,0.0,0.0,0.0,0.0,1.0,0.3333333333333333,0.3333333333333333,False,False,False,False,0,False,False,False
0xa6f233aa11e1edecd6c7c45a3e3f1634d04dc09e,1.0,0.0,0.0,1.0,1.0,4.3057171523092e-05,300000.0,2025-12-09 07:36:35+00:00,2025-12-09 07:36:35+00:00,1.0,1.0,1.0,1.0,1.8900532890063e-05,1.0,1.8900532890063e-05,0.0,0.0,0.0,0.0,0.0,1.0,1.0,1.0,False,False,False,False,0,False,False,False
0xa7041f6ae692ffea2abaddb7b78a8b16be60b42d,1.0,0.0,0.0,1.0,1.0,0.000230888425835375,20000.0,2026-01-06 22:08:47+00:00,2026-01-06 22:08:47+00:00,1.0,2.0,1.0,2.0,0.00019933318838196898,1.0,9.959574638763e-05,0.0,0.0,0.0,0.0,0.0,2.0,2.0,1.0,False,False,False,False,0,False,False,False
0xa7570f03f2148e4fa703ac5875be197185d0ba34,1.0,0.0,0.0,1.0,1.0,5.293534949333e-06,3000.0,2025-12-26 07:39:23+00:00,2025-12-26 07:39:23+00:00,1.0,3.0,2.0,3.0,5.0228118844952e-05,1.0,2.569218484052e-06,0.0,0.0,0.0,0.0,0.0,1.5,3.0,1.0,False,False,False,False,0,False,False,False
0xa79a68c53018698e9b0483765a705e286df515d8,1.0,0.0,0.0,1.0,1.0,1.682734491795e-05,4500.0,2026-02-20 16:39:47+00:00,2026-02-20 16:39:47+00:00,1.0,2.0,1.0,2.0,4.558996571779799e-05,1.0,1.0186699794448e-05,0.0,0.0,0.0,0.0,0.0,2.0,2.0,1.0,False,False,False,False,0,False,False,False
0xa79a7ff1711e337f84d72c1ecf74eed108dd37d8,1.0,0.0,0.0,1.0,1.0,0.000233572660749,50055.0043,2026-01-31 20:32:23+00:00,2026-01-31 20:32:23+00:00,1.0,0.0,0.0,0.0,0.0,0.0,0.0,1.0,1.0,0.0,5.7467e-05,0.0,0.0,0.0,0.0,False,False,False,False,0,False,False,False
0xa79c60c09077b704f91b0ee4b013e4cd7da7fc91,1.0,0.0,0.0,1.0,1.0,3.409007616954e-06,10637.748398,2025-12-19 22:20:35+00:00,2025-12-19 22:20:35+00:00,1.0,1.0,1.0,1.0,1.873596394698e-06,1.0,1.873596394698e-06,1.0,1.0,0.0,1.5451922462734e-05,0.0,1.0,1.0,1.0,False,False,False,False,0,False,False,False
0xa7a62d5fc2fb13aa2e4f66344686654dbc94fb93,2.0,0.0,0.0,2.0,2.0,0.000395581301785009,6335.133718,2025-12-31 00:51:11+00:00,2026-01-15 17:10:35+00:00,1.0,6.0,6.0,3.0,0.000448051325595438,2.0,0.000202827794501613,12.0,0.0,0.0,0.0,0.0,1.0,3.0,1.0,False,False,False,False,0,False,False,False
0xa7eb7ea51bca79f5580487fd4d020b0a725b70dd,5.0,0.0,0.0,3.0,2.0,0.004950932982684071,102751.92526799999,2026-01-31 18:54:47+00:00,2026-02-22 21:40:23+00:00,1.6666666666666667,8.0,4.0,4.0,0.00432033031100925,1.0,0.001597913849755044,0.0,1.0,0.0,0.00014805326823001,0.00014805326823001,2.0,1.6,0.2,False,False,False,False,0,False,False,False
0xa81ace214b97d4b9c2072a934d0c4de486757538,14.0,0.0,0.0,7.0,3.0,0.005750897846110582,2112557.022675,2025-11-23 13:08:23+00:00,2026-02-09 11:55:59+00:00,2.0,6.0,5.0,2.0,0.000856196987902506,0.0,0.0,6.0,1.0,0.0,1.3428247400681e-05,1.3428247400681e-05,1.2,0.42857142857142855,0.0,False,False,False,False,0,False,False,False
0xa81bd325841e5b95813b03847fb07fed98480530,3.0,0.0,0.0,3.0,2.0,0.000465834717421912,275000.791191,2026-01-30 13:21:59+00:00,2026-02-19 10:28:23+00:00,1.0,12.0,6.0,6.0,0.0007213968832861151,1.0,4.065715333908e-06,0.0,0.0,0.0,0.0,0.0,2.0,4.0,0.3333333333333333,False,False,False,False,0,False,False,False
0xa85d0aae0ce0091e3dd78e0f5d5c39777f717d43,1.0,0.0,0.0,1.0,1.0,0.000363866048666325,5024.329895,2025-11-04 05:36:59+00:00,2025-11-04 05:36:59+00:00,1.0,0.0,0.0,0.0,0.0,0.0,0.0,1.0,3.0,0.0,0.00160793348704549,0.0,0.0,0.0,0.0,False,False,False,False,0,False,False,False
0xa8726b8b53c119c59cc3dc7af29ae22850a532bd,4.0,3.0,0.0,1.0,1.0,0.001669341523722929,39735.077525,2026-02-01 17:22:11+00:00,2026-02-01 19:55:47+00:00,4.0,3.0,1.0,1.0,0.000319521095265132,3.0,0.000319521095265132,0.0,1.0,0.0,8.1616968111809e-05,0.0,3.0,0.75,0.75,False,False,False,False,0,False,False,False
0xa875e2cd9db9ff2b993d548669d7c740b9f5d4f2,9.0,0.0,0.0,2.0,1.0,0.000284857567224788,134.436467,2026-01-27 15:53:23+00:00,2026-01-31 15:34:59+00:00,4.5,10.0,5.0,8.0,0.000150611312479128,3.0,1.5395441666585e-05,0.0,0.0,0.0,0.0,0.0,2.0,1.1111111111111112,0.3333333333333333,False,False,False,False,0,False,False,False
0xa87b8dd17d818340cc4510a21d3fcfd87838c784,1.0,0.0,0.0,1.0,1.0,4.4558835816957e-05,20000.0,2025-12-17 15:28:59+00:00,2025-12-17 15:28:59+00:00,1.0,4.0,2.0,2.0,0.00023245174082556,3.0,0.000132242873145741,0.0,0.0,0.0,0.0,0.0,2.0,4.0,3.0,False,False,False,False,0,False,False,False
0xa88efe23b35dd762377e067d561278b394098f9f,1.0,0.0,0.0,1.0,1.0,0.000231644984510715,227134.471592,2025-11-01 13:54:35+00:00,2025-11-01 13:54:35+00:00,1.0,1.0,1.0,1.0,0.00011635605868804,1.0,0.00011635605868804,0.0,2.0,0.0,0.000239468188015489,0.000239468188015489,1.0,1.0,1.0,False,False,False,False,0,False,False,False
0xa8c74a405013dc47ce0d902c60c0adff5690cf18,4.0,0.0,0.0,3.0,2.0,0.00033264506633537904,35000.0,2025-11-20 09:41:59+00:00,2026-01-30 12:24:47+00:00,1.3333333333333333,10.0,6.0,7.0,0.001304421877480017,4.0,0.00038084869799531696,0.0,1.0,0.0,4.424774186128e-06,4.424774186128e-06,1.6666666666666667,2.5,1.0,False,False,False,False,0,False,False,False
0xa8ed86fe95d667f08df291556adab8cb152927b5,1.0,0.0,0.0,1.0,1.0,0.000191576598486245,10000.0,2025-11-04 08:41:11+00:00,2025-11-04 08:41:11+00:00,1.0,6.0,3.0,5.0,0.0006750794428678269,1.0,8.911405724345e-05,0.0,1.0,0.0,8.7668759667738e-05,8.7668759667738e-05,2.0,6.0,1.0,False,False,False,False,0,False,False,False
0xa90540e5e205ca15992eef9be0e304ff7f9931b3,4.0,0.0,0.0,4.0,2.0,0.0011157133383524,232000.06364900002,2025-11-14 11:32:59+00:00,2026-02-05 19:28:35+00:00,1.0,0.0,0.0,0.0,0.0,0.0,0.0,4.0,1.0,0.0,0.000457552062587175,0.0,0.0,0.0,0.0,False,False,False,False,0,False,False,False
0xa9069042ed3e3ea805c9583959ed5df936200cab,2.0,0.0,0.0,1.0,1.0,0.000452010408551519,1199100.917774,2025-11-14 00:28:59+00:00,2025-11-14 00:49:47+00:00,2.0,2.0,1.0,1.0,0.00020321627067632802,2.0,0.00020321627067632802,0.0,0.0,0.0,0.0,0.0,2.0,1.0,1.0,False,False,False,False,0,False,False,False
0xa9082e035c8b5d19cf674e2811242a04237b4d37,3.0,0.0,0.0,3.0,1.0,0.00174728136143646,10625.213967,2025-11-06 14:18:35+00:00,2025-11-21 13:57:47+00:00,1.0,4.0,3.0,2.0,0.001335301888795417,0.0,0.0,2.0,3.0,0.0,0.007190778962344142,0.000738249257735532,1.3333333333333333,1.3333333333333333,0.0,False,False,False,False,0,False,False,False
0xa9163ea9e90c4b5ccf1d67e2b1eadc32df01b682,3.0,0.0,0.0,3.0,1.0,7.8038146845196e-05,335909.87889399996,2026-01-21 20:09:59+00:00,2026-01-26 08:58:59+00:00,1.0,3.0,3.0,3.0,0.000570266463119892,0.0,0.0,1.0,1.0,0.0,0.000244933627852059,0.000244933627852059,1.0,1.0,0.0,False,False,False,False,0,False,False,False
0xa94dfe3141761e91bd90a562f7cbc41f458c8a8c,1.0,0.0,0.0,1.0,1.0,2.0916033057535e-05,546079.571936,2025-12-12 04:03:23+00:00,2025-12-12 04:03:23+00:00,1.0,2.0,1.0,2.0,5.4236223733454005e-05,1.0,1.0345952675646e-05,0.0,0.0,0.0,0.0,0.0,2.0,2.0,1.0,False,False,False,False,0,False,False,False
0xa96327546bd62ef51af9d60803fa1b2d277aad5b,28.0,0.0,0.0,24.0,4.0,0.003303744268721941,694883.9232,2025-11-04 00:37:11+00:00,2026-02-04 17:49:47+00:00,1.1666666666666667,0.0,0.0,0.0,0.0,0.0,0.0,1.0,1.0,0.0,1.6787674262136e-05,0.0,0.0,0.0,0.0,False,False,False,False,0,False,False,False
0xa9903bda477b9a57bd795adff9922cb98db65f04,1.0,0.0,0.0,1.0,1.0,0.000132488124629476,10165.903851,2026-02-19 16:27:47+00:00,2026-02-19 16:27:47+00:00,1.0,16.0,10.0,7.0,0.000612759464526758,1.0,6.588116006776e-05,0.0,0.0,0.0,0.0,0.0,1.6,16.0,1.0,False,False,False,False,0,False,False,False
0xa9c361377dcf88e732efaa39633c6d713b597245,2.0,0.0,0.0,1.0,1.0,5.444462458664e-06,4999.63,2025-12-20 12:40:35+00:00,2025-12-20 12:42:23+00:00,2.0,4.0,1.0,2.0,0.00021291994756979699,2.0,0.00011347482883141,0.0,0.0,0.0,0.0,0.0,4.0,2.0,1.0,False,False,False,False,0,False,False,False
0xa9d37fad4fe874ebf23373fc4683af6508d057f6,1.0,0.0,0.0,1.0,1.0,1.7026100857628e-05,2000.0,2026-01-26 18:33:23+00:00,2026-01-26 18:33:23+00:00,1.0,2.0,1.0,2.0,1.8169082020926e-05,1.0,8.461742694566e-06,0.0,0.0,0.0,0.0,0.0,2.0,2.0,1.0,False,False,False,False,0,False,False,False
0xaa134863b9baf9f83e42f210528ce96228dd4182,1.0,0.0,0.0,1.0,1.0,0.000120838559790471,5.0,2026-01-02 08:08:11+00:00,2026-01-02 08:08:11+00:00,1.0,4.0,2.0,4.0,0.000194533472758884,1.0,5.8017079492098e-05,0.0,1.0,0.0,5.9736505900511e-05,5.9736505900511e-05,2.0,4.0,1.0,False,False,False,False,0,False,False,False
0xaa2aa374d6921ba8f9c053ccd56693620ccfd88f,2.0,0.0,0.0,2.0,1.0,0.00011277153528232501,172145.236022,2025-11-22 02:09:11+00:00,2025-11-26 20:58:23+00:00,1.0,0.0,0.0,0.0,0.0,0.0,0.0,1.0,2.0,0.0,0.0030707817133138722,0.0,0.0,0.0,0.0,False,False,False,False,0,False,False,False
0xaa874a3d5924499947837cce5d9e4ca14924e88c,5.0,0.0,0.0,2.0,1.0,5.6445400085791996e-05,7.033425,2026-01-25 14:07:23+00:00,2026-01-30 22:32:23+00:00,2.5,39.0,14.0,8.0,0.000424755446963272,4.0,2.450123185206e-05,3.0,0.0,0.0,0.0,0.0,2.7857142857142856,7.8,0.8,False,False,False,False,0,False,False,False
0xaaa124bacf005fe94b648abdb2cb46733622ab8c,6.0,0.0,0.0,6.0,3.0,0.000116589133313821,69006.182769,2025-11-08 12:42:59+00:00,2026-02-24 18:50:35+00:00,1.0,133.0,40.0,26.0,0.0057246648140874025,8.0,0.000111221703169645,0.0,2.0,1.0,3.1760660149018005e-05,3.1760660149018005e-05,3.325,22.166666666666668,1.3333333333333333,False,False,False,False,0,False,False,False
0xaabc2eba339ddb8204727d668cc2823a3ced85d8,1.0,0.0,0.0,1.0,1.0,1.6814022840398e-05,99470.000993,2026-02-10 07:13:11+00:00,2026-02-10 07:13:11+00:00,1.0,1.0,1.0,1.0,6.95284144875e-06,1.0,6.95284144875e-06,0.0,0.0,0.0,0.0,0.0,1.0,1.0,1.0,False,False,False,False,0,False,False,False
0xaacaee58e332e214ce819e1acec12ce486649973,1.0,0.0,0.0,1.0,1.0,2.4739187381048e-05,32596.075328,2025-11-07 06:32:59+00:00,2025-11-07 06:32:59+00:00,1.0,1.0,1.0,1.0,1.1786544296355e-05,1.0,1.1786544296355e-05,0.0,0.0,0.0,0.0,0.0,1.0,1.0,1.0,False,False,False,False,0,False,False,False
0xab2552e79544344188fa53c92edb0805ca0154c9,1.0,0.0,0.0,1.0,1.0,6.154057444751e-06,100067.009996,2026-01-20 07:57:59+00:00,2026-01-20 07:57:59+00:00,1.0,1.0,1.0,1.0,2.56678189158e-06,1.0,2.56678189158e-06,0.0,0.0,0.0,0.0,0.0,1.0,1.0,1.0,False,False,False,False,0,False,False,False
0xab2896d631ced84374add95aa69b2732e1e1026b,1.0,0.0,0.0,1.0,1.0,3.835952407343e-06,100.0,2025-12-22 14:35:59+00:00,2025-12-22 14:35:59+00:00,1.0,8.0,2.0,7.0,0.00010882810051605199,1.0,1.513214522532e-06,0.0,0.0,0.0,0.0,0.0,4.0,8.0,1.0,False,False,False,False,0,False,False,False
0xab4033be016bd7feb731ff49dce6fc2be4802b18,1.0,0.0,0.0,1.0,1.0,2.8710115722794e-05,988.295549,2025-12-10 19:12:59+00:00,2025-12-10 19:12:59+00:00,1.0,63.0,17.0,11.0,0.00123841635626862,2.0,2.3257275089925e-05,0.0,0.0,0.0,0.0,0.0,3.7058823529411766,63.0,2.0,False,False,False,False,0,False,False,False
0xab468c5591decc45906f01eb14e8568125504682,2.0,0.0,0.0,2.0,1.0,4.6484736199857e-05,7567.2195010000005,2025-11-08 16:27:59+00:00,2025-11-12 13:21:23+00:00,1.0,3.0,2.0,3.0,0.000199901227499024,1.0,1.240080504368e-05,0.0,0.0,0.0,0.0,0.0,1.5,1.5,0.5,False,False,False,False,0,False,False,False
0xab4b3c0689b347deccd79eef7483b9ea517247d6,1.0,0.0,0.0,1.0,1.0,0.00011785804396975,329910.4,2025-11-27 15:18:35+00:00,2025-11-27 15:18:35+00:00,1.0,2.0,2.0,2.0,0.00024261979486982801,1.0,2.4362934489776e-05,0.0,0.0,0.0,0.0,0.0,1.0,2.0,1.0,False,False,False,False,0,False,False,False
0xab58b7ef25e6f74b8b684f8f5d5f53c0f815757a,2.0,0.0,0.0,2.0,1.0,0.000167456314862371,19.0,2025-11-06 05:04:23+00:00,2025-11-07 00:59:47+00:00,1.0,4.0,3.0,4.0,0.000143946485585803,2.0,7.8134453350589e-05,0.0,0.0,0.0,0.0,0.0,1.3333333333333333,2.0,1.0,False,False,False,False,0,False,False,False
0xab992361f9befbdb9d152b55afa70815a9df3544,1.0,0.0,0.0,1.0,1.0,9.271484423985e-06,9539.0,2025-12-29 19:41:59+00:00,2025-12-29 19:41:59+00:00,1.0,17.0,7.0,5.0,0.000365977364600937,1.0,4.220679897732e-06,5.0,1.0,0.0,6.969830673751e-06,6.969830673751e-06,2.4285714285714284,17.0,1.0,False,False,False,False,0,False,False,False
0xabb4836677519ece4bbfd09f30cadfe9a6c518d8,1.0,0.0,0.0,1.0,1.0,0.000201978136059714,200000.0,2026-02-11 15:02:47+00:00,2026-02-11 15:02:47+00:00,1.0,3.0,2.0,3.0,9.504694391599e-05,1.0,9.043416682821e-05,0.0,0.0,0.0,0.0,0.0,1.5,3.0,1.0,False,False,False,False,0,False,False,False
0xabbe5d09244af804b1adf79e24e1a15c52655b46,1.0,0.0,0.0,1.0,1.0,0.000193764785418146,180.685226,2026-01-25 12:50:47+00:00,2026-01-25 12:50:47+00:00,1.0,1.0,1.0,1.0,7.8928756577068e-05,1.0,7.8928756577068e-05,1.0,3.0,0.0,0.001042232947086573,0.000116337927085248,1.0,1.0,1.0,False,False,False,False,0,False,False,False
0xac0168b4fd7427bfd616e3a47fc05dd8175d5b64,7.0,0.0,0.0,5.0,2.0,0.001259977139754203,152211.500924,2025-11-21 20:31:35+00:00,2026-02-23 08:43:11+00:00,1.4,54.0,18.0,5.0,0.003251693023473395,0.0,0.0,9.0,1.0,0.0,2.9394145918964e-05,0.0,3.0,7.714285714285714,0.0,False,False,False,False,0,False,False,False
0xac18c46dc618d10d368c265bfe854f4d79d0bc73,1.0,0.0,0.0,1.0,1.0,0.000108445585911795,29079.759922,2025-11-18 03:14:59+00:00,2025-11-18 03:14:59+00:00,1.0,1.0,1.0,1.0,4.26866e-05,1.0,4.26866e-05,2.0,1.0,0.0,0.000219905335646935,0.0,1.0,1.0,1.0,False,False,False,False,0,False,False,False
0xac2b1e2922fdb4416bd11eee6dbdb6920735dd68,1.0,0.0,0.0,1.0,1.0,0.000416300969736963,2620.848159,2025-11-14 14:08:59+00:00,2025-11-14 14:08:59+00:00,1.0,1.0,1.0,1.0,0.000240130031709148,1.0,0.000240130031709148,1.0,0.0,0.0,0.0,0.0,1.0,1.0,1.0,False,False,False,False,0,False,False,False
0xac3ae094bedaaf2f16febf064e3b4b89f17ad9c1,16.0,0.0,0.0,4.0,3.0,0.002600115789310617,15393.800298,2025-12-04 16:18:35+00:00,2026-02-06 15:55:35+00:00,4.0,12.0,4.0,4.0,0.000526266236551114,1.0,6.509369683323e-05,1.0,1.0,0.0,8.777443033214e-06,0.0,3.0,0.75,0.0625,False,False,False,False,0,False,False,False
0xac7d8a964572f0a1781d243d9b61b67f6a1a1be6,8.0,3.0,0.0,5.0,2.0,9.1234595002979e-05,1586621.782185,2025-11-23 12:27:23+00:00,2025-12-17 18:42:35+00:00,1.6,0.0,0.0,0.0,0.0,0.0,0.0,1.0,1.0,0.0,8.6655099944342e-05,0.0,0.0,0.0,0.0,False,False,False,False,0,False,False,False
0xacd53a7573b87bf6f7916827425b9d1d445e7fb5,1.0,0.0,0.0,1.0,1.0,1.2152647123442e-05,100266.0,2026-01-07 09:32:11+00:00,2026-01-07 09:32:11+00:00,1.0,1.0,1.0,1.0,4.880135823615e-06,1.0,4.880135823615e-06,0.0,0.0,0.0,0.0,0.0,1.0,1.0,1.0,False,False,False,False,0,False,False,False
0xacd94d8dde628eed8e54a0ba8783716027512e49,3.0,0.0,0.0,3.0,1.0,0.0007403811000776119,15007.35,2025-11-01 16:33:59+00:00,2025-11-18 04:31:59+00:00,1.0,2.0,2.0,1.0,0.000315216527497946,2.0,0.000315216527497946,4.0,1.0,0.0,0.00147235898774958,0.0,1.0,0.6666666666666666,0.6666666666666666,False,False,False,False,0,False,False,False
0xace1c30435f3b7fe02c886be1726a0882eacfa66,1.0,0.0,0.0,1.0,1.0,2.972664297335e-06,99967.000299,2025-12-31 06:13:11+00:00,2025-12-31 06:13:11+00:00,1.0,1.0,1.0,1.0,1.43326128963e-06,1.0,1.43326128963e-06,0.0,0.0,0.0,0.0,0.0,1.0,1.0,1.0,False,False,False,False,0,False,False,False
0xace975cf61f8c5c2de9b243b1234c3dc97c388d0,3.0,0.0,0.0,2.0,2.0,0.0024324694672938707,20500.00542,2025-11-20 17:07:35+00:00,2026-02-05 21:25:35+00:00,1.5,0.0,0.0,0.0,0.0,0.0,0.0,1.0,0.0,0.0,0.0,0.0,0.0,0.0,0.0,False,False,False,False,0,False,False,False
0xad26cd1bc9f930679ab0bde9bc17f83918629a76,1.0,0.0,0.0,1.0,1.0,0.000282954918202096,371121.627356,2025-11-07 09:23:47+00:00,2025-11-07 09:23:47+00:00,1.0,3.0,2.0,3.0,0.000203397935258178,1.0,0.000136377770961796,0.0,0.0,0.0,0.0,0.0,1.5,3.0,1.0,False,False,False,False,0,False,False,False
0xad397b492819e38bb437cc90dc32346ec444fbc0,2.0,1.0,0.0,2.0,2.0,0.000363247900603791,193396.991472,2026-01-13 09:00:11+00:00,2026-02-21 18:22:35+00:00,1.0,9.0,7.0,4.0,0.0007968632647292299,3.0,0.00017557736040363999,1.0,3.0,1.0,4.1001326612981e-05,4.1001326612981e-05,1.2857142857142858,4.5,1.5,False,False,False,False,0,False,False,False
0xad51da28317c946a2dfa4c40596c56c5f1421985,1.0,0.0,0.0,1.0,1.0,9.789795049319e-06,250886.014329,2026-01-26 11:54:23+00:00,2026-01-26 11:54:23+00:00,1.0,1.0,1.0,1.0,5.074621387224e-06,1.0,5.074621387224e-06,0.0,0.0,0.0,0.0,0.0,1.0,1.0,1.0,False,False,False,False,0,False,False,False
0xad70085fe00c2db3c57372e18d9da0a4505c8857,1.0,0.0,0.0,1.0,1.0,1.6490065828054e-05,100863.0001,2026-02-10 07:13:47+00:00,2026-02-10 07:13:47+00:00,1.0,1.0,1.0,1.0,7.90555384773e-06,1.0,7.90555384773e-06,0.0,0.0,0.0,0.0,0.0,1.0,1.0,1.0,False,False,False,False,0,False,False,False
0xad8de4e23e7f2a9ebd89e30255e44ad771e79f3a,1.0,0.0,0.0,1.0,1.0,3.746562463182e-06,13126.831073,2025-12-22 06:30:11+00:00,2025-12-22 06:30:11+00:00,1.0,2.0,1.0,2.0,4.076805358306e-06,1.0,1.95008946762e-06,0.0,0.0,0.0,0.0,0.0,2.0,2.0,1.0,False,False,False,False,0,False,False,False
0xad9e87bd1220af4f0c72d618512b194b0b16351a,1.0,0.0,0.0,1.0,1.0,3.551114823172e-06,0.0,2026-02-22 07:08:59+00:00,2026-02-22 07:08:59+00:00,1.0,2.0,2.0,2.0,4.416224834212e-06,0.0,0.0,0.0,0.0,0.0,0.0,0.0,1.0,2.0,0.0,False,False,False,False,0,False,False,False
0xadba59231654f22e0c875385a33aa36519dca522,2.0,0.0,0.0,2.0,2.0,0.000415543359031528,1983347.106602,2026-01-19 11:44:35+00:00,2026-02-10 05:40:11+00:00,1.0,2.0,1.0,2.0,0.00059218932847552,1.0,0.000100583049771954,0.0,0.0,0.0,0.0,0.0,2.0,1.0,0.5,False,False,False,False,0,False,False,False
0xae11326b304410837e6499cb40e81d2f69f58e5b,20.0,0.0,0.0,11.0,3.0,0.002248067902481632,54523.639265,2025-12-16 16:11:47+00:00,2026-02-28 09:03:47+00:00,1.8181818181818181,38.0,16.0,4.0,0.002486729579895626,20.0,0.001185960358115586,0.0,2.0,0.0,6.259314897933701e-05,6.259314897933701e-05,2.375,1.9,1.0,False,False,False,False,0,False,False,False
0xae4f83fd451e74dd6a29047020a2aa920794acf3,1.0,0.0,0.0,1.0,1.0,9.35625856781e-06,130000.0,2025-12-12 12:03:11+00:00,2025-12-12 12:03:11+00:00,1.0,1.0,1.0,1.0,4.287903155217e-06,1.0,4.287903155217e-06,0.0,0.0,0.0,0.0,0.0,1.0,1.0,1.0,False,False,False,False,0,False,False,False
0xae5c5429720a39219921f820e54b3a4f67a67c24,2.0,0.0,0.0,2.0,2.0,0.000641789178131358,997.307359,2025-11-04 23:00:47+00:00,2026-02-05 19:59:35+00:00,1.0,0.0,0.0,0.0,0.0,0.0,0.0,1.0,2.0,0.0,0.0027507467891364,0.0,0.0,0.0,0.0,False,False,False,False,0,False,False,False
0xae6419516e7e7f1152f8988691fffacbe1cb23fe,2.0,0.0,0.0,1.0,1.0,0.00028051698788461696,6822.0,2025-11-06 18:01:11+00:00,2025-11-06 18:03:11+00:00,2.0,1.0,1.0,1.0,7.07137411563e-05,1.0,7.07137411563e-05,1.0,0.0,0.0,0.0,0.0,1.0,0.5,0.5,False,False,False,False,0,False,False,False
0xae6c9fa02e9e906d664f0c53d1f1392759707552,3.0,0.0,0.0,3.0,2.0,0.00028380236664551103,15200.0011,2025-12-19 18:40:47+00:00,2026-02-21 04:43:23+00:00,1.0,1.0,1.0,1.0,5.122262493387e-05,1.0,5.122262493387e-05,0.0,2.0,0.0,0.000119101770958332,0.000119101770958332,1.0,0.3333333333333333,0.3333333333333333,False,False,False,False,0,False,False,False
0xae75cdd499a3a5f0c160d62d1a0c6fd29ee8bcb8,1.0,0.0,0.0,1.0,1.0,3.841504767828e-06,15000.0,2025-12-17 21:41:35+00:00,2025-12-17 21:41:35+00:00,1.0,1.0,1.0,1.0,4.2699121469396e-05,0.0,0.0,1.0,2.0,0.0,0.000376541064814382,0.0,1.0,1.0,0.0,False,False,False,False,0,False,False,False
0xaec8205dfbde5e806197885f805ffcecdd755ee6,1.0,0.0,0.0,1.0,1.0,1.7935816877412e-05,99470.000993,2026-02-10 07:11:59+00:00,2026-02-10 07:11:59+00:00,1.0,1.0,1.0,1.0,8.02996098741e-06,1.0,8.02996098741e-06,0.0,0.0,0.0,0.0,0.0,1.0,1.0,1.0,False,False,False,False,0,False,False,False
0xaf553ed047f53eb85cbb4fa42d4c67e66383cda3,1.0,0.0,0.0,1.0,1.0,1.0778950490126e-05,9750.0,2026-01-06 09:17:11+00:00,2026-01-06 09:17:11+00:00,1.0,6.0,1.0,6.0,0.00015332508700131002,1.0,3.775798491946e-06,0.0,0.0,0.0,0.0,0.0,6.0,6.0,1.0,False,False,False,False,0,False,False,False
0xaf5e63c7f54ff53e5475f2ff9a60ff3628b1bd61,6.0,0.0,0.0,6.0,4.0,0.00144075765578515,253357.84354099998,2025-11-14 14:39:59+00:00,2026-02-27 15:58:23+00:00,1.0,4.0,4.0,3.0,0.000401292582754966,2.0,0.000168285656939958,23.0,0.0,0.0,0.0,0.0,1.0,0.6666666666666666,0.3333333333333333,False,False,False,False,0,False,False,False
0xafa15d15cbf0587142622f9bc0dc1a59a5cab2d8,1.0,0.0,0.0,1.0,1.0,3.169164507075e-06,99470.000598,2025-12-31 06:13:59+00:00,2025-12-31 06:13:59+00:00,1.0,1.0,1.0,1.0,1.460533653435e-06,1.0,1.460533653435e-06,0.0,0.0,0.0,0.0,0.0,1.0,1.0,1.0,False,False,False,False,0,False,False,False
0xafe5eab19dc22d328b67e86dccb7c2031e0df0dd,8.0,0.0,0.0,5.0,2.0,0.003234491894579735,111419.88191600001,2025-11-04 22:29:11+00:00,2026-02-05 22:02:59+00:00,1.6,8.0,7.0,7.0,0.000535998259236997,0.0,0.0,1.0,1.0,0.0,0.000141787646162172,0.0,1.1428571428571428,1.0,0.0,False,False,False,False,0,False,False,False
0xb0045d2ca96c97ef252b81470052c5f5129d9c25,2.0,0.0,0.0,1.0,1.0,0.00040245077667890397,89458.12141600001,2025-11-09 18:55:47+00:00,2025-11-09 19:25:35+00:00,2.0,5.0,2.0,2.0,0.00039470104550302096,1.0,7.988052661972e-05,3.0,0.0,0.0,0.0,0.0,2.5,2.5,0.5,False,False,False,False,0,False,False,False
0xb0105f6582ec7a07c419990b1b38474a08f3f912,79.0,0.0,0.0,34.0,4.0,0.010212628596999687,20624.157082,2025-11-03 15:46:47+00:00,2026-02-28 06:59:47+00:00,2.323529411764706,25.0,17.0,2.0,0.00880536527232867,0.0,0.0,2.0,3.0,0.0,0.021140262723793275,0.0,1.4705882352941178,0.31645569620253167,0.0,True,False,False,False,0,False,False,True
0xb04ffdf8c914430b480f9f2213930736a2b0b43d,1.0,0.0,0.0,1.0,1.0,3.803062079753e-06,10674.396767,2026-01-01 14:35:23+00:00,2026-01-01 14:35:23+00:00,1.0,2.0,1.0,1.0,3.397024712206e-06,2.0,3.397024712206e-06,0.0,0.0,0.0,0.0,0.0,2.0,2.0,2.0,False,False,False,False,0,False,False,False
0xb0c8c0377ae709de632937724deeac8bdb29ba44,1.0,0.0,0.0,1.0,1.0,0.000196830427573989,565217.833055,2025-11-09 09:13:23+00:00,2025-11-09 09:13:23+00:00,1.0,1.0,1.0,1.0,0.000115427396077676,1.0,0.000115427396077676,3.0,0.0,0.0,0.0,0.0,1.0,1.0,1.0,False,False,False,False,0,False,False,False
0xb0d6f1f0ad8a47cf2464fe5a82b652a281e0a586,1.0,0.0,0.0,1.0,1.0,0.000268584134233666,10000.0,2025-12-17 15:31:35+00:00,2025-12-17 15:31:35+00:00,1.0,8.0,4.0,3.0,0.001736906212703311,1.0,0.000132435563285216,0.0,0.0,0.0,0.0,0.0,2.0,8.0,1.0,False,False,False,False,0,False,False,False
0xb0e43771cacab1050c586e87bfce82dac0e95800,1.0,0.0,0.0,1.0,1.0,0.00013362129889101,3.0,2025-12-09 18:53:11+00:00,2025-12-09 18:53:11+00:00,1.0,11.0,6.0,9.0,0.000572445936738577,1.0,5.8814240007339e-05,0.0,0.0,0.0,0.0,0.0,1.8333333333333333,11.0,1.0,False,False,False,False,0,False,False,False
0xb0e8f24455b35043c660c345b54fe8e5c8282519,1.0,0.0,0.0,1.0,1.0,3.7195853883286e-05,13381.15528,2026-02-22 18:23:23+00:00,2026-02-22 18:23:23+00:00,1.0,2.0,1.0,2.0,9.233689927385801e-05,1.0,1.2350792208798e-05,0.0,0.0,0.0,0.0,0.0,2.0,2.0,1.0,False,False,False,False,0,False,False,False
0xb0ef09f99455cbd10c66b3432c69a17049d88f08,1.0,1.0,0.0,1.0,1.0,0.001107086046938412,25075.546202,2025-11-07 11:16:23+00:00,2025-11-07 11:16:23+00:00,1.0,3.0,2.0,2.0,0.00043529661594146596,1.0,0.00016993925130449,2.0,1.0,0.0,0.001854266257766545,0.0,1.5,3.0,1.0,False,False,False,False,0,False,False,False
0xb105c388968e407979537dab44ab3e857ed25f08,1.0,0.0,0.0,1.0,1.0,0.00052031921015642,400000.0,2025-11-14 12:59:35+00:00,2025-11-14 12:59:35+00:00,1.0,0.0,0.0,0.0,0.0,0.0,0.0,0.0,0.0,0.0,0.0,0.0,0.0,0.0,0.0,False,False,False,False,0,False,False,False
0xb117e36dd70eef59469b74cded0b2fd11404d46d,1.0,0.0,0.0,1.0,1.0,3.376800588843e-06,123570.842872,2026-01-06 09:32:59+00:00,2026-01-06 09:32:59+00:00,1.0,10.0,7.0,4.0,0.000345233304640807,1.0,1.806989328806e-06,3.0,1.0,1.0,0.002233687453996105,0.0,1.4285714285714286,10.0,1.0,False,False,False,False,0,False,False,False
0xb12b0cf16d8399b7097ea54cad64501102647f41,1.0,0.0,0.0,1.0,1.0,1.2304441076268e-05,13910.830868,2025-12-12 00:49:35+00:00,2025-12-12 00:49:35+00:00,1.0,1.0,1.0,1.0,6.452774559342e-06,1.0,6.452774559342e-06,0.0,1.0,0.0,2.1828614334558e-05,0.0,1.0,1.0,1.0,False,False,False,False,0,False,False,False
0xb12c74ee79db2b5669cf5290448c5a068e16cdcf,2.0,0.0,0.0,2.0,2.0,2.5562484118231e-05,38108.999333,2025-11-12 22:42:35+00:00,2025-12-10 20:00:23+00:00,1.0,1.0,1.0,1.0,4.3272828879194e-05,0.0,0.0,2.0,2.0,0.0,0.000751239398244006,0.000751239398244006,1.0,0.5,0.0,False,False,False,False,0,False,False,False
0xb132e1e343f46d1599088368772b5fb0c88bd48f,4.0,0.0,0.0,4.0,4.0,0.000854876334883434,124135.433959,2025-11-20 06:51:59+00:00,2026-02-21 07:04:47+00:00,1.0,0.0,0.0,0.0,0.0,0.0,0.0,3.0,1.0,0.0,7.4514336602956e-05,0.0,0.0,0.0,0.0,False,False,False,False,0,False,False,False
0xb133cf8549f4b120a8665d0c73037a6808d5cf4b,4.0,0.0,0.0,3.0,2.0,0.000831382197433679,10211.999234,2025-12-21 21:18:11+00:00,2026-01-07 09:01:11+00:00,1.3333333333333333,17.0,9.0,8.0,0.002074990210264888,3.0,0.000397068971074672,0.0,0.0,0.0,0.0,0.0,1.8888888888888888,4.25,0.75,False,False,False,False,0,False,False,False
0xb133e0b1ebab8079154310ec99f7442401cb886e,9.0,0.0,0.0,3.0,2.0,3.3979018197211e-05,380.02,2025-12-25 07:54:59+00:00,2026-01-04 10:16:23+00:00,3.0,11.0,2.0,8.0,0.000138391611754057,2.0,3.020015422369e-06,0.0,0.0,0.0,0.0,0.0,5.5,1.2222222222222223,0.2222222222222222,False,False,False,False,0,False,False,False
0xb14694c388bcaf56cb82ed974c396e73acd41d0d,1.0,0.0,0.0,1.0,1.0,8.500388638627e-06,4.3e-05,2026-02-22 17:05:59+00:00,2026-02-22 17:05:59+00:00,1.0,11.0,4.0,8.0,0.000220151141167738,1.0,4.236392659464e-06,0.0,0.0,0.0,0.0,0.0,2.75,11.0,1.0,False,False,False,False,0,False,False,False
0xb19955d3caeed3bc84ed26f99160265c617695f1,4.0,0.0,0.0,2.0,1.0,0.00025863006277501103,200000.0,2025-12-19 11:48:47+00:00,2025-12-20 09:16:23+00:00,2.0,6.0,3.0,3.0,0.000525201202161562,1.0,2.352889657992e-06,0.0,0.0,0.0,0.0,0.0,2.0,1.5,0.25,False,False,False,False,0,False,False,False
0xb225b4832a7be4a74daf0bee799a9b6b34c3d7eb,2.0,0.0,0.0,2.0,1.0,0.000429705911353527,1404.830305,2025-11-05 11:14:35+00:00,2025-11-09 10:12:11+00:00,1.0,3.0,2.0,2.0,0.000303826052527639,1.0,8.1283446603292e-05,1.0,1.0,0.0,0.002668601965392605,0.0,1.5,1.5,0.5,False,False,False,False,0,False,False,False
0xb2793d54a3f9566625fb9ef7a6d8e62e3cbab1b1,1.0,0.0,0.0,1.0,1.0,7.881005521986e-06,400.0,2026-01-31 12:53:11+00:00,2026-01-31 12:53:11+00:00,1.0,2.0,2.0,2.0,0.00011902620416208,1.0,0.000116355130257098,0.0,0.0,0.0,0.0,0.0,1.0,2.0,1.0,False,False,False,False,0,False,False,False
0xb2844f7b7949f6d9e4dca2b2a7fbfc7b559908e3,1.0,0.0,0.0,1.0,1.0,1.1299113401558e-05,100166.0,2026-01-07 09:32:11+00:00,2026-01-07 09:32:11+00:00,1.0,1.0,1.0,1.0,4.880135823615e-06,1.0,4.880135823615e-06,0.0,0.0,0.0,0.0,0.0,1.0,1.0,1.0,False,False,False,False,0,False,False,False
0xb2a2891fe370c762836c7bc53a7dac555c759235,4.0,3.0,0.0,1.0,1.0,0.001538085846829031,405534.60057,2025-11-06 22:46:11+00:00,2025-11-06 22:52:35+00:00,4.0,15.0,8.0,4.0,0.000620665713784147,3.0,0.000150404761797326,4.0,1.0,1.0,7.0471685289231e-05,4.79475870639e-06,1.875,3.75,0.75,False,False,False,False,0,False,False,False
0xb2b8dd8b54f1dc3b50722f751c52ebe1c8425ead,9.0,0.0,0.0,7.0,3.0,0.00047195305757637704,434.618543,2025-11-05 08:46:35+00:00,2026-01-03 20:23:59+00:00,1.2857142857142858,9.0,6.0,2.0,0.000238460412458925,8.0,0.00019545446982658,1.0,1.0,0.0,5.1497196210702e-05,0.0,1.5,1.0,0.8888888888888888,False,False,False,False,0,False,False,False
0xb2d635fd7990f4330de461da225f20f90520169a,1.0,0.0,0.0,1.0,1.0,0.000144262623671448,2299.085592,2025-11-21 15:58:23+00:00,2025-11-21 15:58:23+00:00,1.0,0.0,0.0,0.0,0.0,0.0,0.0,2.0,1.0,0.0,5.8615987899691e-05,0.0,0.0,0.0,0.0,False,False,False,False,0,False,False,False
0xb2f6caff14c2d54055fe86b008c598149b57f22a,3.0,1.0,0.0,3.0,2.0,0.000125911041374641,82774.101282,2025-11-06 10:39:11+00:00,2025-12-22 16:11:23+00:00,1.0,5.0,5.0,4.0,0.000146289093823459,3.0,3.7792865823564e-05,4.0,1.0,0.0,1.90185369957e-06,1.90185369957e-06,1.0,1.6666666666666667,1.0,False,False,False,False,0,False,False,False
0xb312665792d45a3884e605e8b7626ad5b09d66a1,2.0,0.0,0.0,1.0,1.0,7.0456865974650005e-06,22.0,2026-01-10 08:44:47+00:00,2026-01-10 08:45:47+00:00,2.0,26.0,17.0,20.0,0.000354188204220293,1.0,1.7601584805e-06,0.0,0.0,0.0,0.0,0.0,1.5294117647058822,13.0,0.5,False,False,False,False,0,False,False,False
0xb32707a838067eba272861355d211f8067a47823,4.0,0.0,0.0,4.0,2.0,0.002319131762396568,21052.630239,2026-01-05 02:10:11+00:00,2026-02-04 18:32:23+00:00,1.0,27.0,16.0,14.0,0.009198290679835512,1.0,0.000116736011070472,18.0,1.0,0.0,0.000203247117795205,0.0,1.6875,6.75,0.25,False,False,False,False,0,False,False,False
0xb32d274e3cd9d83af150f3b361786abc02f0dd52,22.0,19.0,0.0,16.0,4.0,0.0013025619476809,42734434.492597,2025-11-04 00:10:23+00:00,2026-02-10 03:56:11+00:00,1.375,0.0,0.0,0.0,0.0,0.0,0.0,2.0,2.0,0.0,1.861625765164e-05,0.0,0.0,0.0,0.0,False,False,False,False,0,False,False,False
0xb3a0000603e129a158d72817336d12bbbf9dc90f,2.0,0.0,0.0,1.0,1.0,3.1830558198745e-05,24151.055100999998,2025-12-29 11:05:11+00:00,2025-12-29 12:39:11+00:00,2.0,2.0,1.0,1.0,1.5170987105802e-05,2.0,1.5170987105802e-05,2.0,0.0,0.0,0.0,0.0,2.0,1.0,1.0,False,False,False,False,0,False,False,False
0xb3d525155609ea680125acdd9ee61c2a74610eaa,8.0,0.0,0.0,4.0,3.0,0.006287487008994824,606518.126946,2025-11-20 16:58:59+00:00,2026-02-05 21:39:47+00:00,2.0,1.0,1.0,1.0,0.00020159512708027,1.0,0.00020159512708027,0.0,3.0,0.0,0.0016319880727083378,0.001595482855906769,1.0,0.125,0.125,False,False,False,False,0,False,False,False
0xb4ca3566c03bd295e45b1ed527e917327b41c76f,1.0,0.0,0.0,1.0,1.0,1.0043282616438e-05,99.512861,2026-01-15 03:42:11+00:00,2026-01-15 03:42:11+00:00,1.0,2.0,1.0,2.0,8.825566186497e-06,1.0,4.430170506918e-06,0.0,0.0,0.0,0.0,0.0,2.0,2.0,1.0,False,False,False,False,0,False,False,False
0xb4d44660d47d6acd276fcdc64d29d064a66a7d90,1.0,1.0,0.0,1.0,1.0,0.00041748354837736,5045.5,2026-01-05 23:06:47+00:00,2026-01-05 23:06:47+00:00,1.0,3.0,3.0,2.0,0.000170698401509769,1.0,9.9777659412537e-05,0.0,1.0,0.0,0.000137854696686839,0.000137854696686839,1.0,3.0,1.0,False,False,False,False,0,False,False,False
0xb4fd0f25c302026454b9716cbfaec36a6a83363c,4.0,0.0,0.0,4.0,3.0,0.000465748365190795,2922.371515,2025-11-03 09:06:23+00:00,2026-02-05 19:11:35+00:00,1.0,0.0,0.0,0.0,0.0,0.0,0.0,1.0,0.0,0.0,0.0,0.0,0.0,0.0,0.0,False,False,False,False,0,False,False,False
0xb5179f7ffe9dd1a375329581783849930fb8003c,1.0,0.0,0.0,1.0,1.0,0.000910425572750484,106718.512094,2025-11-21 12:27:23+00:00,2025-11-21 12:27:23+00:00,1.0,4.0,1.0,4.0,0.00199454040130607,1.0,0.00036003464,0.0,0.0,0.0,0.0,0.0,4.0,4.0,1.0,False,False,False,False,0,False,False,False
0xb51aa876202beb2189895a52d8fda89d510dcedf,1.0,0.0,0.0,1.0,1.0,5.639030704549e-06,99768.009966,2026-01-20 07:59:35+00:00,2026-01-20 07:59:35+00:00,1.0,1.0,1.0,1.0,2.712991015575e-06,1.0,2.712991015575e-06,0.0,0.0,0.0,0.0,0.0,1.0,1.0,1.0,False,False,False,False,0,False,False,False
0xb57bf574928d7290800fd19ec142bdd0113b709b,4.0,0.0,0.0,1.0,1.0,0.000589868221190139,26253.310824,2025-11-17 21:53:35+00:00,2025-11-17 22:08:11+00:00,4.0,2.0,1.0,1.0,0.000137004132285304,2.0,0.000137004132285304,0.0,1.0,0.0,0.001247128398695215,0.0,2.0,0.5,0.5,False,False,False,False,0,False,False,False
0xb5f91c8a8a1adbe543a1f3919bb9809a189d7297,5.0,0.0,0.0,5.0,2.0,0.001039386717622012,136112.63644099998,2025-11-12 12:29:23+00:00,2025-12-13 11:46:23+00:00,1.0,4.0,4.0,1.0,0.00033615520311804,4.0,0.00033615520311804,12.0,2.0,0.0,0.0007121136582359251,0.0,1.0,0.8,0.8,False,False,False,False,0,False,False,False
0xb62a464e5d1e2541aee40712d41e0b6e83bdbfe3,12.0,0.0,0.0,12.0,4.0,0.00036389038002132,7946.654468000001,2025-11-05 13:35:35+00:00,2026-02-24 17:30:35+00:00,1.0,0.0,0.0,0.0,0.0,0.0,0.0,1.0,1.0,0.0,6.284590717731e-06,0.0,0.0,0.0,0.0,False,False,False,False,0,False,False,False
0xb63fb619dd0057d4b693249032f5086d2053d1f4,1.0,0.0,0.0,1.0,1.0,0.000202252824882427,200000.0,2025-12-23 08:54:59+00:00,2025-12-23 08:54:59+00:00,1.0,0.0,0.0,0.0,0.0,0.0,0.0,4.0,6.0,0.0,0.001405240869401123,0.0,0.0,0.0,0.0,False,False,False,False,0,False,False,False
0xb66a45e381e0e84c1f493c5bb25fd00fb3bd5340,2.0,0.0,0.0,1.0,1.0,0.000547433871167078,5620.5116020000005,2026-02-05 00:44:35+00:00,2026-02-05 13:03:59+00:00,2.0,2.0,2.0,2.0,0.000205965782800656,1.0,0.000103532154680772,0.0,1.0,0.0,0.000108095566300008,0.0,1.0,1.0,0.5,False,False,False,False,0,False,False,False
0xb67bcd819774f6ce8bc618491e733708f0d00b64,1.0,0.0,0.0,1.0,1.0,2.0084745747444e-05,2000.0,2025-12-10 10:52:59+00:00,2025-12-10 10:52:59+00:00,1.0,2.0,2.0,2.0,2.1556220304630002e-05,1.0,7.93971590463e-06,0.0,0.0,0.0,0.0,0.0,1.0,2.0,1.0,False,False,False,False,0,False,False,False
0xb6968410575b7742bea3bb0d848296cb9d925a4e,2.0,0.0,0.0,2.0,2.0,6.4625502438389995e-06,47324.652275,2025-12-19 04:43:11+00:00,2026-02-24 10:14:47+00:00,1.0,16.0,6.0,8.0,0.00095771106737024,2.0,4.037838135992e-06,1.0,0.0,0.0,0.0,0.0,2.6666666666666665,8.0,1.0,False,False,False,False,0,False,False,False
0xb6a40866b80074e478d349c0aa5ddeb47405fd06,1.0,0.0,0.0,1.0,1.0,2.22411602e-05,500000.0,2025-11-11 07:12:47+00:00,2025-11-11 07:12:47+00:00,1.0,22.0,10.0,8.0,0.00034667726980000004,1.0,1.1136228e-05,37.0,1.0,0.0,0.001173949312689955,0.0,2.2,22.0,1.0,False,False,False,False,0,False,False,False
0xb70a6399ca7e2b8415fd406be1a40316d813034b,2.0,0.0,0.0,2.0,1.0,0.000436070474900121,36.811399,2025-11-15 23:21:11+00:00,2025-11-18 23:23:11+00:00,1.0,2.0,2.0,1.0,0.000196177978192428,2.0,0.000196177978192428,0.0,1.0,0.0,0.000118830287942947,0.000118830287942947,1.0,1.0,1.0,False,False,False,False,0,False,False,False
0xb70d22af38eb6dcbbab8684ea24842fa4d1db256,1.0,0.0,0.0,1.0,1.0,0.000233278231245216,3247.284191,2025-12-31 11:06:59+00:00,2025-12-31 11:06:59+00:00,1.0,3.0,3.0,3.0,0.000986658812569197,1.0,0.00011626407403047,0.0,0.0,0.0,0.0,0.0,1.0,3.0,1.0,False,False,False,False,0,False,False,False
0xb7387e11060d14fe5db69880f24ce66d1f8cfe1a,1.0,0.0,0.0,1.0,1.0,3.71101819176e-06,1000037.972875,2025-12-28 22:11:59+00:00,2025-12-28 22:11:59+00:00,1.0,4.0,3.0,3.0,0.00011988757824405501,1.0,2.18741812879e-06,0.0,0.0,0.0,0.0,0.0,1.3333333333333333,4.0,1.0,False,False,False,False,0,False,False,False
0xb73b4c916d7d5a5b54eb4906010913eac0e678a3,1.0,0.0,0.0,1.0,1.0,1.5205567212108e-05,11768.694927,2026-01-05 14:38:23+00:00,2026-01-05 14:38:23+00:00,1.0,0.0,0.0,0.0,0.0,0.0,0.0,1.0,1.0,0.0,5.3945316155918e-05,0.0,0.0,0.0,0.0,False,False,False,False,0,False,False,False
0xb76a55bf82ffa46a5b35ffdbbf786e9854302b0a,3.0,0.0,0.0,3.0,2.0,0.001511534807284446,1409.0279070000001,2026-01-31 19:26:59+00:00,2026-02-12 14:54:59+00:00,1.0,20.0,9.0,6.0,0.001070636672611255,6.0,0.001025368706614162,0.0,3.0,3.0,7.2835945480654e-05,7.2835945480654e-05,2.2222222222222223,6.666666666666667,2.0,False,False,False,False,0,False,False,False
0xb7768ab9119e01f2ed484e06228a69238e69eb49,1.0,0.0,0.0,1.0,1.0,0.00053742642592742,130498.491875,2025-11-07 16:18:35+00:00,2025-11-07 16:18:35+00:00,1.0,1.0,1.0,1.0,0.000266621968316032,1.0,0.000266621968316032,0.0,0.0,0.0,0.0,0.0,1.0,1.0,1.0,False,False,False,False,0,False,False,False
0xb7a35fa005dc2c6b0c4fb70a603e5e16e4869180,1.0,0.0,0.0,1.0,1.0,6.8022551047999e-05,91527.744803,2025-11-03 02:33:23+00:00,2025-11-03 02:33:23+00:00,1.0,2.0,1.0,2.0,8.2057450273974e-05,1.0,5.3626942884627e-05,0.0,0.0,0.0,0.0,0.0,2.0,2.0,1.0,False,False,False,False,0,False,False,False
0xb7fd8ba04e7cd7aa54fa643d54d09f5d194b6997,2.0,2.0,0.0,2.0,1.0,0.0009052761547792519,4507.848408,2025-11-03 04:20:35+00:00,2025-11-04 09:13:11+00:00,1.0,3.0,2.0,3.0,6.5210470965456e-05,0.0,0.0,1.0,2.0,0.0,0.000206173447675634,0.000101628357910718,1.5,1.5,0.0,False,False,False,False,0,False,False,False
0xb82ee473459ee0628642950a14a22e49b50c9845,8.0,0.0,0.0,5.0,2.0,0.006910570816829744,295356.88119399996,2025-11-14 04:51:47+00:00,2026-02-07 19:38:23+00:00,1.6,17.0,5.0,3.0,0.01568964384153683,7.0,0.002522477750713758,1.0,1.0,0.0,0.00159363018423246,0.0,3.4,2.125,0.875,False,False,False,False,0,False,False,False
0xb84534241b0eefd3d738fd08174c56789f35e82c,4.0,0.0,0.0,1.0,1.0,0.000231926416112685,45695.971445999996,2025-11-20 20:04:23+00:00,2025-11-20 20:24:47+00:00,4.0,3.0,2.0,2.0,0.000213785079726064,2.0,6.4400385287166e-05,0.0,1.0,0.0,2.8255796252846e-05,0.0,1.5,0.75,0.5,False,False,False,False,0,False,False,False
0xb86adee60e2690e198aadbe5f382f0a96ffb6f19,1.0,0.0,0.0,1.0,1.0,0.001150174384989122,2000.0,2026-02-05 16:06:23+00:00,2026-02-05 16:06:23+00:00,1.0,1.0,1.0,1.0,0.000675765311486139,1.0,0.000675765311486139,0.0,1.0,0.0,0.00013734613,0.0,1.0,1.0,1.0,False,False,False,False,0,False,False,False
0xb885911028cb44a8c687207ce5c8d437b0024807,3.0,3.0,0.0,1.0,1.0,0.0017262428536744911,3316351.068794,2025-11-04 08:50:47+00:00,2025-11-04 09:07:47+00:00,3.0,1.0,1.0,1.0,9.8587525758888e-05,1.0,9.8587525758888e-05,2.0,3.0,0.0,0.00048428091058651203,0.0,1.0,0.3333333333333333,0.3333333333333333,False,False,False,False,0,False,False,False
0xb88cc37985fc314a15d63c8f80321603a427eae8,4.0,0.0,0.0,3.0,2.0,0.001911434218408932,1071.666864,2026-01-31 21:03:11+00:00,2026-02-06 08:48:35+00:00,1.3333333333333333,3.0,2.0,1.0,4.6547582733428e-05,0.0,0.0,1.0,1.0,0.0,5.5151159261927e-05,0.0,1.5,0.75,0.0,False,False,False,False,0,False,False,False
0xb8ade73776108ceac15de64c99fa4f1e5d8609bc,1.0,0.0,0.0,1.0,1.0,0.000280610466015705,7000.0,2025-12-07 21:21:11+00:00,2025-12-07 21:21:11+00:00,1.0,5.0,3.0,3.0,0.00038565121043409,1.0,0.00013444792988855,0.0,0.0,0.0,0.0,0.0,1.6666666666666667,5.0,1.0,False,False,False,False,0,False,False,False
0xb8e18a9991a2b60b68e30ec3faca6199ffe4e60e,1.0,0.0,0.0,1.0,1.0,3.506179214685e-06,53258.114815,2025-12-22 17:54:35+00:00,2025-12-22 17:54:35+00:00,1.0,5.0,3.0,5.0,3.7356120480057e-05,1.0,1.789092675279e-06,0.0,0.0,0.0,0.0,0.0,1.6666666666666667,5.0,1.0,False,False,False,False,0,False,False,False
0xb91272bc89f6a1ea6c0155acc70dfa7619eeb889,36.0,1.0,0.0,11.0,3.0,0.0242312565479648,87090.486286,2025-11-16 22:47:35+00:00,2026-02-06 00:46:35+00:00,3.272727272727273,0.0,0.0,0.0,0.0,0.0,0.0,0.0,3.0,0.0,0.003695190968666112,0.0,0.0,0.0,0.0,False,False,False,False,0,False,False,False
0xb91ac9981eb3dd949fc793bc58114fd37c480d55,1.0,0.0,0.0,1.0,1.0,0.000387582130102752,785.303456,2026-02-05 18:55:35+00:00,2026-02-05 18:55:35+00:00,1.0,1.0,1.0,1.0,0.000254665777652504,1.0,0.000254665777652504,0.0,8.0,4.0,0.01054046240856863,0.0,1.0,1.0,1.0,False,False,False,False,0,False,False,False
0xb91d0515979f4a4462afa06661d01cd5f4a74048,1.0,0.0,0.0,1.0,1.0,3.939696354321e-06,350000.036436,2026-01-25 12:08:59+00:00,2026-01-25 12:08:59+00:00,1.0,1.0,1.0,1.0,1.910512629945e-06,1.0,1.910512629945e-06,0.0,0.0,0.0,0.0,0.0,1.0,1.0,1.0,False,False,False,False,0,False,False,False
0xb9297a3eea62636c74c58bb60c39ef939e2706c7,1.0,0.0,0.0,1.0,1.0,4.654146698656e-06,80.0,2025-12-01 19:57:23+00:00,2025-12-01 19:57:23+00:00,1.0,1.0,1.0,1.0,2.582583931472e-06,1.0,2.582583931472e-06,0.0,2.0,0.0,2.1972006165359e-05,0.0,1.0,1.0,1.0,False,False,False,False,0,False,False,False
0xb93a7fed3c654993ae2ee54dcb9713432d098cfb,1.0,0.0,0.0,1.0,1.0,0.00012020456914588,138.0,2026-02-06 01:56:11+00:00,2026-02-06 01:56:11+00:00,1.0,5.0,2.0,3.0,0.0001067708003464,1.0,8.205139046341e-05,0.0,0.0,0.0,0.0,0.0,2.5,5.0,1.0,False,False,False,False,0,False,False,False
0xb9435355e55a983e8b16a85aa8bb237bdb42cb64,5.0,0.0,0.0,2.0,1.0,2.2726203263929e-05,28723.431826,2026-01-13 04:58:11+00:00,2026-01-29 05:21:59+00:00,2.5,6.0,2.0,2.0,2.365816834454e-05,3.0,6.3768756829819996e-06,0.0,0.0,0.0,0.0,0.0,3.0,1.2,0.6,False,False,False,False,0,False,False,False
0xb9ad0f8cdee90d528a73558e4ad1ada1af19ef3a,1.0,0.0,0.0,1.0,1.0,0.000488119892002515,7085.50095,2025-11-04 17:58:59+00:00,2025-11-04 17:58:59+00:00,1.0,6.0,4.0,4.0,0.0012373469618836021,1.0,0.000285134750423566,0.0,0.0,0.0,0.0,0.0,1.5,6.0,1.0,False,False,False,False,0,False,False,False
0xb9dc923cdbbd6cda6aef6f3a50ac04ce9cbefef7,1.0,0.0,0.0,1.0,1.0,0.000199773188030779,1500.0,2025-12-19 21:48:47+00:00,2025-12-19 21:48:47+00:00,1.0,1.0,1.0,1.0,7.8987242962356e-05,1.0,7.8987242962356e-05,1.0,0.0,0.0,0.0,0.0,1.0,1.0,1.0,False,False,False,False,0,False,False,False
0xb9e3abfc35138a33fe5705fbee4f35a10fce78f1,1.0,0.0,0.0,1.0,1.0,0.000226021626845568,400188.714314,2025-12-24 05:12:23+00:00,2025-12-24 05:12:23+00:00,1.0,7.0,6.0,4.0,0.001448946414969102,1.0,0.000113482170170284,0.0,0.0,0.0,0.0,0.0,1.1666666666666667,7.0,1.0,False,False,False,False,0,False,False,False
0xb9f8fd0dafde57f7f49b9b7a59674ec8ebf8d1c4,2.0,0.0,0.0,1.0,1.0,0.00043577061763305097,166157.6704,2025-11-22 10:55:47+00:00,2025-11-22 10:59:23+00:00,2.0,3.0,1.0,1.0,0.000267839392191412,3.0,0.000267839392191412,0.0,1.0,0.0,0.00012091672098552,0.00012091672098552,3.0,1.5,1.5,False,False,False,False,0,False,False,False
0xba10248ac4dcc76ef27b58aad637f02a27fbc4f6,2.0,1.0,0.0,1.0,1.0,0.000640449350037388,1653776.742639,2025-11-07 01:21:35+00:00,2025-11-07 01:25:47+00:00,2.0,58.0,18.0,5.0,0.015874376241015606,2.0,0.00026319601689919,8.0,2.0,2.0,0.0034391364461135152,0.0,3.2222222222222223,29.0,1.0,False,False,False,False,0,False,False,False
0xba3aa36a346a2dba8b88002a153fc5fe90c7a51a,1.0,0.0,0.0,1.0,1.0,0.000236295412056763,5.0,2026-01-08 09:39:59+00:00,2026-01-08 09:39:59+00:00,1.0,2.0,2.0,2.0,0.000567214536611703,1.0,0.000114260357874328,0.0,0.0,0.0,0.0,0.0,1.0,2.0,1.0,False,False,False,False,0,False,False,False
0xba41b90dde21ed6db75cc785562876491c70d82c,6.0,0.0,0.0,6.0,3.0,0.0012156029388029161,17319.868287,2025-12-03 16:25:47+00:00,2026-02-02 20:12:47+00:00,1.0,0.0,0.0,0.0,0.0,0.0,0.0,1.0,0.0,0.0,0.0,0.0,0.0,0.0,0.0,False,False,False,False,0,False,False,False
0xba5728192f420aeaf14ab3c9484f9a032b77a0f1,1.0,0.0,0.0,1.0,1.0,0.000189355138125336,71.00625,2025-12-05 12:55:23+00:00,2025-12-05 12:55:23+00:00,1.0,1.0,1.0,1.0,0.000113330215593762,1.0,0.000113330215593762,0.0,0.0,0.0,0.0,0.0,1.0,1.0,1.0,False,False,False,False,0,False,False,False
0xba80d558e264ab7e3a606e22e8450a82163f7f54,2.0,0.0,0.0,1.0,1.0,6.9442866857e-06,500.0,2026-02-16 08:10:59+00:00,2026-02-16 08:20:11+00:00,2.0,16.0,5.0,13.0,0.000355488955588641,2.0,0.000115246482384076,0.0,3.0,0.0,2.9273393369248998e-05,2.9273393369248998e-05,3.2,8.0,1.0,False,False,False,False,0,False,False,False
0xbabd1ae8100ea9e3ab74e92a7c254839dce28f08,4.0,0.0,0.0,4.0,2.0,1.8257928321275e-05,500000.0,2025-12-02 12:42:35+00:00,2026-02-10 08:27:11+00:00,1.0,6.0,5.0,3.0,0.000118055067870204,1.0,2.451594998871e-06,0.0,0.0,0.0,0.0,0.0,1.2,1.5,0.25,False,False,False,False,0,False,False,False
0xbade2a01e54698f9c3f92b205d858bddffe9c3b8,1.0,0.0,0.0,1.0,1.0,3.598329917091e-06,1076596.555945,2026-01-17 04:48:47+00:00,2026-01-17 04:48:47+00:00,1.0,1.0,1.0,1.0,1.610772357447e-06,1.0,1.610772357447e-06,0.0,0.0,0.0,0.0,0.0,1.0,1.0,1.0,False,False,False,False,0,False,False,False
0xbafc03ec2641b82ae5e4c4f6cc59455773092dc6,1.0,0.0,0.0,1.0,1.0,0.000253360807313828,763.364509,2025-11-07 12:36:47+00:00,2025-11-07 12:36:47+00:00,1.0,24.0,10.0,16.0,0.0012720418065841751,1.0,7.3478413902404e-05,1.0,0.0,0.0,0.0,0.0,2.4,24.0,1.0,False,False,False,False,0,False,False,False
0xbb1dc2dcc45f720e5dc74bdcefcb124ba83b64e4,1.0,0.0,0.0,1.0,1.0,0.000170439666436396,0.2,2025-11-20 19:28:11+00:00,2025-11-20 19:28:11+00:00,1.0,1.0,1.0,1.0,6.3607034057328e-05,1.0,6.3607034057328e-05,0.0,0.0,0.0,0.0,0.0,1.0,1.0,1.0,False,False,False,False,0,False,False,False
0xbb491f710e0957e550906b5a7a8fb05dcdb2b3bc,1.0,0.0,0.0,1.0,1.0,2.225480022282e-05,30.065694,2026-02-19 14:06:23+00:00,2026-02-19 14:06:23+00:00,1.0,2.0,2.0,2.0,0.000205673476291899,1.0,0.000110294419131369,0.0,0.0,0.0,0.0,0.0,1.0,2.0,1.0,False,False,False,False,0,False,False,False
0xbb4f6c290d6db089c3b3e58988f098d3a00b3aa7,1.0,0.0,0.0,1.0,1.0,5.12429615304e-05,100.0,2025-11-25 15:22:23+00:00,2025-11-25 15:22:23+00:00,1.0,13.0,11.0,8.0,0.001020890495464504,1.0,2.816698720325e-05,0.0,0.0,0.0,0.0,0.0,1.1818181818181819,13.0,1.0,False,False,False,False,0,False,False,False
0xbb73bcf93f4d6f6afae87f399c7f9ec7ecb310d4,1.0,0.0,0.0,1.0,1.0,1.6934573908514e-05,99470.000993,2026-02-10 07:11:23+00:00,2026-02-10 07:11:23+00:00,1.0,1.0,1.0,1.0,7.689256585755e-06,1.0,7.689256585755e-06,0.0,0.0,0.0,0.0,0.0,1.0,1.0,1.0,False,False,False,False,0,False,False,False
0xbb7c21e76800c2ed1e79f5674665fd3e24652d7e,1.0,0.0,0.0,1.0,1.0,2.3647174115202e-05,89304.648223,2025-12-09 20:51:59+00:00,2025-12-09 20:51:59+00:00,1.0,2.0,2.0,2.0,1.6913823714999e-05,1.0,9.713384946405e-06,0.0,1.0,0.0,1.1189134417262e-05,1.1189134417262e-05,1.0,2.0,1.0,False,False,False,False,0,False,False,False
0xbb9507f0e223f5a0cdb0d221676016cb650fce27,1.0,0.0,0.0,1.0,1.0,5.9849857196815e-05,20.0,2025-11-28 19:38:47+00:00,2025-11-28 19:38:47+00:00,1.0,8.0,5.0,5.0,0.000635668543578545,1.0,7.799695560394e-06,0.0,0.0,0.0,0.0,0.0,1.6,8.0,1.0,False,False,False,False,0,False,False,False
0xbb9650a4ee2b5629650896fe57b246af69992b35,1.0,0.0,0.0,1.0,1.0,0.00027968381776148,166969.87729,2025-11-20 19:35:47+00:00,2025-11-20 19:35:47+00:00,1.0,2.0,2.0,2.0,0.0024531526655785204,1.0,0.000166401560844592,0.0,4.0,0.0,0.002064579440276633,0.000170237888043553,1.0,2.0,1.0,False,False,False,False,0,False,False,False
0xbbf5e0cced6cbb7635b427e5557a3d0b1a0e1426,1.0,0.0,0.0,1.0,1.0,8.846081716017e-06,8140.001134,2026-02-26 19:46:47+00:00,2026-02-26 19:46:47+00:00,1.0,0.0,0.0,0.0,0.0,0.0,0.0,1.0,0.0,0.0,0.0,0.0,0.0,0.0,0.0,False,False,False,False,0,False,False,False
0xbc0c1b84371960a69657e937eb28d5b4bb40447a,7.0,1.0,0.0,2.0,1.0,0.00350465742906602,7519.971879000001,2025-11-04 20:21:11+00:00,2025-11-13 10:34:59+00:00,3.5,2.0,2.0,1.0,0.000818239565309418,2.0,0.000818239565309418,0.0,1.0,0.0,9.3507156541486e-05,0.0,1.0,0.2857142857142857,0.2857142857142857,False,False,False,False,0,False,False,False
0xbc2053df37acd48a36a6d6b1b70a47aafc020c1c,1.0,0.0,0.0,1.0,1.0,0.000197909839012276,0.00073,2025-12-12 13:36:47+00:00,2025-12-12 13:36:47+00:00,1.0,11.0,10.0,10.0,0.001209605382282301,0.0,0.0,1.0,0.0,0.0,0.0,0.0,1.1,11.0,0.0,False,False,False,False,0,False,False,False
0xbc78024d06ecbcc4d4d860fd3b3f086cfeb727f1,8.0,0.0,0.0,6.0,3.0,0.0006566636130664239,31092.806704000002,2025-11-24 15:52:47+00:00,2026-02-06 11:11:23+00:00,1.3333333333333333,1.0,1.0,1.0,6.56856920457e-06,0.0,0.0,2.0,1.0,0.0,0.000498777087534044,0.0,1.0,0.125,0.0,False,False,False,False,0,False,False,False
0xbc903d79d16c114900000ddca7c202edcf14d63e,1.0,0.0,0.0,1.0,1.0,0.00031582457597313,500000.00102,2026-02-28 21:39:59+00:00,2026-02-28 21:39:59+00:00,1.0,1.0,1.0,1.0,4.923719989956e-06,1.0,4.923719989956e-06,0.0,0.0,0.0,0.0,0.0,1.0,1.0,1.0,False,False,False,False,0,False,False,False
0xbcbf3bb9101f9ce7ca58af9b4601cebe4bd9c2d1,1.0,0.0,0.0,1.0,1.0,5.205999382716e-06,12054.466036,2025-12-29 02:35:23+00:00,2025-12-29 02:35:23+00:00,1.0,2.0,1.0,2.0,1.5371612168685e-05,1.0,2.961373609848e-06,0.0,0.0,0.0,0.0,0.0,2.0,2.0,1.0,False,False,False,False,0,False,False,False
0xbccbc9fc2d1d9e9abd0ca132be816bd4f6051b86,4.0,0.0,0.0,1.0,1.0,0.000133821629679131,3685872.808701,2025-11-02 14:21:47+00:00,2025-11-02 14:45:59+00:00,4.0,10.0,8.0,8.0,0.001190428256772486,1.0,1.456868880369e-05,1.0,0.0,0.0,0.0,0.0,1.25,2.5,0.25,False,False,False,False,0,False,False,False
0xbd68dee22c7effb1f4bb25217a06b876b10b4052,2.0,0.0,0.0,1.0,1.0,0.000467536170691034,200.0,2026-01-01 22:03:47+00:00,2026-01-01 22:08:11+00:00,2.0,6.0,2.0,5.0,0.0009224625551390419,2.0,0.00021475827649689,0.0,0.0,0.0,0.0,0.0,3.0,3.0,1.0,False,False,False,False,0,False,False,False
0xbd8d892efa790742d81f642b2d55096387411efe,4.0,0.0,0.0,4.0,2.0,0.000589083686530127,672573.038602,2025-12-21 01:09:35+00:00,2026-01-28 00:43:11+00:00,1.0,7.0,7.0,3.0,0.000751600572130555,4.0,0.00024085324470442,15.0,2.0,2.0,0.000990160146707119,0.0,1.0,1.75,1.0,False,False,False,False,0,False,False,False
0xbdc9cddaf88c6dfdffc0830ebf6fb8d91e118b25,2.0,0.0,0.0,2.0,1.0,0.000395555711210946,301073.77893699997,2025-11-02 08:22:11+00:00,2025-11-09 13:04:59+00:00,1.0,1.0,1.0,1.0,8.035951990452e-05,1.0,8.035951990452e-05,1.0,0.0,0.0,0.0,0.0,1.0,0.5,0.5,False,False,False,False,0,False,False,False
0xbdef88376ac910ead2de0b3868631fd4116aa5c8,1.0,0.0,0.0,1.0,1.0,1.033401913278e-05,56.2279,2026-02-23 14:26:23+00:00,2026-02-23 14:26:23+00:00,1.0,5.0,3.0,4.0,0.00010015520593367,1.0,5.973730638532e-06,0.0,1.0,0.0,4.24322593387e-06,4.24322593387e-06,1.6666666666666667,5.0,1.0,False,False,False,False,0,False,False,False
0xbe16892ed5185cbd69f3f2708de5263645240a65,1.0,0.0,0.0,1.0,1.0,0.00021537871925337,2985.778237,2025-12-10 16:08:47+00:00,2025-12-10 16:08:47+00:00,1.0,4.0,3.0,2.0,0.00048484712531796396,2.0,0.000202208360106852,0.0,2.0,0.0,0.00027042540875029297,0.00027042540875029297,1.3333333333333333,4.0,2.0,False,False,False,False,0,False,False,False
0xbeb990547f9ccb19743b2268cc2dc1dc67198cf9,1.0,0.0,0.0,1.0,1.0,8.2519547465358e-05,11.0,2025-12-09 15:34:11+00:00,2025-12-09 15:34:11+00:00,1.0,3.0,1.0,3.0,0.000103438506843636,1.0,3.3958514949879e-05,0.0,1.0,0.0,3.764174004552e-05,3.764174004552e-05,3.0,3.0,1.0,False,False,False,False,0,False,False,False
0xbebf7107df41190c7aaabb1b354e46f12d4ce0ec,1.0,0.0,0.0,1.0,1.0,3.488220524605e-06,1990.987896,2026-01-02 07:45:23+00:00,2026-01-02 07:45:23+00:00,1.0,7.0,3.0,5.0,7.5265951201255e-05,1.0,1.82345329699e-06,0.0,0.0,0.0,0.0,0.0,2.3333333333333335,7.0,1.0,False,False,False,False,0,False,False,False
0xbedd7d847c131c81d44beaa903940779f8c62779,4.0,0.0,0.0,4.0,1.0,5.3442457064644997e-05,228311.498028,2026-01-07 03:16:47+00:00,2026-01-24 11:55:23+00:00,1.0,13.0,5.0,5.0,0.000132327388820639,3.0,1.80390418857e-05,0.0,0.0,0.0,0.0,0.0,2.6,3.25,0.75,False,False,False,False,0,False,False,False
0xbf18cbfd6d1abe4e0fb302784f52b70102959495,8.0,0.0,0.0,7.0,4.0,0.001927360228059669,145510.489531,2025-11-08 23:06:11+00:00,2026-02-05 18:55:59+00:00,1.1428571428571428,11.0,9.0,4.0,0.002135649385755988,6.0,0.000651981023928418,0.0,5.0,0.0,0.000480698907804001,0.000480698907804001,1.2222222222222223,1.375,0.75,False,False,False,False,0,False,False,False
0xbf675473967bdb9dc35dcce42dbe99059da23646,11.0,0.0,0.0,9.0,3.0,0.003398243793871235,4552.915378,2025-11-04 18:44:23+00:00,2026-01-31 16:32:35+00:00,1.2222222222222223,1.0,1.0,1.0,5.2627343524128e-05,0.0,0.0,1.0,2.0,0.0,0.000193035594334646,0.000110879480637776,1.0,0.09090909090909091,0.0,False,False,False,False,0,False,False,False
0xbfaf521d88c8355493bbcbb0888ad430f653dc2b,1.0,0.0,0.0,1.0,1.0,1.4648641718517e-05,56072.2768,2025-11-08 07:18:59+00:00,2025-11-08 07:18:59+00:00,1.0,3.0,1.0,3.0,0.000684644079678161,1.0,7.301228064396e-06,0.0,0.0,0.0,0.0,0.0,3.0,3.0,1.0,False,False,False,False,0,False,False,False
0xbfe8838de25ad36d106fd600f24471baf31e3ff3,5.0,0.0,0.0,5.0,3.0,0.00105001586464053,25234.149273,2025-11-25 20:28:11+00:00,2026-01-16 15:03:59+00:00,1.0,2.0,2.0,2.0,0.000360311064505828,1.0,8.146654662175e-05,2.0,1.0,0.0,9.3055388685838e-05,0.0,1.0,0.4,0.2,False,False,False,False,0,False,False,False
0xc07d442a6d7495610db500c7a522c88f130d0ffd,1.0,0.0,0.0,1.0,1.0,0.000225665908965131,9.876207,2025-12-21 17:40:11+00:00,2025-12-21 17:40:11+00:00,1.0,2.0,2.0,2.0,0.0006471255309928821,1.0,0.000113394622436498,0.0,0.0,0.0,0.0,0.0,1.0,2.0,1.0,False,False,False,False,0,False,False,False
0xc08f3afda9ab45d702c14f5ea07db3d15becb99b,2.0,0.0,0.0,1.0,1.0,0.000192279892979144,30601.6333,2025-12-18 10:40:11+00:00,2025-12-18 10:48:35+00:00,2.0,1.0,1.0,1.0,5.0328216852498e-05,1.0,5.0328216852498e-05,0.0,1.0,0.0,6.4369474924792e-05,6.4369474924792e-05,1.0,0.5,0.5,False,False,False,False,0,False,False,False
0xc0936c10c089ec35a7d228b6674f02bb557e326d,1.0,0.0,0.0,1.0,1.0,1.1905482796963e-05,17933.406793,2025-12-25 15:38:35+00:00,2025-12-25 15:38:35+00:00,1.0,2.0,2.0,2.0,8.555130654057e-06,1.0,4.094746558542e-06,0.0,0.0,0.0,0.0,0.0,1.0,2.0,1.0,False,False,False,False,0,False,False,False
0xc094e7ec64501540a4269b7626d8744818d2fe01,3.0,0.0,0.0,2.0,2.0,0.00079428394111627,106483.194561,2025-11-27 00:13:59+00:00,2026-02-01 16:40:47+00:00,1.5,1.0,1.0,1.0,0.00015572165557875,1.0,0.00015572165557875,0.0,2.0,0.0,0.0027704277399342612,0.0,1.0,0.3333333333333333,0.3333333333333333,False,False,False,False,0,False,False,False
0xc0c094d0dc7cd8581193800b87b268bacc5cc021,1.0,1.0,0.0,1.0,1.0,0.000192893836207772,312.020482,2026-02-28 09:57:11+00:00,2026-02-28 09:57:11+00:00,1.0,1.0,1.0,1.0,5.1965222059269e-05,1.0,5.1965222059269e-05,0.0,2.0,0.0,0.000120233554272629,0.000120233554272629,1.0,1.0,1.0,False,False,False,False,0,False,False,False
0xc0f80152ebdd15399634fddaa544657559b1e32b,1.0,0.0,0.0,1.0,1.0,0.000209485556440905,310.108692,2026-01-01 16:38:11+00:00,2026-01-01 16:38:11+00:00,1.0,4.0,1.0,1.0,0.000341690305449824,4.0,0.000341690305449824,0.0,0.0,0.0,0.0,0.0,4.0,4.0,4.0,False,False,False,False,0,False,False,False
0xc13dbebd75d81cfadb5df9999447578160419929,2.0,0.0,0.0,1.0,1.0,0.0006985409652825,11387.470363,2026-02-05 18:52:23+00:00,2026-02-05 19:25:35+00:00,2.0,8.0,5.0,5.0,0.001374937084925563,1.0,0.000228871958611096,0.0,1.0,0.0,0.000150546491609912,0.000150546491609912,1.6,4.0,0.5,False,False,False,False,0,False,False,False
0xc18f0a6b1a9ac6bb3edd8e1391c293a1770fce24,3.0,0.0,0.0,2.0,1.0,6.146623305409399e-05,253922.716166,2025-11-15 00:29:59+00:00,2025-11-17 23:56:23+00:00,1.5,7.0,4.0,3.0,0.000168984357563506,3.0,2.8383182655494e-05,0.0,2.0,0.0,0.00423165820686838,0.0,1.75,2.3333333333333335,1.0,False,False,False,False,0,False,False,False
0xc1a157866671e6f655fe1d2396bcefeafa7fb7e4,2.0,0.0,0.0,2.0,1.0,7.599844400874e-05,482.2525,2026-02-01 21:30:59+00:00,2026-02-04 14:02:47+00:00,1.0,1.0,1.0,1.0,9.592040251298e-06,1.0,9.592040251298e-06,0.0,2.0,0.0,0.003109471025310465,0.0,1.0,0.5,0.5,False,False,False,False,0,False,False,False
0xc1be46fe5b3700e4a3ed269c75bbf3d1301dce44,21.0,0.0,0.0,18.0,4.0,0.00461895451337431,24091783.245915,2025-11-13 02:49:23+00:00,2026-02-23 10:02:11+00:00,1.1666666666666667,3.0,2.0,3.0,0.000123238410278738,2.0,7.968567576518e-06,0.0,0.0,0.0,0.0,0.0,1.5,0.14285714285714285,0.09523809523809523,False,False,False,False,0,False,False,False
0xc1be9a815f4f7067676eff341ff3c3134f228a65,1.0,0.0,0.0,1.0,1.0,0.000120973066224322,1000.0,2025-11-13 01:38:23+00:00,2025-11-13 01:38:23+00:00,1.0,7.0,3.0,6.0,0.000647532076380125,1.0,5.2959207071952e-05,0.0,0.0,0.0,0.0,0.0,2.3333333333333335,7.0,1.0,False,False,False,False,0,False,False,False
0xc1c3078bd21bac8ee6cbb008f340bc7aeb823b8b,1.0,0.0,0.0,1.0,1.0,0.000225856733162718,14456.357046,2026-01-31 13:53:11+00:00,2026-01-31 13:53:11+00:00,1.0,1.0,1.0,1.0,0.000103360252191984,1.0,0.000103360252191984,0.0,0.0,0.0,0.0,0.0,1.0,1.0,1.0,False,False,False,False,0,False,False,False
0xc1e977c3dee1c1903cf57511cbe96681f1add87b,2.0,0.0,0.0,1.0,1.0,0.000403360404232848,5042.830733,2026-02-04 12:56:59+00:00,2026-02-04 13:02:23+00:00,2.0,1.0,1.0,1.0,8.3502181166726e-05,1.0,8.3502181166726e-05,2.0,1.0,0.0,0.000179589659722787,0.0,1.0,0.5,0.5,False,False,False,False,0,False,False,False
0xc21c066e7b6fc7ca468cfee7e5bc3bdb2e2fd05d,2.0,0.0,0.0,2.0,1.0,0.000503424253517857,414977.307449,2025-11-19 07:20:23+00:00,2025-11-21 11:23:47+00:00,1.0,1.0,1.0,1.0,0.000103744084058172,1.0,0.000103744084058172,0.0,0.0,0.0,0.0,0.0,1.0,0.5,0.5,False,False,False,False,0,False,False,False
0xc25344597df96a3b8420487eef745840892c038f,1.0,0.0,0.0,1.0,1.0,0.000252733367281128,200.0,2026-01-26 17:46:11+00:00,2026-01-26 17:46:11+00:00,1.0,1.0,1.0,1.0,0.000121765055538444,1.0,0.000121765055538444,0.0,0.0,0.0,0.0,0.0,1.0,1.0,1.0,False,False,False,False,0,False,False,False
0xc28ac51f3ca29e5b13caebc105370e3970581322,1.0,0.0,0.0,1.0,1.0,0.000236378614249732,35319.108855,2025-11-08 07:23:47+00:00,2025-11-08 07:23:47+00:00,1.0,7.0,4.0,4.0,0.000616597808626944,2.0,0.00019249208472400602,0.0,0.0,0.0,0.0,0.0,1.75,7.0,2.0,False,False,False,False,0,False,False,False
0xc29d85986f05277b51a4cc3baf18c585b726119d,1.0,0.0,0.0,1.0,1.0,0.00022950149617965,27086.45,2026-01-06 22:51:11+00:00,2026-01-06 22:51:11+00:00,1.0,3.0,3.0,2.0,0.0069548353861455334,1.0,0.006723416525522211,0.0,0.0,0.0,0.0,0.0,1.0,3.0,1.0,False,False,False,False,0,False,False,False
0xc2a8889503caf17059dbf7ddcd9f59c947c54ee8,2.0,0.0,0.0,1.0,1.0,8.938735228746e-06,10008.0,2026-01-07 06:58:35+00:00,2026-01-07 08:23:59+00:00,2.0,11.0,5.0,7.0,0.00020511768505347602,2.0,4.926557463139e-06,0.0,0.0,0.0,0.0,0.0,2.2,5.5,1.0,False,False,False,False,0,False,False,False
0xc2b8733dad43739c32db54e55375f97b2be484b5,5.0,0.0,0.0,2.0,1.0,0.000965210332950981,28792.483977,2026-02-08 17:45:11+00:00,2026-02-22 03:46:47+00:00,2.5,4.0,2.0,2.0,0.0003498666710441,3.0,0.000271241084901524,0.0,1.0,0.0,0.001280597191406355,0.0,2.0,0.8,0.6,False,False,False,False,0,False,False,False
0xc2b878578125861cd4430915c99816c31137cb46,3.0,0.0,0.0,3.0,2.0,0.000581137076458942,40338.97,2026-01-25 20:50:11+00:00,2026-02-07 21:17:23+00:00,1.0,2.0,2.0,2.0,0.000784125844585902,1.0,0.000108491710206294,0.0,1.0,0.0,0.00012297938,0.0,1.0,0.6666666666666666,0.3333333333333333,False,False,False,False,0,False,False,False
0xc2ed5aa291287af5e054c1518c57efc9eb401cfe,1.0,0.0,0.0,1.0,1.0,0.000226697705360347,98.191344,2026-01-10 14:34:59+00:00,2026-01-10 14:34:59+00:00,1.0,3.0,1.0,3.0,0.00021658174114796102,1.0,0.000113913347431524,0.0,1.0,0.0,0.000116984168843195,0.000116984168843195,3.0,3.0,1.0,False,False,False,False,0,False,False,False
0xc2edc21284c8231f3e3cc40a5320d3ca7b661370,3.0,0.0,0.0,3.0,2.0,0.00034145899530491503,1060.043766,2026-01-05 18:56:47+00:00,2026-02-06 01:28:23+00:00,1.0,24.0,9.0,5.0,0.000434707216749326,2.0,0.00014223344378866602,0.0,1.0,0.0,3.355213840751e-06,3.355213840751e-06,2.6666666666666665,8.0,0.6666666666666666,False,False,False,False,0,False,False,False
0xc301626560b049a80214f948749b9909c183cda7,1.0,0.0,0.0,1.0,1.0,3.536514527439e-06,30.0,2026-01-07 06:46:23+00:00,2026-01-07 06:46:23+00:00,1.0,2.0,1.0,2.0,3.592002094064e-06,1.0,1.78676498449e-06,0.0,2.0,0.0,7.0828723658948e-05,7.0828723658948e-05,2.0,2.0,1.0,False,False,False,False,0,False,False,False
0xc31299dc0e5631b06d4d114600d4200bf0b47933,1.0,0.0,0.0,1.0,1.0,1.4195528233271e-05,37300.824464,2025-12-23 09:43:35+00:00,2025-12-23 09:43:35+00:00,1.0,1.0,1.0,1.0,7.116719416324e-06,1.0,7.116719416324e-06,0.0,0.0,0.0,0.0,0.0,1.0,1.0,1.0,False,False,False,False,0,False,False,False
0xc3342ef424b6d7327ca2cc4b134fab4ce287c35b,1.0,0.0,0.0,1.0,1.0,8.034748257536e-06,250620.0,2025-11-09 06:04:23+00:00,2025-11-09 06:04:23+00:00,1.0,9.0,5.0,2.0,0.00180775942747077,0.0,0.0,17.0,4.0,0.0,0.00023175290105406301,0.0,1.8,9.0,0.0,False,False,False,False,0,False,False,False
0xc3379796cda175af735894deb2a43e29dd7e3094,1.0,0.0,0.0,1.0,1.0,2.1651789720285e-05,5.0,2026-01-29 20:10:59+00:00,2026-01-29 20:10:59+00:00,1.0,5.0,2.0,4.0,0.000395866499204532,1.0,9.26644020543e-06,0.0,0.0,0.0,0.0,0.0,2.5,5.0,1.0,False,False,False,False,0,False,False,False
0xc35a1ea4786c56843bfc22097b1a25ed86866666,3.0,0.0,0.0,3.0,2.0,1.6403510523088002e-05,905099.368499,2026-01-11 16:28:59+00:00,2026-02-23 06:34:47+00:00,1.0,2.0,2.0,2.0,7.2552945615839994e-06,2.0,7.2552945615839994e-06,0.0,0.0,0.0,0.0,0.0,1.0,0.6666666666666666,0.6666666666666666,False,False,False,False,0,False,False,False
0xc3aae58ab81663872dd36d73613eb295b167f546,1.0,0.0,0.0,1.0,1.0,2.050710965127e-05,28308.324705,2025-11-13 23:24:23+00:00,2025-11-13 23:24:23+00:00,1.0,4.0,3.0,3.0,0.000127656137530756,1.0,1.2656581199246e-05,1.0,1.0,0.0,0.000482391663193664,0.0,1.3333333333333333,4.0,1.0,False,False,False,False,0,False,False,False
0xc3be79b4f4c13e1d459c8f405a3850bc68360d8a,5.0,0.0,0.0,5.0,3.0,0.000523633041404108,159238.185326,2025-11-10 11:27:47+00:00,2026-01-02 14:07:23+00:00,1.0,0.0,0.0,0.0,0.0,0.0,0.0,1.0,3.0,0.0,0.0014895465091716421,0.0,0.0,0.0,0.0,False,False,False,False,0,False,False,False
0xc3c33437b840fee4e5c9f52d16d67a3569ff4885,5.0,0.0,0.0,4.0,1.0,0.0027671971550972943,920.539494,2026-02-02 05:44:35+00:00,2026-02-19 14:49:35+00:00,1.25,5.0,3.0,4.0,0.002840747350891648,0.0,0.0,1.0,1.0,0.0,6.119322809106e-05,0.0,1.6666666666666667,1.0,0.0,False,False,False,False,0,False,False,False
0xc3ee6ddf545e31c68c9a6299098b51fe4db52cd6,2.0,0.0,0.0,1.0,1.0,0.000397735612144571,399950.0001,2026-02-24 18:52:23+00:00,2026-02-24 18:59:11+00:00,2.0,4.0,2.0,2.0,0.000449496156223064,2.0,0.00019510652644451598,0.0,0.0,0.0,0.0,0.0,2.0,2.0,1.0,False,False,False,False,0,False,False,False
0xc41a7d819ac0d61a762fcc1ea03d9b6fbe1d76f2,3.0,0.0,0.0,3.0,2.0,0.000702972596689405,69070.00393,2025-12-23 05:40:47+00:00,2026-01-30 19:03:35+00:00,1.0,4.0,4.0,3.0,0.000427196653899708,1.0,9.9801013402089e-05,0.0,0.0,0.0,0.0,0.0,1.0,1.3333333333333333,0.3333333333333333,False,False,False,False,0,False,False,False
0xc47d28bff684be768b5d3aabafd786aa07150555,1.0,0.0,0.0,1.0,1.0,8.703536021362e-06,37402.077236,2025-11-01 03:04:47+00:00,2025-11-01 03:04:47+00:00,1.0,1.0,1.0,1.0,4.17092566302e-06,1.0,4.17092566302e-06,0.0,0.0,0.0,0.0,0.0,1.0,1.0,1.0,False,False,False,False,0,False,False,False
0xc490ff2b3e7514c6b3eff1eee0576d08ad5efee8,1.0,0.0,0.0,1.0,1.0,0.000197854381230957,829021.14908,2025-11-09 09:08:35+00:00,2025-11-09 09:08:35+00:00,1.0,1.0,1.0,1.0,0.000115159066635852,1.0,0.000115159066635852,3.0,0.0,0.0,0.0,0.0,1.0,1.0,1.0,False,False,False,False,0,False,False,False
0xc4bcdaa5d8e4b048f7c7b3a4d41947591a0ddff0,1.0,0.0,0.0,1.0,1.0,0.000343804292551584,1294.968838,2026-02-05 19:30:11+00:00,2026-02-05 19:30:11+00:00,1.0,1.0,1.0,1.0,0.000220153036408552,1.0,0.000220153036408552,0.0,1.0,0.0,0.000108141786835707,0.0,1.0,1.0,1.0,False,False,False,False,0,False,False,False
0xc4dd106b5eb302acd81d9d1ebffc29fa78de6744,2.0,0.0,0.0,1.0,1.0,7.0449962106869995e-06,2.5,2025-12-02 06:22:59+00:00,2025-12-02 06:25:47+00:00,2.0,11.0,3.0,2.0,0.00044638474795281804,3.0,0.000199690887558178,0.0,0.0,0.0,0.0,0.0,3.6666666666666665,5.5,1.5,False,False,False,False,0,False,False,False
0xc4ee16429510c678b43b7c0d55c3b5326cb0e3ed,1.0,0.0,0.0,1.0,1.0,1.7205673775808e-05,99470.000993,2026-02-10 07:14:11+00:00,2026-02-10 07:14:11+00:00,1.0,1.0,1.0,1.0,7.82522340873e-06,1.0,7.82522340873e-06,0.0,0.0,0.0,0.0,0.0,1.0,1.0,1.0,False,False,False,False,0,False,False,False
0xc54010af30d6d979eb924196c90e8d9ea4ab1314,1.0,0.0,0.0,1.0,1.0,3.45171737737e-06,10000.0,2026-01-25 10:18:35+00:00,2026-01-25 10:18:35+00:00,1.0,1.0,1.0,1.0,1.902996968756e-06,1.0,1.902996968756e-06,0.0,0.0,0.0,0.0,0.0,1.0,1.0,1.0,False,False,False,False,0,False,False,False
0xc549b6332f9e522ebc0dee73156356e05fe3d542,5.0,0.0,0.0,2.0,1.0,0.001577783879637277,98388.777051,2026-02-03 18:39:11+00:00,2026-02-20 10:07:23+00:00,2.5,16.0,8.0,7.0,0.002621402014894602,5.0,0.000573933240521225,0.0,2.0,0.0,0.000233763444327387,0.000233763444327387,2.0,3.2,1.0,False,False,False,False,0,False,False,False
0xc5759c93f56a196a89ed954e7779f28a2621376f,4.0,0.0,0.0,2.0,1.0,7.744070512103401e-05,16808387.871837,2026-01-28 14:42:59+00:00,2026-01-29 13:12:11+00:00,2.0,2.0,2.0,1.0,1.9846277886136e-05,2.0,1.9846277886136e-05,0.0,0.0,0.0,0.0,0.0,1.0,0.5,0.5,False,False,False,False,0,False,False,False
0xc57762f1947178d7e379878355a39973c443ec45,1.0,0.0,0.0,1.0,1.0,0.000252490529746283,9247.65564,2026-01-08 15:43:59+00:00,2026-01-08 15:43:59+00:00,1.0,6.0,1.0,4.0,0.0008073900664889711,1.0,0.00012280999757735,0.0,0.0,0.0,0.0,0.0,6.0,6.0,1.0,False,False,False,False,0,False,False,False
0xc5e84c1d77727196abfa1f0314b72935c1890a93,44.0,0.0,0.0,7.0,2.0,0.023336321817223594,517305.20745,2025-11-18 03:24:35+00:00,2026-02-24 14:25:35+00:00,6.285714285714286,4.0,2.0,1.0,0.000615158102372236,0.0,0.0,7.0,2.0,0.0,0.0035849800071748403,0.0,2.0,0.09090909090909091,0.0,True,False,False,False,0,False,False,True
0xc5ecfa3a3631bea71fcd20e9ec643d7b920e0b5b,5.0,0.0,0.0,5.0,2.0,0.000347392035130919,2294207.159084,2025-11-11 13:13:35+00:00,2026-01-17 21:03:11+00:00,1.0,23.0,11.0,7.0,0.000527397681024962,5.0,0.000135692425940535,0.0,0.0,0.0,0.0,0.0,2.090909090909091,4.6,1.0,False,False,False,False,0,False,False,False
0xc67f2f594371fc6a4ec19d5c33a431713d4f79c3,3.0,0.0,0.0,2.0,1.0,0.000403350368262396,200542.448889,2026-01-05 07:23:11+00:00,2026-01-06 14:30:59+00:00,1.5,20.0,7.0,2.0,0.001806761115687274,6.0,0.000315445222854333,0.0,0.0,0.0,0.0,0.0,2.857142857142857,6.666666666666667,2.0,False,False,False,False,0,False,False,False
0xc698fa8b2da55e0181b6e7d6753e0e229b4e9130,3.0,0.0,0.0,3.0,2.0,0.000296348961940886,402050.0,2025-11-08 05:46:11+00:00,2026-02-06 15:30:59+00:00,1.0,0.0,0.0,0.0,0.0,0.0,0.0,1.0,0.0,0.0,0.0,0.0,0.0,0.0,0.0,False,False,False,False,0,False,False,False
0xc6a58b4052ecc5ccbbb9d3eaa789b78dbf5e8fe5,1.0,0.0,0.0,1.0,1.0,0.00023791249210606,232.0,2025-11-21 09:09:35+00:00,2025-11-21 09:09:35+00:00,1.0,0.0,0.0,0.0,0.0,0.0,0.0,1.0,1.0,0.0,0.000240269932774487,0.0,0.0,0.0,0.0,False,False,False,False,0,False,False,False
0xc6db128f6ab5c6f2205d45f5ece8afcf7171c0f2,44.0,0.0,0.0,21.0,4.0,0.005735333526515952,12126.593271,2025-11-04 19:29:47+00:00,2026-02-28 07:47:23+00:00,2.0952380952380953,16.0,8.0,2.0,0.00032649676219457,0.0,0.0,3.0,1.0,0.0,0.000997617545794655,0.0,2.0,0.36363636363636365,0.0,True,False,False,False,0,False,False,True
0xc72d504f32b09bb0cea2b3f5b8d9a93d62c3699a,1.0,0.0,0.0,1.0,1.0,0.000333213258989471,22883.818139,2025-11-07 10:43:59+00:00,2025-11-07 10:43:59+00:00,1.0,2.0,2.0,2.0,0.0009179929016770949,1.0,0.00016955562100248,0.0,2.0,0.0,0.000196617931578496,0.000196617931578496,1.0,2.0,1.0,False,False,False,False,0,False,False,False
0xc7561b3281f69cde0a6969595f8eac3074199680,3.0,0.0,0.0,3.0,2.0,0.000672575976509424,532.490657,2025-11-20 12:02:59+00:00,2026-02-10 08:20:59+00:00,1.0,1.0,1.0,1.0,0.000102999948926535,1.0,0.000102999948926535,0.0,2.0,0.0,0.000240327445058483,0.000240327445058483,1.0,0.3333333333333333,0.3333333333333333,False,False,False,False,0,False,False,False
0xc756eae1a5cb10c4d77c68436d8088c12e357f7b,1.0,0.0,0.0,1.0,1.0,0.000463142216282625,269998.91,2026-02-06 01:15:23+00:00,2026-02-06 01:15:23+00:00,1.0,1.0,1.0,1.0,0.000293198596698692,1.0,0.000293198596698692,0.0,1.0,0.0,0.001235328169038175,0.0,1.0,1.0,1.0,False,False,False,False,0,False,False,False
0xc76755553d217621e357d0616833fb4ba937a6eb,5.0,0.0,0.0,4.0,2.0,0.001554587001965504,85722.085369,2025-12-09 16:48:59+00:00,2026-01-31 17:04:47+00:00,1.25,1.0,1.0,1.0,0.000199088279093966,1.0,0.000199088279093966,2.0,2.0,0.0,0.0009607119540786101,0.0,1.0,0.2,0.2,False,False,False,False,0,False,False,False
0xc78683cf7fbea8cb0813e2a22219392279ba3484,1.0,0.0,0.0,1.0,1.0,4.401901814904e-06,13300.34,2025-12-29 02:42:23+00:00,2025-12-29 02:42:23+00:00,1.0,2.0,1.0,2.0,1.4064572148188e-05,1.0,2.137334553876e-06,0.0,0.0,0.0,0.0,0.0,2.0,2.0,1.0,False,False,False,False,0,False,False,False
0xc79b6416bd17446f930d32a7b78cf60d35a12be7,5.0,1.0,0.0,4.0,2.0,0.000674444534156626,37728403.336015,2025-11-14 00:26:59+00:00,2026-02-15 16:15:59+00:00,1.25,0.0,0.0,0.0,0.0,0.0,0.0,2.0,2.0,0.0,0.00143834906865316,0.0,0.0,0.0,0.0,False,False,False,False,0,False,False,False
0xc7c96ddab5371d2b0b24788e24d8d61e15d97ed2,1.0,0.0,0.0,1.0,1.0,5.639030704549e-06,99768.009966,2026-01-20 07:59:35+00:00,2026-01-20 07:59:35+00:00,1.0,1.0,1.0,1.0,2.712991015575e-06,1.0,2.712991015575e-06,0.0,0.0,0.0,0.0,0.0,1.0,1.0,1.0,False,False,False,False,0,False,False,False
0xc7d4f638c2d086ca4e076b860891ea8f90bff1cd,1.0,0.0,0.0,1.0,1.0,0.000225663657640295,10000.0,2025-11-02 18:42:35+00:00,2025-11-02 18:42:35+00:00,1.0,1.0,1.0,1.0,0.000101933009834337,1.0,0.000101933009834337,0.0,0.0,0.0,0.0,0.0,1.0,1.0,1.0,False,False,False,False,0,False,False,False
0xc80a6e0ae79867a042568d7171e6192875c1e9ed,3.0,0.0,0.0,3.0,2.0,0.000193882950370798,1301542.978315,2025-11-09 03:28:47+00:00,2026-01-05 10:19:23+00:00,1.0,9.0,7.0,6.0,0.00023296042151252502,3.0,7.8977737348687e-05,1.0,0.0,0.0,0.0,0.0,1.2857142857142858,3.0,1.0,False,False,False,False,0,False,False,False
0xc88f0ca79e56aeea7085197ef27968a552a0cb59,1.0,0.0,0.0,1.0,1.0,4.306318553637e-06,13399.694244,2025-12-25 03:10:11+00:00,2025-12-25 03:10:11+00:00,1.0,2.0,1.0,2.0,1.4274939951555e-05,1.0,1.916394380834e-06,0.0,0.0,0.0,0.0,0.0,2.0,2.0,1.0,False,False,False,False,0,False,False,False
0xc8d1f101958353df7380beb273d8739e2dac5b69,1.0,0.0,0.0,1.0,1.0,6.749648788366e-06,50247.107807,2026-02-23 10:47:47+00:00,2026-02-23 10:47:47+00:00,1.0,4.0,1.0,4.0,0.000350569218847664,1.0,3.694118341508e-06,0.0,0.0,0.0,0.0,0.0,4.0,4.0,1.0,False,False,False,False,0,False,False,False
0xc8e694a8c6f34a36703005df72e53fe67cf17145,1.0,0.0,0.0,1.0,1.0,0.000228537518078639,99257.397857,2026-01-21 13:17:47+00:00,2026-01-21 13:17:47+00:00,1.0,3.0,3.0,3.0,0.000223924246711103,2.0,0.00021783972990632,1.0,1.0,0.0,0.000432676717656455,0.0,1.0,3.0,2.0,False,False,False,False,0,False,False,False
0xc8f5392f3151de5a560d84a9c2c916e287df5716,6.0,0.0,0.0,2.0,1.0,0.0018351145815988842,1121522.383766,2025-11-07 07:13:47+00:00,2025-11-18 07:35:35+00:00,3.0,12.0,5.0,4.0,0.001801281149785322,4.0,0.000544889672543024,1.0,0.0,0.0,0.0,0.0,2.4,2.0,0.6666666666666666,False,False,False,False,0,False,False,False
0xc904b97de2a3ef2a5eb83e73f29fc1c103c8f478,1.0,0.0,0.0,1.0,1.0,7.847909718575e-06,4000.0,2025-12-31 06:21:47+00:00,2025-12-31 06:21:47+00:00,1.0,3.0,2.0,2.0,3.296787592184e-05,3.0,3.296787592184e-05,2.0,3.0,1.0,0.0002167377907898,8.6338111819139e-05,1.5,3.0,3.0,False,False,False,False,0,False,False,False
0xc90675b739ede16734a4ac26fd14cd705b226ddd,1.0,0.0,0.0,1.0,1.0,0.000246431464524735,15000.0,2026-01-13 13:46:11+00:00,2026-01-13 13:46:11+00:00,1.0,14.0,6.0,4.0,0.011040771553284656,1.0,0.000118285002022738,0.0,0.0,0.0,0.0,0.0,2.3333333333333335,14.0,1.0,False,False,False,False,0,False,False,False
0xc915e148ce79101b12249a98e755caf36581084d,1.0,0.0,0.0,1.0,1.0,1.230375067172e-05,8899.54,2026-01-28 13:31:11+00:00,2026-01-28 13:31:11+00:00,1.0,0.0,0.0,0.0,0.0,0.0,0.0,1.0,0.0,0.0,0.0,0.0,0.0,0.0,0.0,False,False,False,False,0,False,False,False
0xc94a3ff0bac12eeb9ff0cc4e08511e1ffad6ba94,3.0,0.0,0.0,2.0,1.0,0.0009684418451975489,2273410.736915,2026-02-04 13:28:35+00:00,2026-02-05 22:20:59+00:00,1.5,0.0,0.0,0.0,0.0,0.0,0.0,1.0,2.0,0.0,0.00452991655565596,0.0,0.0,0.0,0.0,False,False,False,False,0,False,False,False
0xc96b8fcd414d386516c13ca77a5fa27569a5b861,1.0,0.0,0.0,1.0,1.0,5.522677550484e-06,39020.0,2025-12-18 10:24:59+00:00,2025-12-18 10:24:59+00:00,1.0,3.0,1.0,3.0,1.1901211274862e-05,1.0,2.64329446681e-06,0.0,0.0,0.0,0.0,0.0,3.0,3.0,1.0,False,False,False,False,0,False,False,False
0xc992a05d57748d88ea5eafff0ee48962d08063b0,1.0,0.0,0.0,1.0,1.0,0.000228240035084985,200000.0,2026-02-15 10:31:59+00:00,2026-02-15 10:31:59+00:00,1.0,5.0,2.0,3.0,0.000456864129003173,1.0,9.9212867670663e-05,0.0,0.0,0.0,0.0,0.0,2.5,5.0,1.0,False,False,False,False,0,False,False,False
0xc9afb47726ec30da296cc4c033ec59440e8cb169,1.0,0.0,0.0,1.0,1.0,2.1024243203832e-05,6135.36393,2025-11-12 11:15:11+00:00,2025-11-12 11:15:11+00:00,1.0,1.0,1.0,1.0,8.874701149076e-06,1.0,8.874701149076e-06,2.0,4.0,2.0,0.000231796875349154,0.0,1.0,1.0,1.0,False,False,False,False,0,False,False,False
0xc9da44904ad04019676319598cfbb9dabd69817e,5.0,0.0,0.0,3.0,3.0,0.001281913467547056,20000000.0,2025-11-07 15:15:59+00:00,2026-01-01 19:24:59+00:00,1.6666666666666667,5.0,3.0,2.0,0.0006969342214437819,5.0,0.0006969342214437819,8.0,2.0,0.0,0.001830924357937905,0.0,1.6666666666666667,1.0,1.0,False,False,False,False,0,False,False,False
0xca411f8a30fdac0850d2a2da86c4ac1783630932,2.0,0.0,0.0,2.0,2.0,0.000147790903821416,462538.10112899996,2025-12-10 09:02:59+00:00,2026-01-25 03:54:11+00:00,1.0,29.0,8.0,11.0,0.002908594731175118,2.0,6.650116103124e-05,0.0,1.0,1.0,5.2327108724755004e-05,5.2327108724755004e-05,3.625,14.5,1.0,False,False,False,False,0,False,False,False
0xca5c2e770f483591c6c8894a105546f1bb133f07,2.0,0.0,0.0,2.0,1.0,0.00046324282269404,20756.9,2026-01-25 20:37:47+00:00,2026-01-27 19:11:59+00:00,1.0,11.0,5.0,8.0,0.00628819941692087,2.0,0.00020450864860367598,0.0,0.0,0.0,0.0,0.0,2.2,5.5,1.0,False,False,False,False,0,False,False,False
0xca683d23096f181201b35319f19bbb14751f270e,1.0,0.0,0.0,1.0,1.0,0.000247199947328689,50.0,2026-01-12 16:57:35+00:00,2026-01-12 16:57:35+00:00,1.0,8.0,5.0,5.0,0.001590567206555084,1.0,0.0001202302276445,0.0,0.0,0.0,0.0,0.0,1.6,8.0,1.0,False,False,False,False,0,False,False,False
0xca6c1223622d0a0d2d77ec646b1cbc81e1539d7e,2.0,0.0,0.0,2.0,1.0,2.7001620165696e-05,899200.944926,2026-01-21 04:38:59+00:00,2026-01-22 14:30:47+00:00,1.0,2.0,2.0,1.0,1.137125771622e-05,2.0,1.137125771622e-05,0.0,0.0,0.0,0.0,0.0,1.0,1.0,1.0,False,False,False,False,0,False,False,False
0xca7bf17a80009928547bb0392ee279d03561d9e1,1.0,0.0,0.0,1.0,1.0,0.0002148952668043,1.0,2025-11-10 07:42:47+00:00,2025-11-10 07:42:47+00:00,1.0,1.0,1.0,1.0,0.000103594893240098,1.0,0.000103594893240098,0.0,0.0,0.0,0.0,0.0,1.0,1.0,1.0,False,False,False,False,0,False,False,False
0xca8394e615551a79edc654f685595bd58b2f4057,5.0,2.0,0.0,3.0,2.0,0.000817882500008555,19600.197935,2026-01-03 11:37:11+00:00,2026-02-05 23:14:23+00:00,1.6666666666666667,1.0,1.0,1.0,5.2754498180352e-05,1.0,5.2754498180352e-05,1.0,1.0,0.0,7.6353575351199e-05,0.0,1.0,0.2,0.2,False,False,False,False,0,False,False,False
0xca933d146e4aa74908df8f21f9e17ed6edfa6b6c,3.0,1.0,0.0,3.0,3.0,0.000537641716304029,402362.224689,2025-11-15 11:14:59+00:00,2026-02-02 17:25:11+00:00,1.0,15.0,5.0,8.0,0.0008864269209663031,0.0,0.0,1.0,1.0,0.0,0.000124172882412561,0.0,3.0,5.0,0.0,False,False,False,False,0,False,False,False
0xcaa22e27f8cf72def868b2b1b440e567432077c1,1.0,0.0,0.0,1.0,1.0,4.581418096927e-06,107399.243978,2025-12-16 12:27:35+00:00,2025-12-16 12:27:35+00:00,1.0,1.0,1.0,1.0,2.222817426666e-06,1.0,2.222817426666e-06,0.0,0.0,0.0,0.0,0.0,1.0,1.0,1.0,False,False,False,False,0,False,False,False
0xcac0eb798903ffe73ab1776da3174e6e40e721c6,12.0,3.0,0.0,1.0,1.0,0.006156450216315678,40982.683640999996,2025-11-07 09:58:11+00:00,2025-11-07 14:03:35+00:00,12.0,2.0,2.0,2.0,0.000309203933475965,0.0,0.0,24.0,2.0,0.0,0.0028313050153582963,0.0,1.0,0.16666666666666666,0.0,False,False,False,False,0,False,False,False
0xcadc123e45716369295570940d831a30bcf6cdc3,1.0,0.0,0.0,1.0,1.0,0.000137281839851457,20.0,2025-11-14 19:58:59+00:00,2025-11-14 19:58:59+00:00,1.0,1.0,1.0,1.0,7.3752143589384e-05,1.0,7.3752143589384e-05,0.0,0.0,0.0,0.0,0.0,1.0,1.0,1.0,False,False,False,False,0,False,False,False
0xcaf27569b957e616ac70b7bf7bac13e314fec73f,4.0,0.0,0.0,1.0,1.0,0.000314443405950787,1000.0,2026-01-16 04:04:47+00:00,2026-01-16 04:25:59+00:00,4.0,56.0,10.0,38.0,0.005438819034168582,4.0,0.000131923425350158,0.0,6.0,0.0,0.000255532677340654,0.000255532677340654,5.6,14.0,1.0,False,False,False,False,0,False,False,False
0xcaf73c67336ca76e4130d375cc0b4b0345a1b669,1.0,0.0,0.0,1.0,1.0,0.000202458895940925,300000.0,2025-11-15 03:26:59+00:00,2025-11-15 03:26:59+00:00,1.0,3.0,1.0,3.0,0.00050287074086327,1.0,0.00011905966013196,1.0,0.0,0.0,0.0,0.0,3.0,3.0,1.0,False,False,False,False,0,False,False,False
0xcb3194a9d7069e24878b12a0bd8a0fa2e5494af4,1.0,0.0,0.0,1.0,1.0,0.001198905625887525,20185.234264,2025-11-04 19:01:11+00:00,2025-11-04 19:01:11+00:00,1.0,1.0,1.0,1.0,0.00047827671248697,1.0,0.00047827671248697,0.0,1.0,0.0,3.4826493613452e-05,0.0,1.0,1.0,1.0,False,False,False,False,0,False,False,False
0xcb4a7b790edb7fa3e2731efd7ed85275f92fc74a,4.0,4.0,0.0,1.0,1.0,0.002706016299559326,2648990.121904,2025-11-04 07:39:35+00:00,2025-11-04 08:23:47+00:00,4.0,15.0,6.0,6.0,0.004059758213610007,1.0,0.000124959879627388,3.0,3.0,0.0,0.001176168181385132,0.0,2.5,3.75,0.25,False,False,False,False,0,False,False,False
0xcb64849c8018f396378389a5f9f4e63561551394,3.0,0.0,0.0,3.0,2.0,6.3821950529799e-05,97305.402332,2025-11-06 04:00:35+00:00,2026-01-25 06:04:23+00:00,1.0,2.0,2.0,1.0,1.2242339614191999e-05,2.0,1.2242339614191999e-05,1.0,1.0,0.0,0.000151979624861235,0.0,1.0,0.6666666666666666,0.6666666666666666,False,False,False,False,0,False,False,False
0xcb75004bd012df0f4fb6ead5c860c713e1683f47,1.0,0.0,0.0,1.0,1.0,1.3978746447362e-05,7193.28,2025-12-14 15:08:23+00:00,2025-12-14 15:08:23+00:00,1.0,1.0,1.0,1.0,6.478932446595e-06,1.0,6.478932446595e-06,0.0,0.0,0.0,0.0,0.0,1.0,1.0,1.0,False,False,False,False,0,False,False,False
0xcb7ec02f4e90457ab7317596a679152e92c9569f,1.0,0.0,0.0,1.0,1.0,0.000573349444737165,30198.134139,2025-11-21 08:22:47+00:00,2025-11-21 08:22:47+00:00,1.0,1.0,1.0,1.0,0.000287482886003036,1.0,0.000287482886003036,0.0,0.0,0.0,0.0,0.0,1.0,1.0,1.0,False,False,False,False,0,False,False,False
0xcbe942516ae7687d80a5ff94f8f9a203be800713,1.0,0.0,0.0,1.0,1.0,0.000226159096031078,1000000.0,2025-12-26 18:21:35+00:00,2025-12-26 18:21:35+00:00,1.0,2.0,2.0,2.0,0.00090551328919009,1.0,0.00011286953617363,0.0,0.0,0.0,0.0,0.0,1.0,2.0,1.0,False,False,False,False,0,False,False,False
0xcc1c88520bd6a8f9fbef6094f790ca0103dc225a,3.0,0.0,0.0,3.0,2.0,4.2804924564288e-05,82535.271111,2026-01-25 19:09:35+00:00,2026-02-13 18:17:23+00:00,1.0,5.0,4.0,4.0,0.000948501985267282,2.0,0.000111409740710616,0.0,1.0,0.0,6.4080854675337e-05,6.4080854675337e-05,1.25,1.6666666666666667,0.6666666666666666,False,False,False,False,0,False,False,False
0xcc20b66a3d65646732a4e8a46d84ba760d6635d3,2.0,0.0,0.0,2.0,2.0,2.4807758713405e-05,697372.6011600001,2025-11-14 04:02:35+00:00,2026-01-30 08:17:23+00:00,1.0,12.0,10.0,5.0,0.00219706601399095,1.0,5.982108152632e-06,1.0,0.0,0.0,0.0,0.0,1.2,6.0,0.5,False,False,False,False,0,False,False,False
0xcc2ed9b71879e634fea4cb70a800378f20336786,3.0,0.0,0.0,3.0,2.0,1.6379677483379e-05,24932.072162,2025-12-30 05:42:35+00:00,2026-02-01 08:18:11+00:00,1.0,8.0,4.0,3.0,0.000315306746769659,2.0,5.860211269574001e-06,0.0,1.0,0.0,1.742705854044e-06,1.742705854044e-06,2.0,2.6666666666666665,0.6666666666666666,False,False,False,False,0,False,False,False
0xcc3f364277ee8ea3aa7281288103b5e3fc7341fe,3.0,0.0,0.0,1.0,1.0,0.000897426717022374,138054.67,2026-02-02 00:35:11+00:00,2026-02-02 12:29:23+00:00,3.0,2.0,2.0,2.0,0.000135630044200179,1.0,0.000104708208504204,0.0,0.0,0.0,0.0,0.0,1.0,0.6666666666666666,0.3333333333333333,False,False,False,False,0,False,False,False
0xcc6366d2e44cfdba2681f0aeb45d4011cd355633,10.0,0.0,0.0,2.0,1.0,0.002251904170997014,10399.514098,2025-11-01 16:50:59+00:00,2025-11-02 15:24:35+00:00,5.0,0.0,0.0,0.0,0.0,0.0,0.0,1.0,1.0,0.0,5.1445769279737e-05,0.0,0.0,0.0,0.0,False,False,False,False,0,False,False,False
0xccaaae783d71dd2ed9b4e7e3443c2853f8572c85,2.0,0.0,0.0,2.0,1.0,0.000294959941865592,700.0,2025-11-07 18:09:47+00:00,2025-11-21 01:30:35+00:00,1.0,8.0,2.0,4.0,0.000281346080773834,1.0,0.000121601577633903,0.0,0.0,0.0,0.0,0.0,4.0,4.0,0.5,False,False,False,False,0,False,False,False
0xccb12611039c7cd321c0f23043c841f1d97287a5,1.0,0.0,0.0,1.0,1.0,6.1531164305964e-05,3652814.572562,2025-11-14 03:49:35+00:00,2025-11-14 03:49:35+00:00,1.0,1.0,1.0,1.0,3.5737381055068e-05,1.0,3.5737381055068e-05,10.0,0.0,0.0,0.0,0.0,1.0,1.0,1.0,False,False,False,False,0,False,False,False
0xccce42d5248ab0c57c03ba6e6fd7633783ba2ac3,1.0,0.0,0.0,1.0,1.0,0.00032500747590615,524.955094,2025-11-13 20:09:11+00:00,2025-11-13 20:09:11+00:00,1.0,1.0,1.0,1.0,0.000121384811993756,1.0,0.000121384811993756,2.0,1.0,0.0,5.4925719596155e-05,0.0,1.0,1.0,1.0,False,False,False,False,0,False,False,False
0xccd917241ae046cee7e56559dd195d35aea5946e,1.0,0.0,0.0,1.0,1.0,4.583860466108e-06,10026.351064,2026-02-23 07:22:11+00:00,2026-02-23 07:22:11+00:00,1.0,3.0,1.0,2.0,1.8358340181044998e-05,1.0,2.355414428858e-06,0.0,1.0,0.0,2.780426723005e-06,2.780426723005e-06,3.0,3.0,1.0,False,False,False,False,0,False,False,False
0xccdca4ae2a1e9c57aa8991978ea969054f9ba099,2.0,0.0,0.0,2.0,1.0,0.000575694275662549,25452.582565999997,2025-11-14 14:42:23+00:00,2025-11-17 07:23:47+00:00,1.0,1.0,1.0,1.0,0.000216083846363166,1.0,0.000216083846363166,3.0,0.0,0.0,0.0,0.0,1.0,0.5,0.5,False,False,False,False,0,False,False,False
0xcce538aab94a6ea14b51a5b71fdebdf50763c792,1.0,0.0,0.0,1.0,1.0,0.000221766622038242,10.0,2026-02-09 18:37:47+00:00,2026-02-09 18:37:47+00:00,1.0,2.0,1.0,2.0,0.00024751870811748203,1.0,0.000125221855903852,0.0,2.0,0.0,0.000139400211426423,0.000139400211426423,2.0,2.0,1.0,False,False,False,False,0,False,False,False
0xcd56bf16b1bb4df016134a2fad492dbb1940ab06,3.0,0.0,0.0,3.0,2.0,8.742673474458e-06,24533.008353999998,2025-12-05 20:12:11+00:00,2026-02-08 05:38:59+00:00,1.0,0.0,0.0,0.0,0.0,0.0,0.0,1.0,0.0,0.0,0.0,0.0,0.0,0.0,0.0,False,False,False,False,0,False,False,False
0xcd93c3c39dbdf526a5cb8ab02903a9a245ac18eb,1.0,0.0,0.0,1.0,1.0,0.000200674182201402,119715.398113,2026-01-05 17:32:47+00:00,2026-01-05 17:32:47+00:00,1.0,5.0,3.0,5.0,0.000987353620974669,0.0,0.0,1.0,0.0,0.0,0.0,0.0,1.6666666666666667,5.0,0.0,False,False,False,False,0,False,False,False
0xcda591ea7c25ee88bb12fe32a1eca9fc01722b94,1.0,0.0,0.0,1.0,1.0,0.000564546604857324,80000.0,2025-11-07 16:46:23+00:00,2025-11-07 16:46:23+00:00,1.0,5.0,4.0,3.0,0.000895780023084256,1.0,0.000271445848106614,0.0,0.0,0.0,0.0,0.0,1.25,5.0,1.0,False,False,False,False,0,False,False,False
0xcdb440b09d6d09ab00b4e82f8dd639182441ed4a,1.0,1.0,0.0,1.0,1.0,0.000308288663644059,15400.339853,2026-01-27 22:52:35+00:00,2026-01-27 22:52:35+00:00,1.0,2.0,2.0,2.0,9.6023140862172e-05,1.0,4.1179363783872e-05,2.0,3.0,0.0,0.0015948195896271261,0.0,1.0,2.0,1.0,False,False,False,False,0,False,False,False
0xcdd2765d4fbc9700c66ff3bf509cbd11a5acd0b8,1.0,0.0,0.0,1.0,1.0,2.638422299648e-06,800.071627,2025-12-06 05:03:47+00:00,2025-12-06 05:03:47+00:00,1.0,28.0,20.0,10.0,0.000706449527284107,1.0,1.108041861501e-06,0.0,0.0,0.0,0.0,0.0,1.4,28.0,1.0,False,False,False,False,0,False,False,False
0xcdd681467221379db0caa005fbfb5c899384aaa2,10.0,9.0,0.0,9.0,3.0,0.005828583186853169,243335.156719,2025-11-03 23:07:11+00:00,2026-02-23 01:22:11+00:00,1.1111111111111112,1.0,1.0,1.0,0.000293509065549071,0.0,0.0,0.0,2.0,0.0,0.001683249352210914,0.0,1.0,0.1,0.0,False,False,False,False,0,False,False,False
0xcddd9bb51d960b35601043677138fc9d859dbb31,1.0,0.0,0.0,1.0,1.0,1.3918449014945e-05,6.296819,2026-02-28 14:43:59+00:00,2026-02-28 14:43:59+00:00,1.0,1.0,1.0,1.0,7.509770630462e-06,1.0,7.509770630462e-06,0.0,0.0,0.0,0.0,0.0,1.0,1.0,1.0,False,False,False,False,0,False,False,False
0xcdf6c7d3cbcc9d987295cf83e2241fd38473e845,1.0,0.0,0.0,1.0,1.0,9.046991935415e-06,28012.614163,2025-11-01 03:04:35+00:00,2025-11-01 03:04:35+00:00,1.0,1.0,1.0,1.0,4.17092566302e-06,1.0,4.17092566302e-06,0.0,0.0,0.0,0.0,0.0,1.0,1.0,1.0,False,False,False,False,0,False,False,False
0xce2303ed3c6cff8b6f35056772df63968f3e8c6f,1.0,0.0,0.0,1.0,1.0,3.646078063937e-06,0.969551,2025-12-27 02:22:23+00:00,2025-12-27 02:22:23+00:00,1.0,1.0,1.0,1.0,1.767082662224e-06,1.0,1.767082662224e-06,0.0,0.0,0.0,0.0,0.0,1.0,1.0,1.0,False,False,False,False,0,False,False,False
0xce27283c276f4aa7a7e302b24bfea7668e264877,1.0,0.0,0.0,1.0,1.0,4.896388368944e-06,6111328.068783,2025-11-30 21:14:23+00:00,2025-11-30 21:14:23+00:00,1.0,3.0,3.0,3.0,0.000138792145610218,2.0,0.00013673203798114902,2.0,1.0,0.0,2.6767336302471e-05,0.0,1.0,3.0,2.0,False,False,False,False,0,False,False,False
0xcea774df34c3955260472a1c14fdd6fd48f31595,3.0,0.0,0.0,3.0,1.0,0.000666600355365545,101366.0,2025-11-10 22:23:23+00:00,2025-11-13 01:42:59+00:00,1.0,5.0,4.0,3.0,0.002527803442149336,1.0,0.000139362272854912,0.0,1.0,0.0,1.983428968075e-06,1.983428968075e-06,1.25,1.6666666666666667,0.3333333333333333,False,False,False,False,0,False,False,False
0xcec0fc02254026466b30fadf727b632bb5b17f6d,1.0,0.0,0.0,1.0,1.0,1.380015e-05,11459.095741,2025-12-11 21:41:59+00:00,2025-12-11 21:41:59+00:00,1.0,0.0,0.0,0.0,0.0,0.0,0.0,5.0,0.0,0.0,0.0,0.0,0.0,0.0,0.0,False,False,False,False,0,False,False,False
0xcec34eab1143ebef37e6316834121a6562394ebc,1.0,0.0,0.0,1.0,1.0,7.0068889429e-06,28199.64674,2026-01-17 02:35:11+00:00,2026-01-17 02:35:11+00:00,1.0,1.0,1.0,1.0,3.669750081068e-06,1.0,3.669750081068e-06,0.0,1.0,0.0,3.792822e-05,0.0,1.0,1.0,1.0,False,False,False,False,0,False,False,False
0xcecf41abfa515a7280d66c80d019e43fddddac45,1.0,0.0,0.0,1.0,1.0,3.642828680313e-06,692.82528,2026-01-11 10:20:11+00:00,2026-01-11 10:20:11+00:00,1.0,1.0,1.0,1.0,1.69699532264e-06,1.0,1.69699532264e-06,0.0,0.0,0.0,0.0,0.0,1.0,1.0,1.0,False,False,False,False,0,False,False,False
0xcee11e37c99f601537f9896ecc0633f3a30787d8,1.0,0.0,0.0,1.0,1.0,4.130648469947e-06,10000.0,2026-01-25 10:25:35+00:00,2026-01-25 10:25:35+00:00,1.0,1.0,1.0,1.0,1.788027006534e-06,1.0,1.788027006534e-06,0.0,0.0,0.0,0.0,0.0,1.0,1.0,1.0,False,False,False,False,0,False,False,False
0xcefa7cef822150dd5fe96328d49b4c32ba9e666b,2.0,0.0,0.0,1.0,1.0,3.0129057425951e-05,350245.019481,2026-01-28 03:57:59+00:00,2026-01-28 04:14:35+00:00,2.0,6.0,5.0,3.0,0.000217919683026737,2.0,1.3990284540282e-05,0.0,1.0,0.0,1.3656747456213e-05,1.3656747456213e-05,1.2,3.0,1.0,False,False,False,False,0,False,False,False
0xcefe83811ed89bb35e5224314885aeccf00298ac,5.0,0.0,0.0,5.0,4.0,0.000785062948813632,4505955.910972,2025-11-08 03:50:23+00:00,2026-02-09 15:17:11+00:00,1.0,3.0,3.0,2.0,0.0035369718877555608,1.0,9.4889076122223e-05,0.0,2.0,1.0,0.00045520943580756304,0.0,1.0,0.6,0.2,False,False,False,False,0,False,False,False
0xcf29672b54791b36b5eb854b6ea1c565be961c53,1.0,0.0,0.0,1.0,1.0,0.000135303371088446,498998.302598,2026-01-30 18:11:35+00:00,2026-01-30 18:11:35+00:00,1.0,3.0,2.0,2.0,0.000114272635175776,2.0,0.00011133039933784,0.0,0.0,0.0,0.0,0.0,1.5,3.0,2.0,False,False,False,False,0,False,False,False
0xcf72583d438e0dd8e9ac685d6f6d87a0c30e44d6,1.0,0.0,0.0,1.0,1.0,6.259596608283e-06,7000.0,2026-01-12 02:03:23+00:00,2026-01-12 02:03:23+00:00,1.0,6.0,2.0,4.0,3.0946253035821e-05,1.0,2.24568000763e-06,0.0,0.0,0.0,0.0,0.0,3.0,6.0,1.0,False,False,False,False,0,False,False,False
0xcfe3ecb048bac5a8aa37e5070eb6240dc534397c,1.0,0.0,0.0,1.0,1.0,3.322643141519e-06,1.0,2025-12-18 06:18:35+00:00,2025-12-18 06:18:35+00:00,1.0,6.0,4.0,3.0,7.1824344138815e-05,1.0,1.525657936311e-06,0.0,1.0,0.0,1.758394919714e-06,1.758394919714e-06,1.5,6.0,1.0,False,False,False,False,0,False,False,False
0xd057a4cb09e5e1a9f743bcba14ba4cf74a0ab90a,2.0,0.0,0.0,2.0,2.0,0.00025619863471931,82000.0,2026-01-06 16:48:23+00:00,2026-02-16 08:53:23+00:00,1.0,1.0,1.0,1.0,6.56294736185e-06,0.0,0.0,1.0,0.0,0.0,0.0,0.0,1.0,0.5,0.0,False,False,False,False,0,False,False,False
0xd07ca8c3aae604194ea0cd583353b4dd534bd402,1.0,0.0,0.0,1.0,1.0,0.000193771978328838,40000.0,2026-01-08 06:24:35+00:00,2026-01-08 06:24:35+00:00,1.0,3.0,1.0,2.0,0.000291036814898562,0.0,0.0,14.0,3.0,0.0,0.001087097810081575,0.0,3.0,3.0,0.0,False,False,False,False,0,False,False,False
0xd0c92fbd47a9e23faeed08b7cb1495690f6d0919,1.0,0.0,0.0,1.0,1.0,1.8872363724284e-05,99470.000993,2026-02-10 07:14:23+00:00,2026-02-10 07:14:23+00:00,1.0,1.0,1.0,1.0,7.85826256911e-06,1.0,7.85826256911e-06,0.0,0.0,0.0,0.0,0.0,1.0,1.0,1.0,False,False,False,False,0,False,False,False
0xd10f000b9daf76d38d1838eaf4386d24979c3c5b,1.0,0.0,0.0,1.0,1.0,5.23189795839e-06,5.0,2026-02-15 07:43:23+00:00,2026-02-15 07:43:23+00:00,1.0,2.0,2.0,2.0,3.674205463407e-06,1.0,2.485178353626e-06,0.0,0.0,0.0,0.0,0.0,1.0,2.0,1.0,False,False,False,False,0,False,False,False
0xd11169c61fe610445fa890c979cf9a4f5730175e,1.0,0.0,0.0,1.0,1.0,4.9259445548204e-05,1349.82912,2025-11-07 21:50:35+00:00,2025-11-07 21:50:35+00:00,1.0,2.0,1.0,1.0,3.955823277551e-05,2.0,3.955823277551e-05,0.0,0.0,0.0,0.0,0.0,2.0,2.0,2.0,False,False,False,False,0,False,False,False
0xd115ab5b013f211fdfec73674785ba2239e95a7b,2.0,0.0,0.0,2.0,1.0,1.7854864199554002e-05,3000.0,2026-01-27 08:18:47+00:00,2026-01-30 08:08:47+00:00,1.0,6.0,6.0,6.0,0.00011808335710831899,2.0,8.424313820812001e-06,0.0,0.0,0.0,0.0,0.0,1.0,3.0,1.0,False,False,False,False,0,False,False,False
0xd1177558b645e063f38af09ae9454cb3786bb9e0,2.0,0.0,0.0,2.0,1.0,0.006337184586745111,46889.872052000006,2025-11-01 16:30:35+00:00,2025-11-03 16:17:23+00:00,1.0,0.0,0.0,0.0,0.0,0.0,0.0,4.0,1.0,0.0,0.001500721110735565,0.0,0.0,0.0,0.0,False,False,False,False,0,False,False,False
0xd126d38f4735701baa1ba6fe76d2f3a454b21ba6,6.0,0.0,0.0,3.0,1.0,0.0006136906106917501,31012.143653,2026-02-10 04:11:59+00:00,2026-02-19 10:05:35+00:00,2.0,3.0,3.0,2.0,8.7709040788624e-05,2.0,8.341674708019399e-05,0.0,1.0,0.0,3.020940025019e-06,3.020940025019e-06,1.0,0.5,0.3333333333333333,False,False,False,False,0,False,False,False
0xd12945ed4d5c6b37b54aaa478c4d14af0d8add03,1.0,0.0,0.0,1.0,1.0,5.857622914401e-06,99967.009986,2026-01-20 07:59:59+00:00,2026-01-20 07:59:59+00:00,1.0,1.0,1.0,1.0,2.675955058755e-06,1.0,2.675955058755e-06,0.0,0.0,0.0,0.0,0.0,1.0,1.0,1.0,False,False,False,False,0,False,False,False
0xd15cb073cffd4c71e87b0561c9c767b059e5c3ce,1.0,0.0,0.0,1.0,1.0,1.4403819245813e-05,134900.0001,2026-01-23 20:05:35+00:00,2026-01-23 20:05:35+00:00,1.0,2.0,2.0,2.0,0.0032312466640147483,1.0,9.359152627098e-06,0.0,0.0,0.0,0.0,0.0,1.0,2.0,1.0,False,False,False,False,0,False,False,False
0xd20e007881ea62b5922b06d025c9dc1d41962953,5.0,0.0,0.0,4.0,2.0,0.001055428528379667,9252840.999013,2025-11-11 18:33:47+00:00,2026-01-08 01:06:47+00:00,1.25,1.0,1.0,1.0,9.8048385774016e-05,1.0,9.8048385774016e-05,7.0,2.0,0.0,0.000212653864222737,0.000119053011185771,1.0,0.2,0.2,False,False,False,False,0,False,False,False
0xd23c262dcd792cd2a7d964dab5e4ff94ff1d724e,1.0,0.0,0.0,1.0,1.0,0.000227268360246837,96254.51908,2026-02-26 20:05:47+00:00,2026-02-26 20:05:47+00:00,1.0,2.0,1.0,2.0,0.000203120164242783,1.0,0.000102543172271262,0.0,1.0,0.0,0.00011881779915704,0.00011881779915704,2.0,2.0,1.0,False,False,False,False,0,False,False,False
0xd24bdab358289dafe5285290c82758e36f498531,2.0,0.0,0.0,2.0,2.0,0.000385750614831754,221280.0,2025-12-21 02:42:23+00:00,2026-01-05 12:18:59+00:00,1.0,1.0,1.0,1.0,9.9343052216991e-05,0.0,0.0,1.0,0.0,0.0,0.0,0.0,1.0,0.5,0.0,False,False,False,False,0,False,False,False
0xd26e99e8d903c49ed0d663bb160baac06f5b769b,1.0,0.0,0.0,1.0,1.0,0.00020127164102111,8000.0,2026-01-09 23:51:11+00:00,2026-01-09 23:51:11+00:00,1.0,0.0,0.0,0.0,0.0,0.0,0.0,1.0,0.0,0.0,0.0,0.0,0.0,0.0,0.0,False,False,False,False,0,False,False,False
0xd2817ccb611dd0cb412b0d1758af82d72c398b7a,1.0,0.0,0.0,1.0,1.0,1.2981642500575e-05,3005.074616,2025-12-03 11:51:47+00:00,2025-12-03 11:51:47+00:00,1.0,8.0,4.0,3.0,0.000262096549749758,0.0,0.0,3.0,1.0,0.0,9.3654331022628e-05,0.0,2.0,8.0,0.0,False,False,False,False,0,False,False,False
0xd289daaf61b61535d8b0f9a9f5046799880bfdaa,1.0,0.0,0.0,1.0,1.0,6.110466629696e-06,59.945636,2025-11-15 11:56:23+00:00,2025-11-15 11:56:23+00:00,1.0,4.0,3.0,2.0,0.000348034186621022,1.0,4.039234719914e-06,0.0,0.0,0.0,0.0,0.0,1.3333333333333333,4.0,1.0,False,False,False,False,0,False,False,False
0xd293b91d43b9b84257cb6b78f581bdcdb3078996,1.0,0.0,0.0,1.0,1.0,0.000105078537523962,265515.259473,2025-12-04 14:26:23+00:00,2025-12-04 14:26:23+00:00,1.0,4.0,1.0,3.0,0.000218301807703505,1.0,5.7458325801072e-05,0.0,1.0,0.0,5.9238488258461e-05,5.9238488258461e-05,4.0,4.0,1.0,False,False,False,False,0,False,False,False
0xd2b1848f091b3b315ec8dac436a909c9d8a8ff4c,1.0,0.0,0.0,1.0,1.0,8.992655847404e-06,44.802791,2025-11-16 07:37:35+00:00,2025-11-16 07:37:35+00:00,1.0,2.0,1.0,2.0,8.426990015504e-06,1.0,4.443234061938e-06,0.0,0.0,0.0,0.0,0.0,2.0,2.0,1.0,False,False,False,False,0,False,False,False
0xd2cb806b18105e6a2c79a898e4de49723664c706,2.0,0.0,0.0,1.0,1.0,0.000474133641186814,1230687.280128,2026-01-31 04:27:23+00:00,2026-01-31 05:26:47+00:00,2.0,9.0,1.0,7.0,0.001342978146433857,2.0,0.000217810622590328,0.0,1.0,0.0,0.000118814689330335,0.000118814689330335,9.0,4.5,1.0,False,False,False,False,0,False,False,False
0xd2deffe956c02635452c2d56ba4fd0a063186e00,1.0,0.0,0.0,1.0,1.0,0.000103133978399781,2815.776268,2025-12-01 02:46:59+00:00,2025-12-01 02:46:59+00:00,1.0,60.0,26.0,29.0,0.003620794822477573,1.0,4.6279467666468e-05,1.0,2.0,2.0,0.004056841016132581,0.0,2.3076923076923075,60.0,1.0,False,False,False,False,0,False,False,False
0xd2f160a3ce7e6532f193bc45b4ccf1737c1f399c,1.0,0.0,0.0,1.0,1.0,1.2106630527526e-05,100564.0,2026-01-07 09:34:11+00:00,2026-01-07 09:34:11+00:00,1.0,1.0,1.0,1.0,5.821172081055e-06,1.0,5.821172081055e-06,0.0,0.0,0.0,0.0,0.0,1.0,1.0,1.0,False,False,False,False,0,False,False,False
0xd30cc0a1d4e5a642303b85d786766b6be6d50cce,1.0,0.0,0.0,1.0,1.0,0.000226908115705236,5086.668661,2025-11-12 02:53:11+00:00,2025-11-12 02:53:11+00:00,1.0,1.0,1.0,1.0,0.000103100512012542,1.0,0.000103100512012542,0.0,0.0,0.0,0.0,0.0,1.0,1.0,1.0,False,False,False,False,0,False,False,False
0xd310a307fd20d06d757806f77f869c474fff5621,1.0,0.0,0.0,1.0,1.0,0.00023921006695838,45000.0,2026-02-09 09:21:47+00:00,2026-02-09 09:21:47+00:00,1.0,5.0,4.0,4.0,0.0011158804971683,1.0,0.00011529011436019,0.0,0.0,0.0,0.0,0.0,1.25,5.0,1.0,False,False,False,False,0,False,False,False
0xd3222acdfef079d208c7dd70a3604110236606e3,2.0,0.0,0.0,2.0,2.0,0.000239800460794243,120000.0,2025-11-11 21:19:23+00:00,2026-02-03 18:59:23+00:00,1.0,1.0,1.0,1.0,6.083368723197e-06,1.0,6.083368723197e-06,0.0,1.0,0.0,7.8525131221291e-05,7.8525131221291e-05,1.0,0.5,0.5,False,False,False,False,0,False,False,False
0xd3796ebf06186d62e7c79490e9bd286d220110ee,4.0,0.0,0.0,4.0,2.0,0.000472040682736486,132285.0,2026-01-31 21:25:35+00:00,2026-02-12 02:54:23+00:00,1.0,3.0,3.0,3.0,0.000217348094181279,0.0,0.0,2.0,1.0,0.0,8.127201916869e-05,0.0,1.0,0.75,0.0,False,False,False,False,0,False,False,False
0xd3a8b7fe41d0abeea531927c561a07ac885da30b,1.0,0.0,0.0,1.0,1.0,9.622454451918e-06,41538.539359,2026-02-13 14:26:11+00:00,2026-02-13 14:26:11+00:00,1.0,1.0,1.0,1.0,5.178262166264e-06,1.0,5.178262166264e-06,0.0,0.0,0.0,0.0,0.0,1.0,1.0,1.0,False,False,False,False,0,False,False,False
0xd3bbc545ab408fc3ff42d3d639a1e4e1165f586f,1.0,0.0,0.0,1.0,1.0,1.2202241141608e-05,1.0,2026-01-05 20:24:23+00:00,2026-01-05 20:24:23+00:00,1.0,31.0,10.0,6.0,0.000718958316850995,2.0,1.0766169453702001e-05,0.0,2.0,2.0,3.360737294594e-05,3.360737294594e-05,3.1,31.0,2.0,False,False,False,False,0,False,False,False
0xd3c1556ad6cfc29537cf5d4551aa6b7c636e042c,2.0,0.0,0.0,2.0,2.0,0.00025452982866536503,1001744.063571,2025-11-11 03:12:11+00:00,2025-12-22 15:12:23+00:00,1.0,8.0,6.0,6.0,0.000336649507777027,2.0,0.00010914670422422799,0.0,0.0,0.0,0.0,0.0,1.3333333333333333,4.0,1.0,False,False,False,False,0,False,False,False
0xd41d792e7b4f0f78fc01136b35854e69fb489716,1.0,0.0,0.0,1.0,1.0,0.000195617907149721,3285.322475,2025-12-28 12:03:35+00:00,2025-12-28 12:03:35+00:00,1.0,0.0,0.0,0.0,0.0,0.0,0.0,1.0,3.0,0.0,0.00027351122552012497,0.0,0.0,0.0,0.0,False,False,False,False,0,False,False,False
0xd42fed8149432d86f0ac8ba85f4c9cd6be2d53f9,1.0,0.0,0.0,1.0,1.0,3.197219015165e-06,99967.000619,2025-12-31 06:13:11+00:00,2025-12-31 06:13:11+00:00,1.0,1.0,1.0,1.0,1.351694022285e-06,1.0,1.351694022285e-06,0.0,0.0,0.0,0.0,0.0,1.0,1.0,1.0,False,False,False,False,0,False,False,False
0xd44665101ea9b07557e1f321045073049088e453,2.0,0.0,0.0,2.0,1.0,2.2416165861892e-05,8.09403,2026-01-08 12:13:11+00:00,2026-01-23 18:02:35+00:00,1.0,4.0,4.0,4.0,8.7597252687068e-05,2.0,1.3574812589849999e-05,2.0,0.0,0.0,0.0,0.0,1.0,2.0,1.0,False,False,False,False,0,False,False,False
0xd4738b153cd089e9eb573f42815adbcb005318f1,5.0,0.0,0.0,5.0,3.0,0.00022464261964243903,2207737.79953,2025-11-11 03:07:35+00:00,2026-01-20 03:16:59+00:00,1.0,20.0,12.0,6.0,0.000635989174043213,5.0,0.000114806322561459,0.0,0.0,0.0,0.0,0.0,1.6666666666666667,4.0,1.0,False,False,False,False,0,False,False,False
0xd4a5f2ef4d9ca9267e9a9cdeb9338e9a323bb4b7,1.0,0.0,0.0,1.0,1.0,1.4840155618325e-05,154000.0,2025-12-23 19:35:35+00:00,2025-12-23 19:35:35+00:00,1.0,3.0,3.0,3.0,0.00012216831418727,1.0,7.15928637506e-06,0.0,0.0,0.0,0.0,0.0,1.0,3.0,1.0,False,False,False,False,0,False,False,False
0xd4b2c81475716b1d8f2ce0719c4056ab948ff1c3,2.0,0.0,0.0,2.0,2.0,0.00024300980562212102,371743.416899,2025-12-25 19:40:47+00:00,2026-02-17 21:34:11+00:00,1.0,2.0,1.0,2.0,0.000208012978297125,1.0,0.000104119644947913,0.0,0.0,0.0,0.0,0.0,2.0,1.0,0.5,False,False,False,False,0,False,False,False
0xd4c48344527646b9dfe5cca78a750d621fcd4604,4.0,0.0,0.0,2.0,1.0,3.7974646014947e-05,21000.0,2026-01-12 22:19:23+00:00,2026-01-14 21:31:11+00:00,2.0,54.0,11.0,19.0,0.000861302836967774,4.0,1.9783340812304e-05,0.0,0.0,0.0,0.0,0.0,4.909090909090909,13.5,1.0,False,False,False,False,0,False,False,False
0xd4e16e3b202c8caa6dbc16a1cbf7b4d1c9228cee,1.0,1.0,0.0,1.0,1.0,1.2815988320368e-05,1500.000106,2026-01-08 20:22:35+00:00,2026-01-08 20:22:35+00:00,1.0,7.0,5.0,6.0,0.000557819561721638,2.0,1.1188333117162e-05,0.0,2.0,0.0,1.4075719814433e-05,1.4075719814433e-05,1.4,7.0,2.0,False,False,False,False,0,False,False,False
0xd4eb89962e648acf0db3800cc140b014aaf071ca,1.0,0.0,0.0,1.0,1.0,0.000235323230933742,47720.32199,2025-12-24 18:27:59+00:00,2025-12-24 18:27:59+00:00,1.0,2.0,2.0,2.0,0.000264724451868362,1.0,0.000113449309462074,0.0,0.0,0.0,0.0,0.0,1.0,2.0,1.0,False,False,False,False,0,False,False,False
0xd4eddcef8643be102338e1d967d2516bd8904fef,1.0,0.0,0.0,1.0,1.0,4.1644193604586e-05,299266.737827,2025-11-14 11:34:23+00:00,2025-11-14 11:34:23+00:00,1.0,1.0,1.0,1.0,1.587971526895e-05,1.0,1.587971526895e-05,5.0,3.0,0.0,0.001666929535861999,8.7389017581804e-05,1.0,1.0,1.0,False,False,False,False,0,False,False,False
0xd5199ce7f6a074089417ea499356e0d1e7af6747,5.0,0.0,0.0,3.0,2.0,0.001254853511979358,11532.662059999999,2025-11-24 04:50:47+00:00,2026-02-05 18:33:11+00:00,1.6666666666666667,2.0,2.0,2.0,0.000254948636183932,1.0,0.000116676154752512,0.0,1.0,0.0,0.000117050974000827,0.000117050974000827,1.0,0.4,0.2,False,False,False,False,0,False,False,False
0xd51e08e9518ef4eadf4df312ddad49e0f0febde0,2.0,0.0,0.0,2.0,1.0,0.000152162736110616,5008.5051189999995,2026-02-25 17:21:35+00:00,2026-02-28 10:26:47+00:00,1.0,10.0,6.0,7.0,0.001479754578523778,2.0,9.5593850941882e-05,0.0,1.0,0.0,0.000100919156530276,0.000100919156530276,1.6666666666666667,5.0,1.0,False,False,False,False,0,False,False,False
0xd51edbdfd9ea378b95adf73bb38e4403740fbd70,4.0,0.0,0.0,1.0,1.0,0.000254050800175227,5612.8221300000005,2026-01-29 13:48:23+00:00,2026-01-29 21:28:23+00:00,4.0,14.0,2.0,6.0,0.000316535471334789,7.0,0.00010496326430502699,0.0,0.0,0.0,0.0,0.0,7.0,3.5,1.75,False,False,False,False,0,False,False,False
0xd5f5b505763e3377ee9e51409b03cb634172f68f,1.0,0.0,0.0,1.0,1.0,3.8185750073753e-05,58.261543,2025-11-25 13:00:59+00:00,2025-11-25 13:00:59+00:00,1.0,15.0,7.0,8.0,0.000616779501055843,1.0,2.0648470582242e-05,0.0,0.0,0.0,0.0,0.0,2.142857142857143,15.0,1.0,False,False,False,False,0,False,False,False
0xd621111c989c9c66b60e2b888170683aff0385af,10.0,7.0,0.0,5.0,3.0,0.02644333670735767,27816.224702,2025-12-01 06:27:11+00:00,2026-02-23 07:03:59+00:00,2.0,3.0,3.0,1.0,0.00109796555861548,3.0,0.00109796555861548,0.0,1.0,0.0,0.000340891173825525,0.0,1.0,0.3,0.3,False,False,False,False,0,False,False,False
0xd6590bbbc8f131a87662ff26c32699feeb68f046,1.0,0.0,0.0,1.0,1.0,0.000235127049057751,5951.611139,2025-11-12 02:55:35+00:00,2025-11-12 02:55:35+00:00,1.0,1.0,1.0,1.0,0.000118120554803268,1.0,0.000118120554803268,0.0,0.0,0.0,0.0,0.0,1.0,1.0,1.0,False,False,False,False,0,False,False,False
0xd66a63b4d938cf19ae7006109a37f3bb357dbe96,4.0,0.0,0.0,2.0,1.0,0.00021058986152287999,1543874.1521140002,2026-01-06 16:42:47+00:00,2026-01-31 12:26:35+00:00,2.0,1.0,1.0,1.0,2.471420776508e-06,1.0,2.471420776508e-06,0.0,1.0,0.0,0.000112450269191559,0.0,1.0,0.25,0.25,False,False,False,False,0,False,False,False
0xd6741220a947941bf290799811fcdcea8ae4a7da,9.0,0.0,0.0,4.0,3.0,0.00038831108902807497,44334580.976867996,2025-11-22 21:12:35+00:00,2026-02-03 00:18:11+00:00,2.25,15.0,4.0,2.0,0.011167547441371816,1.0,3.702906200626e-06,2.0,2.0,0.0,0.00346691094535202,0.0,3.75,1.6666666666666667,0.1111111111111111,False,False,False,False,0,False,False,False
0xd6791fb907f75659aa317945bfe80afa2b0a44fb,1.0,0.0,0.0,1.0,1.0,0.000200259691806856,337554.539958,2025-11-13 13:15:35+00:00,2025-11-13 13:15:35+00:00,1.0,6.0,1.0,4.0,0.000774576451382079,1.0,0.000123815722391976,0.0,2.0,0.0,0.0020196946254830137,0.000119384521815742,6.0,6.0,1.0,False,False,False,False,0,False,False,False
0xd67c107815fcdcc53b7cf020bfdab84c5c380fe5,1.0,0.0,0.0,1.0,1.0,0.000117724087426229,32.185121,2025-11-12 23:18:59+00:00,2025-11-12 23:18:59+00:00,1.0,36.0,12.0,12.0,0.0025454493492981373,3.0,0.00014841236404852998,0.0,3.0,3.0,0.000267962464479145,0.000267962464479145,3.0,36.0,3.0,False,False,False,False,0,False,False,False
0xd691a33aabb6e3e27ebe4590fb0ff0105ea16edb,1.0,0.0,0.0,1.0,1.0,0.00019118276069739,12900.0,2025-11-01 22:53:11+00:00,2025-11-01 22:53:11+00:00,1.0,11.0,6.0,4.0,0.0013202956553691539,0.0,0.0,2.0,1.0,0.0,0.000377179537983122,0.0,1.8333333333333333,11.0,0.0,False,False,False,False,0,False,False,False
0xd6aa7c9a05c14b9ab4a3c5395156e8b216c53336,3.0,0.0,0.0,2.0,2.0,0.0005383363416419219,131413.999321,2025-11-07 18:01:23+00:00,2025-12-19 14:57:47+00:00,1.5,1.0,1.0,1.0,0.000104241212063098,1.0,0.000104241212063098,1.0,1.0,0.0,0.001333569010974621,0.0,1.0,0.3333333333333333,0.3333333333333333,False,False,False,False,0,False,False,False
0xd6b6cacb2a8241bf27688a0b512d0de8a2634398,2.0,0.0,0.0,2.0,1.0,0.0003004435742,272416.6811,2025-12-17 16:21:59+00:00,2025-12-18 21:10:23+00:00,1.0,4.0,3.0,2.0,7.884029028238e-05,3.0,7.047658091769999e-05,0.0,1.0,0.0,1.0226612738222e-05,1.0226612738222e-05,1.3333333333333333,2.0,1.5,False,False,False,False,0,False,False,False
0xd6f4c413639f46c9564efe0c8790ce0b957de427,3.0,0.0,0.0,1.0,1.0,0.001355322492768772,4008872.438318,2025-11-04 22:15:23+00:00,2025-11-04 22:39:35+00:00,3.0,0.0,0.0,0.0,0.0,0.0,0.0,3.0,1.0,0.0,0.000208172115298931,0.000208172115298931,0.0,0.0,0.0,False,False,False,False,0,False,False,False
0xd73eaeb46e16082c23eadf38f134b2ceb3611dc7,1.0,0.0,0.0,1.0,1.0,5.238428773277e-06,99967.009986,2026-01-20 07:58:47+00:00,2026-01-20 07:58:47+00:00,1.0,1.0,1.0,1.0,2.706252373245e-06,1.0,2.706252373245e-06,0.0,0.0,0.0,0.0,0.0,1.0,1.0,1.0,False,False,False,False,0,False,False,False
0xd74e80ede7d71576994750de7b5ee2c93e685df6,1.0,0.0,0.0,1.0,1.0,6.032229565747e-05,304723.26,2025-11-28 03:53:47+00:00,2025-11-28 03:53:47+00:00,1.0,2.0,2.0,2.0,0.00011689461126982901,1.0,1.1615685163354e-05,0.0,0.0,0.0,0.0,0.0,1.0,2.0,1.0,False,False,False,False,0,False,False,False
0xd7583e3cf08bbcab66f1242195227bbf9f865fda,2.0,2.0,0.0,1.0,1.0,0.006325243771161472,387104.542046,2025-11-03 16:00:35+00:00,2025-11-03 16:04:35+00:00,2.0,160.0,47.0,18.0,0.016301415424710867,1.0,0.000585095815933342,0.0,1.0,0.0,0.000624234757884128,0.000624234757884128,3.404255319148936,80.0,0.5,False,False,False,False,0,False,False,False
0xd7755fcddcb41f7e88a6cefb7f79e9a2d9f10fd7,1.0,0.0,0.0,1.0,1.0,0.000204815453659881,100000.0,2025-11-11 19:37:47+00:00,2025-11-11 19:37:47+00:00,1.0,1.0,1.0,1.0,0.00010181071318259,1.0,0.00010181071318259,0.0,0.0,0.0,0.0,0.0,1.0,1.0,1.0,False,False,False,False,0,False,False,False
0xd79a31a2cac5058c15f99e282a49e4265bd8bbba,1.0,0.0,0.0,1.0,1.0,0.00032766568754713,1764435.402472,2025-11-10 13:57:35+00:00,2025-11-10 13:57:35+00:00,1.0,3.0,2.0,2.0,0.001066768151882539,2.0,0.00030479839560242203,7.0,6.0,6.0,0.010756190764774328,0.0,1.5,3.0,2.0,False,False,False,False,0,False,False,False
0xd7a587af7a0b3cafe2b00275790ef926fdc96fe7,2.0,0.0,0.0,2.0,2.0,0.000115451265101904,1155.8679040000002,2025-12-04 12:15:23+00:00,2026-02-05 20:02:59+00:00,1.0,21.0,11.0,6.0,0.0018786026527932058,3.0,6.3182547220168e-05,0.0,0.0,0.0,0.0,0.0,1.9090909090909092,10.5,1.5,False,False,False,False,0,False,False,False
0xd7b56ca94e90fa1a83abfb08587ba85bc47c62b6,1.0,0.0,0.0,1.0,1.0,1.987132302801e-05,0.004406,2026-02-12 19:09:11+00:00,2026-02-12 19:09:11+00:00,1.0,2.0,1.0,2.0,1.8673486519274e-05,1.0,1.0715273861306e-05,0.0,1.0,0.0,1.0414585398811e-05,1.0414585398811e-05,2.0,2.0,1.0,False,False,False,False,0,False,False,False
0xd834839da5f1a49404270b231163a8fd1df1f94c,11.0,2.0,0.0,11.0,4.0,0.000330456716350728,137593.810787,2025-11-03 22:20:47+00:00,2026-02-13 08:18:11+00:00,1.0,30.0,12.0,9.0,0.000906072259263272,0.0,0.0,1.0,1.0,0.0,4.6323972333777e-05,0.0,2.5,2.727272727272727,0.0,False,False,False,False,0,False,False,False
0xd838cb9ccda5a9164fac6a904f18cc2868b2c593,9.0,0.0,0.0,5.0,2.0,0.000238526092793817,1438819.217789,2025-11-20 15:18:59+00:00,2025-12-25 17:03:47+00:00,1.8,45.0,27.0,3.0,0.000747786922204283,17.0,0.000141378887561934,0.0,1.0,1.0,1.0711114198331001e-05,1.0711114198331001e-05,1.6666666666666667,5.0,1.8888888888888888,False,False,False,False,0,False,False,False
0xd8495b95a3a6a85f4e3baa003e8b7ed1ed85562d,5.0,1.0,0.0,3.0,1.0,0.001793173399633929,4500611.700999999,2025-11-04 18:12:35+00:00,2025-11-06 19:50:35+00:00,1.6666666666666667,90.0,28.0,11.0,0.005365706470126904,3.0,0.001033036694519256,0.0,2.0,0.0,8.7226299339811e-05,4.4691472669643e-05,3.2142857142857144,18.0,0.6,False,False,False,False,0,False,False,False
0xd86c0fa6ddb99133541985856e8cb906b4a3602f,3.0,0.0,0.0,2.0,2.0,0.0017665345466437521,552.072228,2025-11-04 08:47:11+00:00,2026-01-31 08:27:47+00:00,1.5,1.0,1.0,1.0,0.000114584561743962,1.0,0.000114584561743962,0.0,1.0,0.0,0.00011509942335686,0.0,1.0,0.3333333333333333,0.3333333333333333,False,False,False,False,0,False,False,False
0xd882c9429cfea36fe02528b8fba94f1d22f78fa8,1.0,0.0,0.0,1.0,1.0,0.000228052361425581,2221.961664,2026-02-03 09:31:59+00:00,2026-02-03 09:31:59+00:00,1.0,3.0,2.0,1.0,0.00013646499996511601,0.0,0.0,1.0,2.0,0.0,0.00089002319538829,0.0,1.5,3.0,0.0,False,False,False,False,0,False,False,False
0xd88a70bd7664f781669f412aa1e878f4af5e7742,3.0,0.0,0.0,3.0,2.0,0.000653386275243337,984.0331550000001,2025-12-08 16:56:59+00:00,2026-01-27 09:08:47+00:00,1.0,4.0,4.0,3.0,0.000442729920042455,1.0,0.00011398208823882,0.0,1.0,0.0,6.2943214439334e-05,0.0,1.0,1.3333333333333333,0.3333333333333333,False,False,False,False,0,False,False,False
0xd8b1f32e7f6fdc4c9c3f26157237fcbbfe0d0092,1.0,0.0,0.0,1.0,1.0,1.1297789066846e-05,100166.0,2026-01-07 09:32:11+00:00,2026-01-07 09:32:11+00:00,1.0,1.0,1.0,1.0,4.880135823615e-06,1.0,4.880135823615e-06,0.0,0.0,0.0,0.0,0.0,1.0,1.0,1.0,False,False,False,False,0,False,False,False
0xd8cbbb377b29f13a2d60cb5f9da5db7493d80f1c,3.0,0.0,0.0,3.0,2.0,0.000321896926859887,22065.530098,2025-11-07 06:29:11+00:00,2026-01-14 12:48:23+00:00,1.0,7.0,7.0,5.0,0.00032907153851235397,3.0,0.000131819481590568,2.0,0.0,0.0,0.0,0.0,1.0,2.3333333333333335,1.0,False,False,False,False,0,False,False,False
0xd8e0051a5d7bf7f8f7ec9fdfb36082404788f280,1.0,0.0,0.0,1.0,1.0,1.1471357796976e-05,10490.8,2025-11-09 03:36:11+00:00,2025-11-09 03:36:11+00:00,1.0,1.0,1.0,1.0,0.000117634629802536,1.0,0.000117634629802536,0.0,0.0,0.0,0.0,0.0,1.0,1.0,1.0,False,False,False,False,0,False,False,False
0xd929542a295bb2a6510c965865fe59d0715e6bb1,2.0,0.0,0.0,2.0,2.0,0.00021257274424129198,2998.2101000000002,2025-12-01 04:46:59+00:00,2026-02-06 11:28:23+00:00,1.0,0.0,0.0,0.0,0.0,0.0,0.0,2.0,1.0,0.0,8.06372748909e-05,8.06372748909e-05,0.0,0.0,0.0,False,False,False,False,0,False,False,False
0xd95c3b0e443a4c6454ed0f1d23c94c19832868bb,6.0,0.0,0.0,6.0,2.0,0.00069328640987227,44405.994296000004,2025-11-03 06:38:23+00:00,2026-02-04 02:56:23+00:00,1.0,0.0,0.0,0.0,0.0,0.0,0.0,1.0,2.0,0.0,0.00015621009921260699,0.0,0.0,0.0,0.0,False,False,False,False,0,False,False,False
0xd9c11514771b31cac1d9f830d8293dc0e8d7eea3,7.0,0.0,0.0,4.0,2.0,0.000261314736141662,16745.637332,2025-11-06 11:01:23+00:00,2026-02-13 09:09:47+00:00,1.75,1.0,1.0,1.0,6.0146303827224e-05,0.0,0.0,1.0,3.0,0.0,0.00640873455953694,0.0,1.0,0.14285714285714285,0.0,False,False,False,False,0,False,False,False
0xd9dba904e7e496dfc1b9af14dde35ced05941b5f,1.0,0.0,0.0,1.0,1.0,0.00010973774984953,6602.900135,2025-11-14 20:30:23+00:00,2025-11-14 20:30:23+00:00,1.0,0.0,0.0,0.0,0.0,0.0,0.0,1.0,1.0,0.0,7.6926413590574e-05,0.0,0.0,0.0,0.0,False,False,False,False,0,False,False,False
0xda1d41fbc625282eb09744efc8da1a66a494a298,2.0,0.0,0.0,1.0,1.0,0.002869506315254775,1308524.102894,2026-02-05 19:12:47+00:00,2026-02-05 20:38:23+00:00,2.0,1.0,1.0,1.0,0.00024961496467397,1.0,0.00024961496467397,0.0,1.0,0.0,0.001801280477821825,0.0,1.0,0.5,0.5,False,False,False,False,0,False,False,False
0xda2a6295a6223e15d2e1bb3f03539be74c376580,11.0,0.0,0.0,11.0,4.0,0.006849661572191578,68643.32137599999,2025-11-06 16:35:47+00:00,2026-02-23 12:19:35+00:00,1.0,38.0,11.0,21.0,0.007667637484565606,3.0,0.000474391676604176,2.0,4.0,3.0,0.001761746896203736,0.000388228343872431,3.4545454545454546,3.4545454545454546,0.2727272727272727,False,False,False,False,0,False,False,False
0xda3654171b52a31d7fae55f071503ee0b169d948,1.0,0.0,0.0,1.0,1.0,0.000108681559313958,1738.520578,2025-11-23 19:05:11+00:00,2025-11-23 19:05:11+00:00,1.0,1.0,1.0,1.0,2.23383013624e-05,1.0,2.23383013624e-05,1.0,1.0,0.0,0.00015531786291602,0.0,1.0,1.0,1.0,False,False,False,False,0,False,False,False
0xda47cc26fe92ed500e02229a557cbb4e2058e205,25.0,0.0,0.04,11.0,2.0,0.004490034320176546,240864.591189,2026-01-29 15:59:35+00:00,2026-02-27 15:55:47+00:00,2.272727272727273,19.0,8.0,2.0,0.000927400182060927,1.0,0.000254293703287542,0.0,1.0,1.0,4.6080268085179e-05,4.6080268085179e-05,2.375,0.76,0.04,False,False,False,False,0,False,False,False
0xda63f22bf4bdc0b88536bdf4375fc9e14862abd8,1.0,0.0,0.0,1.0,1.0,0.0025052516857386,25841.663627,2026-02-05 20:41:47+00:00,2026-02-05 20:41:47+00:00,1.0,6.0,1.0,1.0,0.0007181939812069161,0.0,0.0,2.0,1.0,0.0,0.00308870274943012,0.0,6.0,6.0,0.0,False,False,False,False,0,False,False,False
0xda65546c1a389cff6a40219d6120ec55d1e11d21,2.0,0.0,0.0,2.0,2.0,6.484415596849e-05,100000.0,2025-11-07 21:14:35+00:00,2025-12-23 11:01:59+00:00,1.0,16.0,11.0,2.0,0.006874952217919758,0.0,0.0,2.0,0.0,0.0,0.0,0.0,1.4545454545454546,8.0,0.0,False,False,False,False,0,False,False,False
0xda7e094c2e1b81a952e17725a0b0f7ca04d8afaa,2.0,0.0,0.0,1.0,1.0,1.5187210632081e-05,345.743225,2026-01-21 02:36:59+00:00,2026-01-21 23:48:59+00:00,2.0,2.0,1.0,1.0,7.38431694646e-06,2.0,7.38431694646e-06,1.0,1.0,0.0,5.794934466714e-06,5.794934466714e-06,2.0,1.0,1.0,False,False,False,False,0,False,False,False
0xda99829d809cea08301c7ae09931a1ac8db027f6,4.0,0.0,0.0,3.0,2.0,0.000439249391187324,4.0,2025-11-16 12:15:11+00:00,2025-12-01 16:46:11+00:00,1.3333333333333333,31.0,12.0,8.0,0.003559998938438173,5.0,0.000578760114512748,0.0,0.0,0.0,0.0,0.0,2.5833333333333335,7.75,1.25,False,False,False,False,0,False,False,False
0xda9a272ee8aff7e4bb7a7592980b5a2f35b57bc8,1.0,0.0,0.0,1.0,1.0,0.00012654293363336,400003.52926,2025-11-03 13:25:35+00:00,2025-11-03 13:25:35+00:00,1.0,0.0,0.0,0.0,0.0,0.0,0.0,1.0,1.0,1.0,0.0008268261493645261,0.0,0.0,0.0,0.0,False,False,False,False,0,False,False,False
0xdab7b8c9ea7ec582f90e9bd1dcffab3e0f0f6e3f,3.0,0.0,0.0,3.0,2.0,0.000661047849112001,24066.162378,2026-01-02 00:27:47+00:00,2026-02-06 15:16:11+00:00,1.0,4.0,3.0,2.0,0.001993211193238692,0.0,0.0,2.0,1.0,0.0,0.000171683374113861,0.0,1.3333333333333333,1.3333333333333333,0.0,False,False,False,False,0,False,False,False
0xdabd5d0bd655d2c549fff3b94024a7f3ca2cc4fc,2.0,0.0,0.0,2.0,1.0,0.000237881596699777,20.0,2025-12-03 21:37:23+00:00,2025-12-04 01:42:59+00:00,1.0,17.0,9.0,13.0,0.000927832326645394,1.0,0.000112902262766978,1.0,2.0,0.0,0.000236371218172531,0.000236371218172531,1.8888888888888888,8.5,0.5,False,False,False,False,0,False,False,False
0xdac5cf86de575509a1282af8f71ded44bb0987f5,1.0,0.0,0.0,1.0,1.0,6.440529345093e-05,8047.803493,2025-11-16 16:43:35+00:00,2025-11-16 16:43:35+00:00,1.0,7.0,3.0,2.0,0.000218230646856214,1.0,3.197882851702e-05,0.0,2.0,0.0,0.000230015200628627,0.00019241903639056,2.3333333333333335,7.0,1.0,False,False,False,False,0,False,False,False
0xdacf82e87bbb28787fc93faee1360686d3130514,3.0,1.0,0.0,1.0,1.0,0.00010558101728514501,13786.925366,2025-11-08 13:03:23+00:00,2025-11-08 13:09:23+00:00,3.0,7.0,4.0,2.0,6.2982617358809e-05,0.0,0.0,2.0,3.0,0.0,0.000234108123462941,0.0,1.75,2.3333333333333335,0.0,False,False,False,False,0,False,False,False
0xdad67ee76fd7b63edbf776c24fb1e42911e388bd,2.0,0.0,0.0,1.0,1.0,0.000434351644839684,1000000.00135,2026-01-12 15:17:23+00:00,2026-01-12 15:18:11+00:00,2.0,2.0,2.0,2.0,0.000626243531018223,1.0,0.000104532746264919,0.0,0.0,0.0,0.0,0.0,1.0,1.0,0.5,False,False,False,False,0,False,False,False
0xdad9ced9732200f3a00ffb4981017c9a861ca5ac,2.0,0.0,0.0,2.0,2.0,0.000216417221733888,3256.094051,2025-12-10 00:00:59+00:00,2026-01-19 23:24:59+00:00,1.0,2.0,2.0,1.0,0.00010587543776917799,2.0,0.00010587543776917799,0.0,1.0,0.0,7.4248245428846e-05,0.0,1.0,1.0,1.0,False,False,False,False,0,False,False,False
0xdb248c25c14c5b13df9683eda2adfa40c84c8917,3.0,0.0,0.0,1.0,1.0,0.000634194555765525,200010.02,2026-01-28 18:58:35+00:00,2026-01-28 19:42:11+00:00,3.0,1.0,1.0,1.0,0.000102303980958276,1.0,0.000102303980958276,0.0,0.0,0.0,0.0,0.0,1.0,0.3333333333333333,0.3333333333333333,False,False,False,False,0,False,False,False
0xdb2f6907a56996ec57b8fe532e403f3bd45bce35,1.0,0.0,0.0,1.0,1.0,8.846590389546e-06,9999.64,2025-11-23 19:08:47+00:00,2025-11-23 19:08:47+00:00,1.0,1.0,1.0,1.0,2.0769911798904e-05,0.0,0.0,3.0,2.0,0.0,0.000213823177108455,0.0,1.0,1.0,0.0,False,False,False,False,0,False,False,False
0xdb331dea5786132bef62af6ca75a007ed7f92611,1.0,0.0,0.0,1.0,1.0,5.316192142878e-05,3308.074971,2026-01-14 17:26:47+00:00,2026-01-14 17:26:47+00:00,1.0,1.0,1.0,1.0,2.7295892972944e-05,1.0,2.7295892972944e-05,1.0,1.0,0.0,0.001307567192779345,0.0,1.0,1.0,1.0,False,False,False,False,0,False,False,False
0xdb5ec1051c7a32716941bbb8170ed3c9c004a356,1.0,0.0,0.0,1.0,1.0,1.4948066796804e-05,914.389857,2026-02-05 09:02:47+00:00,2026-02-05 09:02:47+00:00,1.0,4.0,2.0,1.0,6.96788223168e-06,0.0,0.0,1.0,1.0,0.0,7.4462820598141e-05,0.0,2.0,4.0,0.0,False,False,False,False,0,False,False,False
0xdb79e7e9e1412457528e40db9fcdbe69f558777d,1.0,0.0,0.0,1.0,1.0,0.000266410157857605,1.0,2025-11-06 20:40:23+00:00,2025-11-06 20:40:23+00:00,1.0,1.0,1.0,1.0,0.000132930619023228,1.0,0.000132930619023228,0.0,0.0,0.0,0.0,0.0,1.0,1.0,1.0,False,False,False,False,0,False,False,False
0xdba26a609737440456a54c2eeb6feffc4399d986,1.0,0.0,0.0,1.0,1.0,3.7436028812416e-05,209107.965796,2026-02-06 10:25:59+00:00,2026-02-06 10:25:59+00:00,1.0,2.0,2.0,2.0,3.7562433100513e-05,1.0,1.4734462952104e-05,2.0,1.0,0.0,9.5532088234428e-05,0.0,1.0,2.0,1.0,False,False,False,False,0,False,False,False
0xdbbd3f037fd8e9b7a9d8faaf8ff4b7b29ae2c7f9,2.0,0.0,0.0,1.0,1.0,9.833942227213201e-05,22.0,2026-02-09 20:54:35+00:00,2026-02-09 20:55:23+00:00,2.0,3.0,3.0,3.0,5.0397995889018006e-05,1.0,8.90214890153e-06,0.0,1.0,0.0,6.8417080573252e-05,6.8417080573252e-05,1.0,1.5,0.5,False,False,False,False,0,False,False,False
0xdbd11ff8e9daeea3f3bfa57565b8e01557b9452b,6.0,0.0,0.0,6.0,3.0,0.000350567403504686,517492.0,2025-11-13 03:07:47+00:00,2026-02-09 11:06:35+00:00,1.0,0.0,0.0,0.0,0.0,0.0,0.0,3.0,0.0,0.0,0.0,0.0,0.0,0.0,0.0,False,False,False,False,0,False,False,False
0xdbd8109781e3423e7f9595b2186dbf42d2bd3338,1.0,0.0,0.0,1.0,1.0,5.36945e-05,127.313421,2025-11-21 02:49:11+00:00,2025-11-21 02:49:11+00:00,1.0,3.0,2.0,2.0,0.000137998875661705,2.0,3.7658500000000005e-05,0.0,0.0,0.0,0.0,0.0,1.5,3.0,2.0,False,False,False,False,0,False,False,False
0xdbe878bcec219f23f7331b6d5fbf1720df72eaa9,1.0,0.0,0.0,1.0,1.0,7.199430139468e-05,49.54,2025-12-10 13:42:11+00:00,2025-12-10 13:42:11+00:00,1.0,2.0,2.0,1.0,5.7269243281704e-05,2.0,5.7269243281704e-05,0.0,0.0,0.0,0.0,0.0,1.0,2.0,2.0,False,False,False,False,0,False,False,False
0xdc219a02d5679853c426422e13d868e18195b1a8,1.0,0.0,0.0,1.0,1.0,5.99765929848e-06,28349.730719,2026-01-26 01:52:35+00:00,2026-01-26 01:52:35+00:00,1.0,2.0,1.0,2.0,1.4601305230279e-05,1.0,3.62999705652e-06,0.0,0.0,0.0,0.0,0.0,2.0,2.0,1.0,False,False,False,False,0,False,False,False
0xdc51882c3b3f65b2328f5d1b606d8c19c16b0729,1.0,0.0,0.0,1.0,1.0,5.9150564383794e-05,1.0,2025-12-22 10:22:47+00:00,2025-12-22 10:22:47+00:00,1.0,11.0,5.0,6.0,0.000431646666228146,2.0,4.0104375516772e-05,0.0,2.0,1.0,8.0533786319658e-05,8.0533786319658e-05,2.2,11.0,2.0,False,False,False,False,0,False,False,False
0xdc535c60916ea074d8f343a7701849454bddfeb2,1.0,0.0,0.0,1.0,1.0,2.6346751819259e-05,0.1033,2026-02-07 00:30:23+00:00,2026-02-07 00:30:23+00:00,1.0,2.0,1.0,2.0,3.9141591767361e-05,1.0,1.331343885516e-05,0.0,0.0,0.0,0.0,0.0,2.0,2.0,1.0,False,False,False,False,0,False,False,False
0xdc7686b2692c454c34266c99cde7ee29f7821c4e,3.0,0.0,0.0,2.0,1.0,0.004388216876005426,1476.68,2026-02-05 13:30:47+00:00,2026-02-06 00:29:11+00:00,1.5,0.0,0.0,0.0,0.0,0.0,0.0,3.0,2.0,2.0,0.003978229139140733,0.0,0.0,0.0,0.0,False,False,False,False,0,False,False,False
0xdc9a612582552fb8cdd4dfbf1f3666704e4af8ce,1.0,0.0,0.0,1.0,1.0,7.337571995244e-05,10508.1465,2026-02-04 17:52:11+00:00,2026-02-04 17:52:11+00:00,1.0,2.0,1.0,2.0,0.0007871523678852479,1.0,4.0986405884898e-05,0.0,1.0,0.0,5.9597934344203e-05,0.0,2.0,2.0,1.0,False,False,False,False,0,False,False,False
0xdcac677fb9fd153bdf5bd686a1a8f79cb9c57fc4,2.0,0.0,0.0,1.0,1.0,0.00047606247794620797,200.00338299999999,2026-01-28 10:39:35+00:00,2026-01-28 10:54:23+00:00,2.0,126.0,15.0,22.0,0.02546961094670858,2.0,0.000223548068760819,0.0,0.0,0.0,0.0,0.0,8.4,63.0,1.0,False,False,False,False,0,False,False,False
0xdcc2675bbe4d931de00da054c62eb9fcff2175a9,3.0,0.0,0.0,3.0,1.0,0.000118972504050436,8003.168683,2026-01-21 07:04:11+00:00,2026-01-31 21:24:11+00:00,1.0,30.0,11.0,8.0,0.004742449587254134,1.0,2.376293325489e-06,2.0,1.0,0.0,0.00019379843121003,0.0,2.727272727272727,10.0,0.3333333333333333,False,False,False,False,0,False,False,False
0xdccf781ba7d9b8779eacd5f0d5dcdd36fc5145b3,1.0,0.0,0.0,1.0,1.0,8.8716525036517e-05,348599.49,2025-11-21 04:24:35+00:00,2025-11-21 04:24:35+00:00,1.0,2.0,2.0,2.0,0.00017915821481922302,1.0,6.55550245926e-05,0.0,0.0,0.0,0.0,0.0,1.0,2.0,1.0,False,False,False,False,0,False,False,False
0xdcee81cace0a737295b60f720c5d618d79fc1dbc,6.0,1.0,0.0,5.0,2.0,0.001966097445699754,29500.0,2025-11-04 05:48:35+00:00,2026-01-31 17:58:47+00:00,1.2,0.0,0.0,0.0,0.0,0.0,0.0,1.0,1.0,0.0,0.000147122242087391,0.0,0.0,0.0,0.0,False,False,False,False,0,False,False,False
0xdd056708e7a474661d9e14effb8f13e7c7c28a59,3.0,0.0,0.0,2.0,1.0,0.000673034286810462,19980.3,2025-11-05 21:19:35+00:00,2025-11-06 21:56:59+00:00,1.5,0.0,0.0,0.0,0.0,0.0,0.0,3.0,1.0,0.0,0.0015543275280113,0.0,0.0,0.0,0.0,False,False,False,False,0,False,False,False
0xdd1838d6f928618d9866d2fe8b6c1e1c363bcace,2.0,0.0,0.0,2.0,2.0,0.000398571636681198,1401.369086,2025-12-31 02:13:35+00:00,2026-01-30 04:50:11+00:00,1.0,1.0,1.0,1.0,7.9551358721664e-05,1.0,7.9551358721664e-05,1.0,1.0,0.0,4.8660734852672e-05,0.0,1.0,0.5,0.5,False,False,False,False,0,False,False,False
0xdd5c4134dda89f53348f10c37a7aa22d52c1cdc2,3.0,0.0,0.0,2.0,2.0,0.00027836838132913496,11141.943421,2025-11-03 15:01:59+00:00,2025-12-16 14:09:47+00:00,1.5,4.0,2.0,1.0,0.000113648760709106,4.0,0.000113648760709106,1.0,0.0,0.0,0.0,0.0,2.0,1.3333333333333333,1.3333333333333333,False,False,False,False,0,False,False,False
0xdd694cfaf921f7c06cab85fc0a70570dc4577015,6.0,0.0,0.0,2.0,1.0,0.0006559766801014099,16645.612444,2025-11-04 20:06:59+00:00,2025-11-13 11:49:23+00:00,3.0,2.0,2.0,1.0,0.000300564532724566,2.0,0.000300564532724566,0.0,1.0,0.0,8.3282294420485e-05,0.0,1.0,0.3333333333333333,0.3333333333333333,False,False,False,False,0,False,False,False
0xdd868ceb3fd1b83a968958f540ed46ba5db2ada2,1.0,0.0,0.0,1.0,1.0,0.000222769669929532,243681.931716,2026-01-15 21:05:47+00:00,2026-01-15 21:05:47+00:00,1.0,4.0,2.0,3.0,0.00139879753685867,1.0,0.000101498445276975,2.0,0.0,0.0,0.0,0.0,2.0,4.0,1.0,False,False,False,False,0,False,False,False
0xdd9c40fb416bc39b663bc61b60832d371e9651ab,1.0,0.0,0.0,1.0,1.0,1.6676105772588e-05,99570.000994,2026-02-10 07:11:59+00:00,2026-02-10 07:11:59+00:00,1.0,1.0,1.0,1.0,8.02996098741e-06,1.0,8.02996098741e-06,0.0,0.0,0.0,0.0,0.0,1.0,1.0,1.0,False,False,False,False,0,False,False,False
0xddce612f14b462087dfd206d9cc55a910bc804f5,1.0,0.0,0.0,1.0,1.0,1.6527392397692e-05,14710.910794,2025-11-20 12:58:35+00:00,2025-11-20 12:58:35+00:00,1.0,3.0,3.0,3.0,2.1526400533329e-05,1.0,7.999023655044e-06,0.0,0.0,0.0,0.0,0.0,1.0,3.0,1.0,False,False,False,False,0,False,False,False
0xdddd2710dc56840f20f1bc7ce055ae28e8601a8c,1.0,0.0,0.0,1.0,1.0,0.000236912705320293,10280.013567,2026-01-20 16:58:59+00:00,2026-01-20 16:58:59+00:00,1.0,2.0,1.0,2.0,0.00063032453538406,1.0,0.000130655614527964,0.0,2.0,0.0,0.0007104400860316,0.0,2.0,2.0,1.0,False,False,False,False,0,False,False,False
0xde31d013832bf3eb26b9b7927b545a28c51c0562,1.0,0.0,0.0,1.0,1.0,0.000115231267032882,200000.0,2025-12-22 07:12:35+00:00,2025-12-22 07:12:35+00:00,1.0,4.0,3.0,4.0,0.000217198984337136,1.0,5.0314356900054e-05,0.0,0.0,0.0,0.0,0.0,1.3333333333333333,4.0,1.0,False,False,False,False,0,False,False,False
0xde3d205940087de38dec100f448d840f154637d3,1.0,0.0,0.0,1.0,1.0,4.797848290356e-06,66463.488734,2025-12-24 11:04:47+00:00,2025-12-24 11:04:47+00:00,1.0,1.0,1.0,1.0,3.607957570716e-06,1.0,3.607957570716e-06,0.0,0.0,0.0,0.0,0.0,1.0,1.0,1.0,False,False,False,False,0,False,False,False
0xde44c6f23ae639e2698e0a75e16063136045f4ed,2.0,0.0,0.0,2.0,1.0,0.00041241440848725,20000.01225,2026-02-01 22:02:59+00:00,2026-02-02 04:35:11+00:00,1.0,1.0,1.0,1.0,0.000122403543708414,1.0,0.000122403543708414,0.0,0.0,0.0,0.0,0.0,1.0,0.5,0.5,False,False,False,False,0,False,False,False
0xde8b73352c1a40b84f9b4820df5aaccd5dbe671e,1.0,0.0,0.0,1.0,1.0,3.0555618400408e-05,50.749391,2026-01-25 19:30:23+00:00,2026-01-25 19:30:23+00:00,1.0,9.0,6.0,6.0,0.00011453216900690601,2.0,1.3251142651646e-05,0.0,0.0,0.0,0.0,0.0,1.5,9.0,2.0,False,False,False,False,0,False,False,False
0xdeb9b79174374d367d966fccbe067c9dbc64006a,7.0,0.0,0.0,7.0,2.0,0.001412136760344392,191496.902,2025-12-22 18:25:23+00:00,2026-01-15 12:11:59+00:00,1.0,5.0,3.0,5.0,0.000334406516958903,2.0,0.00021489339227815502,0.0,0.0,0.0,0.0,0.0,1.6666666666666667,0.7142857142857143,0.2857142857142857,False,False,False,False,0,False,False,False
0xdf42259351523fd77fc61b0a0a0663bed4febe30,5.0,0.0,0.0,3.0,1.0,0.001876586173384104,28821.567686,2025-11-18 03:18:59+00:00,2025-11-21 08:06:59+00:00,1.6666666666666667,0.0,0.0,0.0,0.0,0.0,0.0,1.0,1.0,0.0,0.000688225180222815,0.0,0.0,0.0,0.0,False,False,False,False,0,False,False,False
0xdf6ecbe0da0bb7b3cd1315bcacfba4c0a77fb17c,1.0,0.0,0.0,1.0,1.0,8.201970925324e-06,74248.949283,2025-11-09 09:52:11+00:00,2025-11-09 09:52:11+00:00,1.0,13.0,11.0,9.0,0.003256630385891648,1.0,3.866315079303e-06,0.0,1.0,0.0,0.000112918586623735,0.000112918586623735,1.1818181818181819,13.0,1.0,False,False,False,False,0,False,False,False
0xdf716940f602e2d7289d41402f52231d515b116f,1.0,1.0,0.0,1.0,1.0,0.00052885465831566,20.0,2025-11-05 04:17:47+00:00,2025-11-05 04:17:47+00:00,1.0,1.0,1.0,1.0,0.000132065319706462,1.0,0.000132065319706462,0.0,1.0,0.0,0.000141690478085222,0.000141690478085222,1.0,1.0,1.0,False,False,False,False,0,False,False,False
0xdf813a31fe427ae0de279d8e84da6a75ff5309b5,2.0,0.0,0.0,2.0,2.0,0.000456343580852075,224063.881379,2025-12-03 14:43:23+00:00,2026-01-05 15:56:47+00:00,1.0,11.0,6.0,5.0,0.0016048733766918862,3.0,0.000273728883240396,0.0,0.0,0.0,0.0,0.0,1.8333333333333333,5.5,1.5,False,False,False,False,0,False,False,False
0xdfe6c40096ccca13da12ebd76e02b51803970218,2.0,0.0,0.0,2.0,2.0,8.1261298639696e-05,7800.0424,2025-12-14 13:26:59+00:00,2026-01-06 18:02:11+00:00,1.0,10.0,5.0,5.0,0.000353589461399545,2.0,2.3769759093078003e-05,0.0,0.0,0.0,0.0,0.0,2.0,5.0,1.0,False,False,False,False,0,False,False,False
0xdff74a333383f4557eb269625d96cf8682e92813,7.0,0.0,0.0,5.0,1.0,0.005039250180584674,423403.702476,2026-01-07 20:47:47+00:00,2026-01-31 17:47:11+00:00,1.4,1.0,1.0,1.0,0.000547277347379266,1.0,0.000547277347379266,18.0,1.0,0.0,0.00141221920591989,0.0,1.0,0.14285714285714285,0.14285714285714285,False,False,False,False,0,False,False,False
0xe00238adf30684774fc7f8bd6300e69915b7f3d5,1.0,0.0,0.0,1.0,1.0,6.44255489197e-05,2.0,2025-11-26 09:57:47+00:00,2025-11-26 09:57:47+00:00,1.0,3.0,1.0,3.0,0.000179596969621762,1.0,3.1973629777812e-05,0.0,0.0,0.0,0.0,0.0,3.0,3.0,1.0,False,False,False,False,0,False,False,False
0xe04b3fe4e3a157bdb05f08174c181cf915039a24,4.0,0.0,0.0,3.0,2.0,0.002278345105072816,13111.174444,2025-11-21 01:39:47+00:00,2026-02-06 00:41:59+00:00,1.3333333333333333,5.0,3.0,2.0,0.0011798178551843581,4.0,0.001158819814390628,1.0,1.0,0.0,0.0001436675,0.0,1.6666666666666667,1.25,1.0,False,False,False,False,0,False,False,False
0xe05783f0ddeadd44e2e9930c5e066e5fe977b963,1.0,0.0,0.0,1.0,1.0,2.3358494812224e-05,1249.791479,2025-11-09 15:14:23+00:00,2025-11-09 15:14:23+00:00,1.0,2.0,2.0,2.0,1.7416043189516e-05,1.0,1.5466113021948e-05,0.0,1.0,0.0,1.900037627436e-06,1.900037627436e-06,1.0,2.0,1.0,False,False,False,False,0,False,False,False
0xe064775c00c83bd117dcf05828b6c8c388a99245,3.0,0.0,0.0,3.0,1.0,7.1474575086292e-05,190.887296,2025-11-16 00:08:35+00:00,2025-11-30 04:20:11+00:00,1.0,0.0,0.0,0.0,0.0,0.0,0.0,1.0,1.0,0.0,0.000142736477535269,0.0,0.0,0.0,0.0,False,False,False,False,0,False,False,False
0xe06aa6737585694486ea72f62c9bf6707c5b071d,23.0,0.0,0.0,16.0,4.0,0.007618210533696571,60634.741641,2025-11-04 11:51:23+00:00,2026-02-07 14:03:11+00:00,1.4375,2.0,1.0,2.0,0.00038084009141133,1.0,0.000132632926593606,0.0,0.0,0.0,0.0,0.0,2.0,0.08695652173913043,0.043478260869565216,False,False,False,False,0,False,False,False
0xe077c14e013e5b8a3c1395003a3569165ebab655,1.0,0.0,0.0,1.0,1.0,1.0062671895778e-05,99967.0,2026-01-07 09:30:47+00:00,2026-01-07 09:30:47+00:00,1.0,1.0,1.0,1.0,4.97655912075e-06,1.0,4.97655912075e-06,0.0,0.0,0.0,0.0,0.0,1.0,1.0,1.0,False,False,False,False,0,False,False,False
0xe084cf5147990bd7711f151cdce1a06f002a7247,1.0,0.0,0.0,1.0,1.0,0.000294743004805419,9998.5,2025-11-10 13:15:47+00:00,2025-11-10 13:15:47+00:00,1.0,1.0,1.0,1.0,0.00015078596389998,1.0,0.00015078596389998,0.0,0.0,0.0,0.0,0.0,1.0,1.0,1.0,False,False,False,False,0,False,False,False
0xe0d11bee20b55e6eab86de694f9d8bb2022457c4,3.0,0.0,0.0,2.0,2.0,2.9121419718148997e-05,95583.42686,2025-12-30 21:57:35+00:00,2026-01-29 12:42:11+00:00,1.5,3.0,2.0,2.0,2.0155200929528e-05,1.0,4.925622917296e-06,2.0,0.0,0.0,0.0,0.0,1.5,1.0,0.3333333333333333,False,False,False,False,0,False,False,False
0xe0d775fe279f3c1e812156378f8b71117292a2ea,1.0,0.0,0.0,1.0,1.0,0.000234574411717294,4647.605134,2025-11-11 09:16:47+00:00,2025-11-11 09:16:47+00:00,1.0,2.0,1.0,2.0,0.000111385261018296,1.0,5.4572193338868e-05,0.0,0.0,0.0,0.0,0.0,2.0,2.0,1.0,False,False,False,False,0,False,False,False
0xe0dca72978a0224c54ca1a0de766bd2ce00cfb27,2.0,0.0,0.0,2.0,2.0,9.9161256936462e-05,396524.974481,2025-11-04 09:05:47+00:00,2026-01-01 07:42:11+00:00,1.0,1.0,1.0,1.0,5.2842430474708e-05,1.0,5.2842430474708e-05,0.0,1.0,0.0,6.7753593e-05,0.0,1.0,0.5,0.5,False,False,False,False,0,False,False,False
0xe0fe50937e63ccca525d2cb659c6509f604abe56,1.0,0.0,0.0,1.0,1.0,0.000104646672598638,200.0,2025-11-23 07:28:11+00:00,2025-11-23 07:28:11+00:00,1.0,7.0,6.0,6.0,0.000291804601246177,1.0,3.2089228946426e-05,0.0,0.0,0.0,0.0,0.0,1.1666666666666667,7.0,1.0,False,False,False,False,0,False,False,False
0xe1032982587a6703dbcaf16b6761eb7f40c15055,1.0,0.0,0.0,1.0,1.0,5.043143205122e-06,28925.967254,2026-01-23 00:52:11+00:00,2026-01-23 00:52:11+00:00,1.0,2.0,1.0,2.0,1.2016080990360999e-05,1.0,2.177608715256e-06,0.0,1.0,0.0,3.160685e-05,0.0,2.0,2.0,1.0,False,False,False,False,0,False,False,False
0xe116bbbcda9e8853a6a355266e261c9ff1683bf0,2.0,0.0,0.0,1.0,1.0,4.7380106055407e-05,9472.667351,2026-02-05 07:03:35+00:00,2026-02-05 09:28:11+00:00,2.0,20.0,12.0,9.0,0.000112112337281848,1.0,8.320549007952e-06,2.0,1.0,0.0,5.394215121836e-06,5.394215121836e-06,1.6666666666666667,10.0,0.5,False,False,False,False,0,False,False,False
0xe16690d695f820e40f60ebf0bba939a3e0f77ce9,1.0,0.0,0.0,1.0,1.0,0.000207737423111718,257.203488,2025-11-25 00:12:23+00:00,2025-11-25 00:12:23+00:00,1.0,7.0,4.0,6.0,0.001329172793536294,1.0,0.000116377910219012,0.0,3.0,2.0,0.0006237327276243461,0.000120064394124094,1.75,7.0,1.0,False,False,False,False,0,False,False,False
0xe187abdee81a7849105114f3a62362ece306aedc,2.0,0.0,0.0,1.0,1.0,0.000189279784308623,406098.0,2025-12-03 13:21:35+00:00,2025-12-03 13:30:23+00:00,2.0,8.0,1.0,7.0,0.000704318499592149,2.0,0.000155585404944947,0.0,1.0,0.0,1.0464580137202e-05,1.0464580137202e-05,8.0,4.0,1.0,False,False,False,False,0,False,False,False
0xe18f2b182279c999d070ef0e7be51a1623821238,1.0,0.0,0.0,1.0,1.0,1.4199969334183e-05,49027.93034,2025-12-11 06:51:11+00:00,2025-12-11 06:51:11+00:00,1.0,1.0,1.0,1.0,6.86841179613e-06,1.0,6.86841179613e-06,0.0,0.0,0.0,0.0,0.0,1.0,1.0,1.0,False,False,False,False,0,False,False,False
0xe1f56e17be18ca3552fef330efed3acc52ed10fb,1.0,0.0,0.0,1.0,1.0,0.000224771114208825,157660.697559,2025-12-13 03:36:47+00:00,2025-12-13 03:36:47+00:00,1.0,1.0,1.0,1.0,9.8647932837171e-05,1.0,9.8647932837171e-05,0.0,0.0,0.0,0.0,0.0,1.0,1.0,1.0,False,False,False,False,0,False,False,False
0xe20d269c112d1a4b01997fae3c6412d4319a1742,5.0,0.0,0.0,5.0,3.0,0.00357516993803649,4902.918579,2025-11-13 20:09:11+00:00,2026-02-01 20:22:59+00:00,1.0,3.0,3.0,2.0,0.0009000724585620141,0.0,0.0,2.0,1.0,0.0,0.00123394610719358,0.0,1.0,0.6,0.0,False,False,False,False,0,False,False,False
0xe210c81950e74c7ab475398fa6d332f0ded58f80,1.0,0.0,0.0,1.0,1.0,0.00018681039139416,80.838348,2026-02-05 20:14:35+00:00,2026-02-05 20:14:35+00:00,1.0,4.0,3.0,3.0,0.000197842229969366,2.0,0.00018197774236396001,3.0,3.0,4.0,0.002090820390294638,0.000120009851907059,1.3333333333333333,4.0,2.0,False,False,False,False,0,False,False,False
0xe22210d37ff6a51db6ee143de9fab116dc684ee3,3.0,0.0,0.0,2.0,1.0,0.0008971725084562069,126689.984609,2026-02-06 01:23:47+00:00,2026-02-07 03:39:59+00:00,1.5,1.0,1.0,1.0,0.000122667059925438,0.0,0.0,5.0,1.0,0.0,0.001263355694143235,0.0,1.0,0.3333333333333333,0.0,False,False,False,False,0,False,False,False
0xe2396afbb8e790e75d3800528a79b5f147fa9370,1.0,0.0,0.0,1.0,1.0,2.0338925617514e-05,71385.897335,2025-11-11 13:45:11+00:00,2025-11-11 13:45:11+00:00,1.0,1.0,1.0,1.0,1.2524391238622e-05,1.0,1.2524391238622e-05,0.0,0.0,0.0,0.0,0.0,1.0,1.0,1.0,False,False,False,False,0,False,False,False
0xe29d807d903c489723ff3a53c1dd369ed5424aeb,2.0,0.0,0.0,2.0,1.0,1.3375984992072e-05,50000.0,2025-12-13 02:48:11+00:00,2025-12-29 14:22:23+00:00,1.0,3.0,2.0,3.0,1.1797765481871001e-05,1.0,5.571895345857e-06,0.0,0.0,0.0,0.0,0.0,1.5,1.5,0.5,False,False,False,False,0,False,False,False
0xe2b84bf371796d4a3ccf6b4dc67717777a221776,3.0,0.0,0.0,3.0,2.0,0.000378987454108343,601703.628835,2025-11-09 12:44:47+00:00,2026-02-20 07:50:59+00:00,1.0,7.0,6.0,6.0,0.000358371591324595,3.0,0.000203171280692003,0.0,0.0,0.0,0.0,0.0,1.1666666666666667,2.3333333333333335,1.0,False,False,False,False,0,False,False,False
0xe2f7d13465c5077ffa5b40f676c5dff9424d37c9,3.0,0.0,0.0,3.0,1.0,0.000381040121780002,1934374.738466,2025-12-01 00:21:47+00:00,2025-12-11 01:15:11+00:00,1.0,1.0,1.0,1.0,9.026697771684e-05,1.0,9.026697771684e-05,0.0,0.0,0.0,0.0,0.0,1.0,0.3333333333333333,0.3333333333333333,False,False,False,False,0,False,False,False
0xe31152da882d66916ae5344250e1437239cee063,1.0,0.0,0.0,1.0,1.0,0.000226787717145587,2300.0,2025-12-06 15:57:35+00:00,2025-12-06 15:57:35+00:00,1.0,3.0,1.0,3.0,0.000296415972198264,1.0,9.8967710434707e-05,0.0,0.0,0.0,0.0,0.0,3.0,3.0,1.0,False,False,False,False,0,False,False,False
0xe357b511804f52e5ad27e8a8e09f4884e893bf99,2.0,0.0,0.0,2.0,1.0,0.00039773108295818396,1945.4548909999999,2026-01-05 18:55:11+00:00,2026-01-20 20:24:47+00:00,1.0,0.0,0.0,0.0,0.0,0.0,0.0,4.0,2.0,0.0,0.0027239882183509607,0.0,0.0,0.0,0.0,False,False,False,False,0,False,False,False
0xe3c4dab0a965bce3d8609bf4c931b51459a5278d,1.0,0.0,0.0,1.0,1.0,0.000217395766991999,17.985421,2025-12-25 03:23:23+00:00,2025-12-25 03:23:23+00:00,1.0,0.0,0.0,0.0,0.0,0.0,0.0,1.0,1.0,0.0,0.00066367630114393,0.0,0.0,0.0,0.0,False,False,False,False,0,False,False,False
0xe3db3b771122a307c2cd6ccf60b01fc4536dfeb4,4.0,0.0,0.0,3.0,2.0,0.000847420420369282,13411.689672,2025-11-18 05:57:35+00:00,2026-02-06 12:37:47+00:00,1.3333333333333333,2.0,2.0,1.0,0.000246947901236468,0.0,0.0,1.0,0.0,0.0,0.0,0.0,1.0,0.5,0.0,False,False,False,False,0,False,False,False
0xe410265a304fbdf9e205d08da849456c6bf914ea,1.0,0.0,0.0,1.0,1.0,0.000125199539696385,227.967838,2025-12-18 13:43:35+00:00,2025-12-18 13:43:35+00:00,1.0,20.0,5.0,4.0,0.000803142161849796,4.0,0.000160165875350469,0.0,0.0,0.0,0.0,0.0,4.0,20.0,4.0,False,False,False,False,0,False,False,False
0xe44bcbec967224b96e608d2916cb9a409eb7b715,1.0,0.0,0.0,1.0,1.0,1.7523838650716e-05,99470.000993,2026-02-10 07:14:23+00:00,2026-02-10 07:14:23+00:00,1.0,1.0,1.0,1.0,7.85826256911e-06,1.0,7.85826256911e-06,0.0,0.0,0.0,0.0,0.0,1.0,1.0,1.0,False,False,False,False,0,False,False,False
0xe460866cf530e0d15e44d6688a8b2d5a1dc68650,4.0,0.0,0.0,4.0,2.0,0.000263351463995905,29015.083123,2025-11-17 16:41:35+00:00,2026-02-23 08:57:23+00:00,1.0,16.0,5.0,9.0,0.000671099066009523,1.0,7.6956126400652e-05,0.0,0.0,0.0,0.0,0.0,3.2,4.0,0.25,False,False,False,False,0,False,False,False
0xe473601cad1f6ce2ee52e9390739f7271ea73b90,1.0,0.0,0.0,1.0,1.0,7.1679403419963e-05,228396.179323,2026-01-22 11:52:23+00:00,2026-01-22 11:52:23+00:00,1.0,3.0,2.0,1.0,5.4578308631276004e-05,3.0,5.4578308631276004e-05,0.0,1.0,0.0,1.7918038530648e-05,0.0,1.5,3.0,3.0,False,False,False,False,0,False,False,False
0xe4739a2423433e7bac9ba7ea5c4314de86a60142,1.0,0.0,0.0,1.0,1.0,0.000187551064957464,120432.0,2025-12-16 08:36:23+00:00,2025-12-16 08:36:23+00:00,1.0,2.0,1.0,2.0,0.000525208274908082,1.0,7.9016726635782e-05,4.0,2.0,0.0,0.00207391561091074,0.0,2.0,2.0,1.0,False,False,False,False,0,False,False,False
0xe47af7d0fa2eec3216217867f029741d72af606a,1.0,0.0,0.0,1.0,1.0,3.0638262142846e-05,55.13,2026-01-08 19:29:47+00:00,2026-01-08 19:29:47+00:00,1.0,2.0,2.0,2.0,0.000118747856226362,1.0,1.742401085673e-05,0.0,0.0,0.0,0.0,0.0,1.0,2.0,1.0,False,False,False,False,0,False,False,False
0xe4a7328b5d396dbed278d754adaaaeefa52cd79c,4.0,0.0,0.0,4.0,2.0,0.00037985367868832395,355455.0,2025-11-19 17:32:11+00:00,2026-02-09 15:11:47+00:00,1.0,3.0,3.0,3.0,0.000272464491113971,1.0,0.000103378088546262,4.0,2.0,0.0,0.000175961178746169,0.0,1.0,0.75,0.25,False,False,False,False,0,False,False,False
0xe4acf81131fe8693dea40c5935e4ee7f1de1ed3c,1.0,0.0,0.0,1.0,1.0,0.000100664290658616,1529.040141,2025-11-18 08:20:47+00:00,2025-11-18 08:20:47+00:00,1.0,0.0,0.0,0.0,0.0,0.0,0.0,2.0,1.0,0.0,5.3207011746768e-05,0.0,0.0,0.0,0.0,False,False,False,False,0,False,False,False
0xe4ee3b43666eaeabbd2ca01b9d3ad35df46c31c3,1.0,0.0,0.0,1.0,1.0,2.155302362907e-05,151.080017,2025-11-02 23:18:35+00:00,2025-11-02 23:18:35+00:00,1.0,1.0,1.0,1.0,8.298721386612e-06,1.0,8.298721386612e-06,6.0,1.0,0.0,0.000279534904557156,0.0,1.0,1.0,1.0,False,False,False,False,0,False,False,False
0xe4f121fff2492823ca4dec5e9c07e6ddc1a6d08b,1.0,0.0,0.0,1.0,1.0,0.000278769112614768,40000.0,2025-11-17 18:55:11+00:00,2025-11-17 18:55:11+00:00,1.0,0.0,0.0,0.0,0.0,0.0,0.0,1.0,0.0,0.0,0.0,0.0,0.0,0.0,0.0,False,False,False,False,0,False,False,False
0xe4f1d6aabaeafd9a8a90831e9dcf90650ab869db,1.0,0.0,0.0,1.0,1.0,3.51914372775e-06,20000.0,2025-12-04 06:34:47+00:00,2025-12-04 06:34:47+00:00,1.0,2.0,2.0,2.0,9.558305114025e-06,1.0,1.556086550295e-06,0.0,0.0,0.0,0.0,0.0,1.0,2.0,1.0,False,False,False,False,0,False,False,False
0xe4fd8213711f18fad8a97a1db45436abd8a2902c,21.0,1.0,0.0,11.0,3.0,0.002916401718968638,14689.389678,2025-12-03 02:20:23+00:00,2026-02-28 10:31:35+00:00,1.9090909090909092,3.0,3.0,3.0,0.000198311176068189,0.0,0.0,1.0,2.0,0.0,0.003894959417819946,0.0,1.0,0.14285714285714285,0.0,False,False,False,False,0,False,False,False
0xe5026f484d8bb7d735076db91c9f9d9fdf76b5f6,1.0,0.0,0.0,1.0,1.0,2.926176099462e-05,50000.0,2026-01-31 12:25:11+00:00,2026-01-31 12:25:11+00:00,1.0,2.0,1.0,2.0,0.00039446084271264295,1.0,0.000381978311570784,0.0,0.0,0.0,0.0,0.0,2.0,2.0,1.0,False,False,False,False,0,False,False,False
0xe506b2b5bbd1a166c8e44cc9942b6bd0eda51d90,3.0,1.0,0.0,2.0,1.0,0.0007226915899999999,6158015.436351,2025-11-21 09:08:23+00:00,2025-11-24 13:14:11+00:00,1.5,2.0,2.0,1.0,0.000210013047,2.0,0.000210013047,0.0,1.0,0.0,6.6489319e-05,6.6489319e-05,1.0,0.6666666666666666,0.6666666666666666,False,False,False,False,0,False,False,False
0xe57eb3444d83ae43eafb7b5b7465a1164fe6ea6e,1.0,0.0,0.0,1.0,1.0,4.800543984912e-06,200000.012384,2026-02-09 03:21:47+00:00,2026-02-09 03:21:47+00:00,1.0,1.0,1.0,1.0,1.2977286247776e-05,1.0,1.2977286247776e-05,0.0,1.0,0.0,4.804734554195e-05,0.0,1.0,1.0,1.0,False,False,False,False,0,False,False,False
0xe586b0a7abe605e466090b520ec7166429c096b4,2.0,0.0,0.0,1.0,1.0,0.00042053018339904,5949.398278000001,2025-11-07 05:09:47+00:00,2025-11-07 05:24:23+00:00,2.0,26.0,14.0,9.0,0.004444737857544534,1.0,0.00012672565619142,2.0,1.0,0.0,0.00069403870377957,0.0,1.8571428571428572,13.0,0.5,False,False,False,False,0,False,False,False
0xe5aa47dbdab2973f539a29cbc89289e65d6a9b2a,1.0,0.0,0.0,1.0,1.0,6.829594906585e-06,3405.794609,2025-11-09 10:48:23+00:00,2025-11-09 10:48:23+00:00,1.0,7.0,6.0,7.0,3.4253662348019e-05,0.0,0.0,1.0,2.0,0.0,0.000225608984030941,0.0,1.1666666666666667,7.0,0.0,False,False,False,False,0,False,False,False
0xe5c41bf28ded7d4c573b942247fb1b84e4f585ba,2.0,0.0,0.0,2.0,2.0,0.0010763988555343592,5140.673457,2025-11-16 17:51:11+00:00,2026-02-05 16:06:59+00:00,1.0,2.0,2.0,1.0,0.0005234231741734199,2.0,0.0005234231741734199,0.0,0.0,0.0,0.0,0.0,1.0,1.0,1.0,False,False,False,False,0,False,False,False
0xe64c85059f9560fd475cc4d3dde881334917d4eb,1.0,0.0,0.0,1.0,1.0,0.00033019533457926,20100.0,2025-12-02 15:20:11+00:00,2025-12-02 15:20:11+00:00,1.0,0.0,0.0,0.0,0.0,0.0,0.0,0.0,2.0,0.0,0.003530454296037655,0.00081174955739147,0.0,0.0,0.0,False,False,False,False,0,False,False,False
0xe651e6ff133181df115369061299a9aa2304fbb3,3.0,0.0,0.0,2.0,2.0,0.000512776968038832,40548.084797999996,2026-01-20 08:53:23+00:00,2026-02-11 14:41:35+00:00,1.5,5.0,5.0,3.0,0.000224355760811276,2.0,0.000114278500642118,0.0,1.0,0.0,6.444989447796e-06,6.444989447796e-06,1.0,1.6666666666666667,0.6666666666666666,False,False,False,False,0,False,False,False
0xe6b8e7fa486de2fd25dbba101ee1615bbb1d2193,3.0,0.0,0.0,3.0,1.0,0.000621674068905412,7902.8207760000005,2025-11-05 21:51:59+00:00,2025-11-19 08:25:11+00:00,1.0,9.0,3.0,2.0,0.003332868618107495,2.0,0.000165501610715822,2.0,0.0,0.0,0.0,0.0,3.0,3.0,0.6666666666666666,False,False,False,False,0,False,False,False
0xe6b907b21cb90fc15f1b954c556e46318def2852,1.0,0.0,0.0,1.0,1.0,2.0639529333246e-05,19955.698638,2025-11-09 03:43:23+00:00,2025-11-09 03:43:23+00:00,1.0,3.0,2.0,3.0,2.3002129660481998e-05,1.0,1.0413721761128e-05,0.0,0.0,0.0,0.0,0.0,1.5,3.0,1.0,False,False,False,False,0,False,False,False
0xe6cd7933282709399a31d035638c8bd2a805918d,7.0,0.0,0.0,5.0,4.0,0.000467858990077809,2.581156,2025-11-21 17:42:35+00:00,2026-02-27 11:37:11+00:00,1.4,14.0,7.0,6.0,0.000338622716607587,3.0,0.00011036682295523,1.0,0.0,0.0,0.0,0.0,2.0,2.0,0.42857142857142855,False,False,False,False,0,False,False,False
0xe6f43a9dc80d833decf722df5d0a2c7e6013ef07,1.0,0.0,0.0,1.0,1.0,7.837016989923e-06,10000.0,2025-11-01 04:13:11+00:00,2025-11-01 04:13:11+00:00,1.0,1.0,1.0,1.0,2.255611909224e-06,0.0,0.0,1.0,2.0,0.0,2.2297185368605e-05,5.489191349939e-06,1.0,1.0,0.0,False,False,False,False,0,False,False,False
0xe7161ba731a03b1005875153d9aed84288c0faa7,2.0,1.0,0.0,2.0,2.0,0.000303410298109408,1453.718127,2025-11-27 17:16:59+00:00,2026-02-05 20:13:11+00:00,1.0,1.0,1.0,1.0,7.4003256e-06,0.0,0.0,1.0,2.0,0.0,0.0009563807369313601,0.0,1.0,0.5,0.0,False,False,False,False,0,False,False,False
0xe719b9f3bcb1801650c9b87b3aa2d6c8fe2f41a5,1.0,0.0,0.0,1.0,1.0,8.031840900449e-06,51240.0,2026-01-26 10:24:35+00:00,2026-01-26 10:24:35+00:00,1.0,4.0,3.0,2.0,3.8653173123232e-05,1.0,4.23387963368e-06,0.0,0.0,0.0,0.0,0.0,1.3333333333333333,4.0,1.0,False,False,False,False,0,False,False,False
0xe71a49c31028f91454dee6f0f621fa70026f3605,6.0,0.0,0.0,5.0,3.0,2.9268382695914002e-05,1846.722816,2025-12-21 16:35:47+00:00,2026-02-26 08:07:35+00:00,1.2,4.0,4.0,4.0,8.725391557147e-06,2.0,5.481270092093001e-06,2.0,0.0,0.0,0.0,0.0,1.0,0.6666666666666666,0.3333333333333333,False,False,False,False,0,False,False,False
0xe75b05cf7f73c2808c711d38488cc8e0186d259e,1.0,0.0,0.0,1.0,1.0,0.000226889571421027,15856.822951,2025-12-31 20:26:23+00:00,2025-12-31 20:26:23+00:00,1.0,2.0,2.0,2.0,0.001125892389347858,1.0,0.000114529372011634,1.0,1.0,0.0,0.000151239243422304,0.0,1.0,2.0,1.0,False,False,False,False,0,False,False,False
0xe7d4d40bf81d854405b6391071c94a8e131e5c30,2.0,0.0,0.0,2.0,2.0,6.090854099175e-05,61212.577318999996,2025-11-19 03:13:11+00:00,2025-12-25 06:17:23+00:00,1.0,26.0,14.0,13.0,0.000401274965240884,1.0,4.643633032358e-06,0.0,0.0,0.0,0.0,0.0,1.8571428571428572,13.0,0.5,False,False,False,False,0,False,False,False
0xe7f525dd1bc6d748ae4d7f21d31e54741e05e110,404.0,291.0,0.0,75.0,4.0,0.22838972066925406,2407331.243326,2025-11-03 02:34:35+00:00,2026-02-28 06:52:23+00:00,5.386666666666667,0.0,0.0,0.0,0.0,0.0,0.0,588.0,5.0,0.0,0.000905561032928296,0.0,0.0,0.0,0.0,True,False,False,False,0,False,False,True
0xe8105b26ebcdaa43887972b254bc6c42142ad0c7,2.0,0.0,0.0,1.0,1.0,0.00039209102739231,41432.925987,2025-12-25 18:07:47+00:00,2025-12-25 18:08:47+00:00,2.0,1.0,1.0,1.0,1.522290576962e-06,1.0,1.522290576962e-06,1.0,2.0,0.0,0.0015528706136083551,0.0,1.0,0.5,0.5,False,False,False,False,0,False,False,False
0xe826563dd6ef7081118aa5c669b7b2259c77273a,1.0,0.0,0.0,1.0,1.0,5.649500866108e-06,13999.649541,2025-12-15 00:20:23+00:00,2025-12-15 00:20:23+00:00,1.0,2.0,1.0,2.0,6.074363410222e-06,1.0,2.921085497386e-06,0.0,0.0,0.0,0.0,0.0,2.0,2.0,1.0,False,False,False,False,0,False,False,False
0xe837b69a0eb077d08dc69eea632ef67f7ddc94b7,1.0,0.0,0.0,1.0,1.0,0.000238652580124794,100000.0,2025-12-22 15:07:11+00:00,2025-12-22 15:07:11+00:00,1.0,37.0,4.0,9.0,0.006983429579147103,1.0,0.000100433307624381,0.0,0.0,0.0,0.0,0.0,9.25,37.0,1.0,False,False,False,False,0,False,False,False
0xe84f500b2bb7af2b93c20ae7501cb58430f1d03b,1.0,0.0,0.0,1.0,1.0,1.7810606140222e-05,99470.000993,2026-02-10 07:13:59+00:00,2026-02-10 07:13:59+00:00,1.0,1.0,1.0,1.0,7.82522340873e-06,1.0,7.82522340873e-06,0.0,0.0,0.0,0.0,0.0,1.0,1.0,1.0,False,False,False,False,0,False,False,False
0xe89deb1fea1ef13c074e7b427e28a0a3c0449c9b,2.0,0.0,0.0,2.0,1.0,8.595165208695999e-06,812584.2514770001,2026-01-11 04:39:11+00:00,2026-01-21 02:54:59+00:00,1.0,2.0,2.0,1.0,4.155685650018e-06,2.0,4.155685650018e-06,0.0,0.0,0.0,0.0,0.0,1.0,1.0,1.0,False,False,False,False,0,False,False,False
0xe8b167e5cefb765acebd71a2e356a6a2f9e00aed,1.0,0.0,0.0,1.0,1.0,0.000230561657574396,799.771964,2025-11-21 07:27:35+00:00,2025-11-21 07:27:35+00:00,1.0,2.0,2.0,2.0,0.000250473458176116,1.0,0.0001375110601604,0.0,4.0,1.0,0.004798336461812919,0.0,1.0,2.0,1.0,False,False,False,False,0,False,False,False
0xe9381800ed843c327bc4382c7cc65abb8502b310,1.0,0.0,0.0,1.0,1.0,0.000227390822875395,499998.0,2025-11-28 20:39:47+00:00,2025-11-28 20:39:47+00:00,1.0,2.0,1.0,1.0,0.000153676076437283,2.0,0.000153676076437283,0.0,0.0,0.0,0.0,0.0,2.0,2.0,2.0,False,False,False,False,0,False,False,False
0xe953242b548c6176c4e1e2ef10105fda096e4b89,1.0,0.0,0.0,1.0,1.0,9.887031536876e-06,15.0,2025-12-31 12:43:47+00:00,2025-12-31 12:43:47+00:00,1.0,35.0,17.0,10.0,0.000676643087057079,1.0,6.299698618988e-06,0.0,0.0,0.0,0.0,0.0,2.0588235294117645,35.0,1.0,False,False,False,False,0,False,False,False
0xe954e2d083a4a962c255e0777afcf3e29ffa2822,4.0,0.0,0.0,4.0,3.0,0.0014724129835817128,17045.130077,2025-12-23 09:19:59+00:00,2026-02-06 00:58:23+00:00,1.0,4.0,3.0,3.0,0.000274375218887289,1.0,1.322072587476e-06,0.0,1.0,0.0,1.316360996927e-06,1.316360996927e-06,1.3333333333333333,1.0,0.25,False,False,False,False,0,False,False,False
0xe9670b472796db7f88ca9973f58aed7889fbe424,8.0,0.0,0.0,1.0,1.0,0.001537862121038,3987553.306212,2026-01-12 21:40:59+00:00,2026-01-12 22:02:59+00:00,8.0,1.0,1.0,1.0,7.9352933437686e-05,1.0,7.9352933437686e-05,1.0,0.0,0.0,0.0,0.0,1.0,0.125,0.125,False,False,False,False,0,False,False,False
0xe96ca897dcbc0784f31e72a162ee35c5f5243e08,2.0,0.0,0.0,1.0,1.0,0.000443445431600043,5829997.300000001,2026-02-06 08:29:35+00:00,2026-02-06 08:36:11+00:00,2.0,3.0,2.0,3.0,0.000267436559281681,1.0,0.000107195223805317,0.0,0.0,0.0,0.0,0.0,1.5,1.5,0.5,False,False,False,False,0,False,False,False
0xe98740edaf6f774568fa46b95f5e44087d5aaed3,1.0,0.0,0.0,1.0,1.0,0.000100069867229402,250.0,2025-12-02 10:02:11+00:00,2025-12-02 10:02:11+00:00,1.0,1.0,1.0,1.0,0.000113697930432324,1.0,0.000113697930432324,0.0,1.0,0.0,0.000121762628163249,0.0,1.0,1.0,1.0,False,False,False,False,0,False,False,False
0xe989bcdb153d0bc54a965b129ea9a60fdd241a2c,20.0,0.0,0.0,11.0,3.0,0.002000503806470902,54548.064754,2025-12-16 16:10:23+00:00,2026-02-28 09:05:35+00:00,1.8181818181818181,23.0,14.0,3.0,0.001910338036311258,20.0,0.001028533000985877,0.0,1.0,0.0,3.1452289170414e-05,3.1452289170414e-05,1.6428571428571428,1.15,1.0,False,False,False,False,0,False,False,False
0xea0576c40b707606f082c660c65a0c0a39785f11,1.0,0.0,0.0,1.0,1.0,1.2612102410402e-05,37442.405862,2025-11-16 23:55:11+00:00,2025-11-16 23:55:11+00:00,1.0,2.0,1.0,2.0,1.2087635921678e-05,1.0,5.839374275278e-06,0.0,0.0,0.0,0.0,0.0,2.0,2.0,1.0,False,False,False,False,0,False,False,False
0xea283fe4adb395ecd35a8f0720ab044bfacc0f77,1.0,0.0,0.0,1.0,1.0,1.6934573908514e-05,99470.000993,2026-02-10 07:11:23+00:00,2026-02-10 07:11:23+00:00,1.0,1.0,1.0,1.0,7.689256585755e-06,1.0,7.689256585755e-06,0.0,0.0,0.0,0.0,0.0,1.0,1.0,1.0,False,False,False,False,0,False,False,False
0xea2f84416549d28fece3d0ecfc62ff53a745fac7,2.0,0.0,0.0,2.0,1.0,0.00041548634174222996,9450.0,2025-11-02 17:01:59+00:00,2025-11-14 00:27:35+00:00,1.0,0.0,0.0,0.0,0.0,0.0,0.0,1.0,1.0,0.0,0.00054672296130297,0.0,0.0,0.0,0.0,False,False,False,False,0,False,False,False
0xea392b8a370163227a8ee476c1313eea402e1f92,1.0,0.0,0.0,1.0,1.0,3.960409649169e-06,10000.0,2026-01-25 10:13:59+00:00,2026-01-25 10:13:59+00:00,1.0,1.0,1.0,1.0,1.78475264802e-06,1.0,1.78475264802e-06,0.0,0.0,0.0,0.0,0.0,1.0,1.0,1.0,False,False,False,False,0,False,False,False
0xea43467683be1c70733fe667a507d800e441c201,1.0,0.0,0.0,1.0,1.0,0.000111379592154108,2052.39635,2025-12-26 05:22:59+00:00,2025-12-26 05:22:59+00:00,1.0,20.0,17.0,6.0,0.001728946845566757,1.0,5.708652958409e-05,0.0,1.0,1.0,9.7640813111378e-05,9.7640813111378e-05,1.1764705882352942,20.0,1.0,False,False,False,False,0,False,False,False
0xea6e4c3b2a78233af245c56be1b7c854c42d609c,3.0,0.0,0.0,2.0,2.0,0.000630272184634752,2200000.0,2025-12-24 07:46:23+00:00,2026-01-02 01:44:23+00:00,1.5,2.0,2.0,2.0,0.000227831066787588,1.0,9.9331217627184e-05,1.0,1.0,0.0,0.000119207241350239,0.000119207241350239,1.0,0.6666666666666666,0.3333333333333333,False,False,False,False,0,False,False,False
0xea70dbf1f353c53254cf7d76b0791c03e258f629,4.0,0.0,0.0,4.0,2.0,0.000631746863752761,39013.852249999996,2025-11-07 00:19:35+00:00,2025-12-24 23:54:23+00:00,1.0,4.0,4.0,2.0,0.00026842839305759,3.0,0.00024030354238605,1.0,1.0,0.0,0.000125966385667228,0.0,1.0,1.0,0.75,False,False,False,False,0,False,False,False
0xea83a837f1040a6551ac522e37b3f3bcdd42eecd,2.0,0.0,0.0,2.0,1.0,3.1402944506406e-05,100004.41589,2025-11-13 06:07:11+00:00,2025-11-14 06:02:23+00:00,1.0,26.0,13.0,15.0,0.00124947375732089,4.0,0.000115366556059597,0.0,0.0,0.0,0.0,0.0,2.0,13.0,2.0,False,False,False,False,0,False,False,False
0xeaa8a4657997e43af0cc6efb8acf07770ad9fcf3,1.0,0.0,0.0,1.0,1.0,0.000485602880825664,399.561661,2026-02-05 16:41:47+00:00,2026-02-05 16:41:47+00:00,1.0,1.0,1.0,1.0,0.000268959571540538,1.0,0.000268959571540538,0.0,1.0,0.0,0.00012824846371762,0.0,1.0,1.0,1.0,False,False,False,False,0,False,False,False
0xeac2f766be69dddbc60e1fdaf1e7f1e744b9a985,1.0,0.0,0.0,1.0,1.0,0.000297946921730012,20.0,2025-11-13 18:23:11+00:00,2025-11-13 18:23:11+00:00,1.0,1.0,1.0,1.0,0.000189846495948814,1.0,0.000189846495948814,0.0,0.0,0.0,0.0,0.0,1.0,1.0,1.0,False,False,False,False,0,False,False,False
0xead4d8fff3817f8a6dbd25bb3d394980874b7d48,1.0,0.0,0.0,1.0,1.0,0.00037157730534463,12971.407327,2025-11-14 15:17:47+00:00,2025-11-14 15:17:47+00:00,1.0,15.0,9.0,6.0,0.001010646475487678,1.0,0.0001871893393553,0.0,0.0,0.0,0.0,0.0,1.6666666666666667,15.0,1.0,False,False,False,False,0,False,False,False
0xead95c7473a33f00e7a435b9bc1e96e325c019d0,1.0,0.0,0.0,1.0,1.0,0.000260913825850352,196113.890812,2025-11-14 16:17:11+00:00,2025-11-14 16:17:11+00:00,1.0,1.0,1.0,1.0,0.000107842767275314,1.0,0.000107842767275314,1.0,2.0,0.0,0.0008532917648343421,4.148117341912e-06,1.0,1.0,1.0,False,False,False,False,0,False,False,False
0xeae1ea5c8ad48f829f5fa965d3b5f24230adcdf8,2.0,0.0,0.0,2.0,1.0,4.8811392341097e-05,9752.0,2026-01-16 09:56:35+00:00,2026-01-27 15:34:35+00:00,1.0,14.0,4.0,4.0,0.001057953345892298,1.0,1.990599266798e-06,0.0,0.0,0.0,0.0,0.0,3.5,7.0,0.5,False,False,False,False,0,False,False,False
0xeb15f8122615a817b405d11a7ca82c673ced02a8,1.0,0.0,0.0,1.0,1.0,0.000195988435735172,2.0,2026-01-09 14:06:35+00:00,2026-01-09 14:06:35+00:00,1.0,3.0,3.0,2.0,0.000343525873073718,1.0,0.000116510335376178,0.0,2.0,0.0,0.00011997152504116699,0.00011997152504116699,1.0,3.0,1.0,False,False,False,False,0,False,False,False
0xeb4576fe753dab07635c0bb6c8f0a355e1db5d31,2.0,0.0,0.0,2.0,1.0,2.3142363598161e-05,25072.465576000002,2025-11-02 02:06:35+00:00,2025-11-08 02:26:47+00:00,1.0,26.0,14.0,19.0,0.000135783415067361,2.0,9.829977651429e-06,1.0,3.0,0.0,0.00043954280554839,3.497080554839e-05,1.8571428571428572,13.0,1.0,False,False,False,False,0,False,False,False
0xeb83195f27c5731cf0b903619029bd52ca0056d1,1.0,0.0,0.0,1.0,1.0,0.00030050469594528,58.1081,2026-02-05 18:14:23+00:00,2026-02-05 18:14:23+00:00,1.0,0.0,0.0,0.0,0.0,0.0,0.0,1.0,0.0,0.0,0.0,0.0,0.0,0.0,0.0,False,False,False,False,0,False,False,False
0xeb9858e7c1835ecda18dac9d97951b889db0c83d,1.0,0.0,0.0,1.0,1.0,0.000225517685535135,25221.974624,2025-12-21 14:13:59+00:00,2025-12-21 14:13:59+00:00,1.0,1.0,1.0,1.0,0.000103557878390874,1.0,0.000103557878390874,0.0,0.0,0.0,0.0,0.0,1.0,1.0,1.0,False,False,False,False,0,False,False,False
0xebc4aae6b2c50634c6bebb50c77a7a433469e831,1.0,0.0,0.0,1.0,1.0,0.000684544814391454,7052.0,2025-11-07 17:38:11+00:00,2025-11-07 17:38:11+00:00,1.0,8.0,7.0,4.0,0.001734561331304767,1.0,0.000355064182112916,0.0,0.0,0.0,0.0,0.0,1.1428571428571428,8.0,1.0,False,False,False,False,0,False,False,False
0xec3e53b0d499e683f5e92fbae56b69e967541a8b,1.0,0.0,0.0,1.0,1.0,6.101636226578e-06,2500.0,2026-01-04 07:30:47+00:00,2026-01-04 07:30:47+00:00,1.0,3.0,1.0,2.0,1.670740039244e-05,1.0,2.90324384822e-06,0.0,0.0,0.0,0.0,0.0,3.0,3.0,1.0,False,False,False,False,0,False,False,False
0xecba344b620dc7f736a2bdfefa95dba14be29023,1.0,0.0,0.0,1.0,1.0,0.0002256760733003,1910.490536,2026-01-03 04:55:11+00:00,2026-01-03 04:55:11+00:00,1.0,1.0,1.0,1.0,0.000113840214444872,1.0,0.000113840214444872,0.0,0.0,0.0,0.0,0.0,1.0,1.0,1.0,False,False,False,False,0,False,False,False
0xecec39c8741fac953800dfff4c597ad5624004e6,5.0,1.0,0.0,4.0,3.0,0.000784765640844597,5601.748111,2025-11-04 09:09:35+00:00,2026-01-19 00:57:23+00:00,1.25,2.0,2.0,1.0,9.7227573796354e-05,2.0,9.7227573796354e-05,2.0,1.0,0.0,0.00269992846212086,0.0,1.0,0.4,0.4,False,False,False,False,0,False,False,False
0xed190b8eb9dd91b08e27909bdd51e7f7ef5aa766,1.0,0.0,0.0,1.0,1.0,3.3084446819905e-05,225000.0,2025-12-08 16:10:23+00:00,2025-12-08 16:10:23+00:00,1.0,0.0,0.0,0.0,0.0,0.0,0.0,2.0,0.0,0.0,0.0,0.0,0.0,0.0,0.0,False,False,False,False,0,False,False,False
0xed1c07f439bf21c6dfc46e2a10914ae8e2aef589,2.0,0.0,0.0,2.0,1.0,0.00041952428779485,33.0,2025-12-03 23:50:11+00:00,2025-12-04 00:16:11+00:00,1.0,1.0,1.0,1.0,1.290971063862e-06,1.0,1.290971063862e-06,0.0,0.0,0.0,0.0,0.0,1.0,0.5,0.5,False,False,False,False,0,False,False,False
0xed22c965ef2c44883cba1ec9ab6133f751926f90,1.0,1.0,0.0,1.0,1.0,0.0007678942211634,6153.567773,2025-11-13 18:05:59+00:00,2025-11-13 18:05:59+00:00,1.0,1.0,1.0,1.0,0.000213059678879696,1.0,0.000213059678879696,0.0,1.0,0.0,0.000252791971443834,0.0,1.0,1.0,1.0,False,False,False,False,0,False,False,False
0xed26bbca2e96adafbd751c445014330202922ddb,1.0,0.0,0.0,1.0,1.0,0.000228441237675679,988.407661,2026-01-24 01:38:11+00:00,2026-01-24 01:38:11+00:00,1.0,1.0,1.0,1.0,0.00011492067884676,1.0,0.00011492067884676,0.0,1.0,0.0,0.00012427199212704,0.00012427199212704,1.0,1.0,1.0,False,False,False,False,0,False,False,False
0xed41a12ea862f31df054e9bd3af1dd59486c6029,7.0,0.0,0.0,6.0,2.0,3.0339704080021e-05,13408875.87078,2025-12-17 23:12:59+00:00,2026-01-23 03:57:47+00:00,1.1666666666666667,160.0,37.0,18.0,0.011791193963903896,5.0,9.546526645814e-06,0.0,1.0,0.0,4.939755626842e-06,4.939755626842e-06,4.324324324324325,22.857142857142858,0.7142857142857143,False,False,False,False,0,False,False,False
0xedb10d2dc6aa34ff12d0e40f8f1bf0a664a07286,1.0,0.0,0.0,1.0,1.0,2.281875521211e-05,50782.105018,2026-01-14 18:57:35+00:00,2026-01-14 18:57:35+00:00,1.0,7.0,2.0,4.0,0.000326464686326636,2.0,1.510414402388e-05,3.0,1.0,1.0,0.000336152878507519,0.0,3.5,7.0,2.0,False,False,False,False,0,False,False,False
0xedca9eed90b84895046d61a6cb5724a2d7aadefa,3.0,0.0,0.0,3.0,2.0,4.2783311092502e-05,68438.943207,2025-11-09 10:12:47+00:00,2025-12-10 12:10:47+00:00,1.0,7.0,5.0,4.0,5.1721159605983e-05,3.0,2.2925969940465003e-05,0.0,3.0,0.0,0.00056969413867281,0.0,1.4,2.3333333333333335,1.0,False,False,False,False,0,False,False,False
0xedccd8990e66aacc3c01afcb28361c2bba1a58db,1.0,0.0,0.0,1.0,1.0,0.000324449001524385,13.0,2025-11-21 14:09:11+00:00,2025-11-21 14:09:11+00:00,1.0,3.0,2.0,3.0,0.000327543028719363,1.0,0.000154031203568934,0.0,0.0,0.0,0.0,0.0,1.5,3.0,1.0,False,False,False,False,0,False,False,False
0xedfaa9fea4275dbaac341fd1ee9c782cb838818a,2.0,0.0,0.0,2.0,1.0,0.000107503263753011,79999.133022,2025-12-25 09:28:35+00:00,2025-12-31 07:40:35+00:00,1.0,9.0,2.0,6.0,0.00016311085254479,2.0,5.1375989190582e-05,0.0,0.0,0.0,0.0,0.0,4.5,4.5,1.0,False,False,False,False,0,False,False,False
0xee4735ddc8ca16b31c0ddf4fead877867e5b0d4c,1.0,0.0,0.0,1.0,1.0,1.1978569428979e-05,0.062758,2026-01-21 21:37:35+00:00,2026-01-21 21:37:35+00:00,1.0,1.0,1.0,1.0,5.926619435016e-06,1.0,5.926619435016e-06,0.0,0.0,0.0,0.0,0.0,1.0,1.0,1.0,False,False,False,False,0,False,False,False
0xee903f65cffb0834994871df856591dbc21b5883,3.0,0.0,0.0,3.0,1.0,2.1998047354401e-05,125498.9719,2026-01-01 11:06:47+00:00,2026-01-29 08:44:11+00:00,1.0,24.0,11.0,7.0,0.0016368516518603959,1.0,2.149355143656e-06,0.0,0.0,0.0,0.0,0.0,2.1818181818181817,8.0,0.3333333333333333,False,False,False,False,0,False,False,False
0xee9971f2f63f1d3a963c75501cef40b9d7628950,10.0,0.0,0.0,8.0,2.0,0.0046406923766310814,40599.186692999996,2025-11-14 12:49:23+00:00,2026-02-12 23:38:59+00:00,1.25,1.0,1.0,1.0,0.000242641270751472,1.0,0.000242641270751472,0.0,1.0,0.0,1.6182179882808e-05,1.6182179882808e-05,1.0,0.1,0.1,False,False,False,False,0,False,False,False
0xeebcffe89ad928dcd3a7f9379b7e92f31b49066f,2.0,0.0,0.0,2.0,1.0,0.000129068443384683,407053.008478,2025-11-10 08:11:59+00:00,2025-11-27 20:19:23+00:00,1.0,3.0,3.0,2.0,6.9075835917575e-05,3.0,6.9075835917575e-05,0.0,2.0,1.0,0.000200400279710995,0.000200400279710995,1.0,1.5,1.5,False,False,False,False,0,False,False,False
0xeefe08a95db235677c4f05c1480604f4efb599a5,7.0,0.0,0.0,7.0,2.0,0.001689118983332766,9088.198999,2025-11-04 14:08:35+00:00,2026-02-25 18:46:35+00:00,1.0,1.0,1.0,1.0,0.00017265955733629,1.0,0.00017265955733629,0.0,1.0,0.0,0.000269262912542648,0.0,1.0,0.14285714285714285,0.14285714285714285,False,False,False,False,0,False,False,False
0xef0b75f76be267b1de57cc57eb128fa196e92896,1.0,0.0,0.0,1.0,1.0,0.0002421888,1000.0,2025-11-11 12:45:23+00:00,2025-11-11 12:45:23+00:00,1.0,32.0,16.0,11.0,0.000774638546231943,1.0,0.000132894736,0.0,0.0,0.0,0.0,0.0,2.0,32.0,1.0,False,False,False,False,0,False,False,False
0xef87243fe29c2453f87549e02982108a3b832952,1.0,0.0,0.0,1.0,1.0,0.000381542031558342,47099.096194,2026-02-05 19:16:11+00:00,2026-02-05 19:16:11+00:00,1.0,1.0,1.0,1.0,0.000228681954634598,1.0,0.000228681954634598,0.0,1.0,0.0,0.001442270188238535,0.0,1.0,1.0,1.0,False,False,False,False,0,False,False,False
0xef9e3866f086bf81623c8b30c806a6a6661de468,1.0,0.0,0.0,1.0,1.0,3.077777442413e-06,99470.00021,2025-12-31 06:13:35+00:00,2025-12-31 06:13:35+00:00,1.0,1.0,1.0,1.0,1.410653085825e-06,1.0,1.410653085825e-06,0.0,0.0,0.0,0.0,0.0,1.0,1.0,1.0,False,False,False,False,0,False,False,False
0xefa58d1d4d085fe5488b5e33da7888fa2bbc4d11,9.0,0.0,0.0,6.0,4.0,0.00019321067084637598,311323.5,2025-11-30 16:24:47+00:00,2026-02-06 18:16:11+00:00,1.5,44.0,8.0,7.0,0.002218966263867871,17.0,0.000303507906017309,0.0,0.0,0.0,0.0,0.0,5.5,4.888888888888889,1.8888888888888888,False,False,False,False,0,False,False,False
0xefd2ae8eda1c2c0bfb94ae773972a4d7b837bdaa,1.0,0.0,0.0,1.0,1.0,0.00028298621437944,13000.0,2025-11-17 19:27:35+00:00,2025-11-17 19:27:35+00:00,1.0,7.0,2.0,4.0,0.001165424625867338,3.0,0.000401148200592634,1.0,0.0,0.0,0.0,0.0,3.5,7.0,3.0,False,False,False,False,0,False,False,False
0xeff925f5925e69f721f08b2f96195ec57c2bd5cb,4.0,0.0,0.0,3.0,2.0,4.7665921301921e-05,82560.290244,2025-12-25 16:25:35+00:00,2026-01-06 06:41:35+00:00,1.3333333333333333,14.0,9.0,9.0,0.00019812492815313,2.0,1.2522422998983e-05,0.0,0.0,0.0,0.0,0.0,1.5555555555555556,3.5,0.5,False,False,False,False,0,False,False,False
0xf03852f5123e6c10f53c6ec976ac79a66982d020,2.0,0.0,0.0,2.0,2.0,0.00027749497601613,10005.0,2025-11-05 00:09:35+00:00,2025-12-06 16:37:47+00:00,1.0,2.0,2.0,1.0,0.000227707429186062,0.0,0.0,1.0,4.0,0.0,0.000463475223371557,1.2195300576888e-05,1.0,1.0,0.0,False,False,False,False,0,False,False,False
0xf03e35c61be282e4838c66ed70e8de7a4934a304,1.0,0.0,0.0,1.0,1.0,1.6769574709992e-05,84408.828315,2026-01-23 20:10:47+00:00,2026-01-23 20:10:47+00:00,1.0,2.0,2.0,2.0,0.000614271216647025,1.0,6.784940619126e-06,0.0,0.0,0.0,0.0,0.0,1.0,2.0,1.0,False,False,False,False,0,False,False,False
0xf050848a311ea6c2b1c718075ee96b9c83a7b07a,3.0,0.0,0.0,3.0,1.0,0.000294081068029665,75345.60229,2025-11-04 23:09:23+00:00,2025-11-22 12:14:11+00:00,1.0,2.0,2.0,2.0,0.000254587214971816,1.0,0.000131499682309656,0.0,1.0,0.0,1.1913511181759e-05,0.0,1.0,0.6666666666666666,0.3333333333333333,False,False,False,False,0,False,False,False
0xf083b515e5bdf8d67b19fdf75d7ef77e9f101aca,1.0,0.0,0.0,1.0,1.0,0.000217793280047401,5052.96,2025-12-18 21:36:11+00:00,2025-12-18 21:36:11+00:00,1.0,2.0,2.0,2.0,0.000199354083270471,1.0,9.9114205651119e-05,0.0,0.0,0.0,0.0,0.0,1.0,2.0,1.0,False,False,False,False,0,False,False,False
0xf0cafdc4a243183a8e4e80104c5302e3eab02664,3.0,0.0,0.0,1.0,1.0,1.4901140921453999e-05,0.058463,2026-02-21 14:41:11+00:00,2026-02-21 15:52:47+00:00,3.0,2.0,2.0,2.0,5.760915163502e-06,1.0,3.14322135121e-06,0.0,0.0,0.0,0.0,0.0,1.0,0.6666666666666666,0.3333333333333333,False,False,False,False,0,False,False,False
0xf0db255bd146424d8a95e9f3aaebe41559336ff4,1.0,0.0,0.0,1.0,1.0,1.229793641548e-05,244528.366571,2026-01-26 11:46:59+00:00,2026-01-26 11:46:59+00:00,1.0,1.0,1.0,1.0,6.33055420561e-06,1.0,6.33055420561e-06,0.0,0.0,0.0,0.0,0.0,1.0,1.0,1.0,False,False,False,False,0,False,False,False
0xf0fa0937a830c3b80de826638649742fcc0f747c,3.0,0.0,0.0,2.0,2.0,0.000352594125918522,817346.021525,2025-11-28 06:06:47+00:00,2025-12-11 01:22:35+00:00,1.5,0.0,0.0,0.0,0.0,0.0,0.0,1.0,0.0,0.0,0.0,0.0,0.0,0.0,0.0,False,False,False,False,0,False,False,False
0xf0fcdc6fc328eef95acc6290ebeb7a61616ef421,1.0,0.0,0.0,1.0,1.0,1.4968621448162e-05,347614.943504,2026-01-15 19:18:11+00:00,2026-01-15 19:18:11+00:00,1.0,2.0,1.0,2.0,6.093658733662e-06,0.0,0.0,1.0,0.0,0.0,0.0,0.0,2.0,2.0,0.0,False,False,False,False,0,False,False,False
0xf12280a571c7bea7c70884a8f9f96225463fc907,1.0,0.0,0.0,1.0,1.0,1.7735723496946e-05,103251.000103,2026-02-10 07:13:47+00:00,2026-02-10 07:13:47+00:00,1.0,1.0,1.0,1.0,7.90555384773e-06,1.0,7.90555384773e-06,0.0,0.0,0.0,0.0,0.0,1.0,1.0,1.0,False,False,False,False,0,False,False,False
0xf127d87195fc771d887aa7a19a2e244199b6368c,1.0,0.0,0.0,1.0,1.0,0.000224640268485165,2000.0,2025-12-12 18:08:59+00:00,2025-12-12 18:08:59+00:00,1.0,2.0,1.0,2.0,0.000119538953112074,1.0,0.000113361473980106,0.0,0.0,0.0,0.0,0.0,2.0,2.0,1.0,False,False,False,False,0,False,False,False
0xf16df8cbc4361321cd82e4ee0f36b9ccf99aa2c7,1.0,0.0,0.0,1.0,1.0,0.000396182477084148,230.002984,2026-02-05 18:23:35+00:00,2026-02-05 18:23:35+00:00,1.0,4.0,2.0,3.0,0.000790556433632697,1.0,0.000213097177437854,0.0,0.0,0.0,0.0,0.0,2.0,4.0,1.0,False,False,False,False,0,False,False,False
0xf170b2c4c7ba8742b6377d726db77bd19ca884c8,3.0,1.0,0.0,3.0,2.0,0.000557569096161884,288.370479,2025-11-21 16:24:23+00:00,2026-02-08 17:31:35+00:00,1.0,1.0,1.0,1.0,3.819992017383e-06,0.0,0.0,0.0,2.0,0.0,0.001015261094999238,0.0,1.0,0.3333333333333333,0.0,False,False,False,False,0,False,False,False
0xf173e9d342de933be804c165aa068fa910b9f647,1.0,0.0,0.0,1.0,1.0,1.04510474688e-05,17180.07936,2026-01-23 13:24:59+00:00,2026-01-23 13:24:59+00:00,1.0,75.0,28.0,18.0,0.00102490610593197,1.0,5.695535536982e-06,0.0,0.0,0.0,0.0,0.0,2.6785714285714284,75.0,1.0,False,False,False,False,0,False,False,False
0xf189bda172ddc4b6250b8c2cfbc174af18d3ad29,1.0,0.0,0.0,1.0,1.0,2.5485444584127e-05,277975.287724,2025-11-07 03:51:47+00:00,2025-11-07 03:51:47+00:00,1.0,4.0,4.0,4.0,2.8493595493314002e-05,1.0,1.0645495493314e-05,2.0,1.0,0.0,2.632651481845e-06,2.632651481845e-06,1.0,4.0,1.0,False,False,False,False,0,False,False,False
0xf1903b940a19349fd3bada1c00a5bf668e912a79,8.0,0.0,0.0,4.0,3.0,0.0021259031829460413,42322.251896,2025-12-29 13:32:23+00:00,2026-02-05 20:42:59+00:00,2.0,54.0,15.0,11.0,0.003965440439884511,5.0,0.0013956130646412001,0.0,5.0,3.0,0.0005404221734962371,2.2410055006417e-05,3.6,6.75,0.625,False,False,False,False,0,False,False,False
0xf1ac51cb912467f97264044a22e51cf94890f7f8,1.0,0.0,0.0,1.0,1.0,1.127804964475e-05,98868.0,2026-01-07 09:30:23+00:00,2026-01-07 09:30:23+00:00,1.0,1.0,1.0,1.0,4.96506701919e-06,1.0,4.96506701919e-06,0.0,0.0,0.0,0.0,0.0,1.0,1.0,1.0,False,False,False,False,0,False,False,False
0xf1b0c54fbf03cc6691cb935052bdfc43f30561b0,1.0,0.0,0.0,1.0,1.0,0.000235605204863952,50000.0,2026-02-18 15:28:11+00:00,2026-02-18 15:28:11+00:00,1.0,4.0,2.0,4.0,0.000867001712761726,1.0,0.00012064491074554,0.0,0.0,0.0,0.0,0.0,2.0,4.0,1.0,False,False,False,False,0,False,False,False
0xf1cd2ff3d38257abe3e9d47c572037b70b972555,2.0,0.0,0.0,2.0,2.0,7.502950974030001e-05,826.027857,2025-11-05 23:13:47+00:00,2025-12-01 20:39:59+00:00,1.0,13.0,5.0,4.0,0.000281879665575453,2.0,6.2764395523635e-05,1.0,0.0,0.0,0.0,0.0,2.6,6.5,1.0,False,False,False,False,0,False,False,False
0xf1d17ad375ab50ef2d3638ba1e1ccb6f284edb33,4.0,0.0,0.0,4.0,3.0,0.00130575535697266,720213.001887,2025-11-20 17:17:23+00:00,2026-02-19 13:02:11+00:00,1.0,2.0,2.0,2.0,0.000143420613057873,0.0,0.0,2.0,1.0,0.0,0.000150067606426225,0.0,1.0,0.5,0.0,False,False,False,False,0,False,False,False
0xf1f60960072ed9ba55abcdfcac5816295769ca6e,1.0,0.0,0.0,1.0,1.0,3.150668401175e-06,99868.001118,2025-12-31 07:06:11+00:00,2025-12-31 07:06:11+00:00,1.0,1.0,1.0,1.0,1.436328606435e-06,1.0,1.436328606435e-06,0.0,0.0,0.0,0.0,0.0,1.0,1.0,1.0,False,False,False,False,0,False,False,False
0xf22a2961f34dc250b60bf282ff4da64a61c866d2,1.0,0.0,0.0,1.0,1.0,5.544802297466e-06,6000.0,2026-01-19 13:02:11+00:00,2026-01-19 13:02:11+00:00,1.0,5.0,2.0,3.0,0.00036419864533449004,1.0,2.53777059329e-06,0.0,0.0,0.0,0.0,0.0,2.5,5.0,1.0,False,False,False,False,0,False,False,False
0xf22c5bbb2bef346d7d0ca12e6c038e688c0d1985,3.0,0.0,0.0,3.0,1.0,0.000651904610523112,180036.38336,2026-01-12 16:09:35+00:00,2026-01-26 21:47:59+00:00,1.0,4.0,4.0,2.0,0.000511076767060594,3.0,0.00029218277540693,0.0,0.0,0.0,0.0,0.0,1.0,1.3333333333333333,1.0,False,False,False,False,0,False,False,False
0xf2427ea3afd9a64983c7077e9adf3e0cc0db29d1,1.0,0.0,0.0,1.0,1.0,0.001313674293446625,25019.541713,2025-11-04 17:32:35+00:00,2025-11-04 17:32:35+00:00,1.0,0.0,0.0,0.0,0.0,0.0,0.0,3.0,5.0,3.0,0.006704362627599424,0.0,0.0,0.0,0.0,False,False,False,False,0,False,False,False
0xf2480f1414988e68438e1fb19983e02838ce0e4a,5.0,2.0,0.0,5.0,2.0,0.001083990983481527,744.17,2025-11-05 01:15:59+00:00,2026-02-23 02:45:11+00:00,1.0,1.0,1.0,1.0,0.000131588212071032,0.0,0.0,1.0,1.0,0.0,0.000641662178324225,0.0,1.0,0.2,0.0,False,False,False,False,0,False,False,False
0xf26e922f742cdef4f5d43f82b44aa83e587f4b32,1.0,0.0,0.0,1.0,1.0,3.347858314887e-06,10000.0,2026-01-25 10:10:11+00:00,2026-01-25 10:10:11+00:00,1.0,1.0,1.0,1.0,1.770441047456e-06,1.0,1.770441047456e-06,0.0,0.0,0.0,0.0,0.0,1.0,1.0,1.0,False,False,False,False,0,False,False,False
0xf2af9fd1073b152ba2d9b04827eff7e7717bc607,3.0,0.0,0.0,2.0,1.0,0.000183078631017575,4967.083967,2025-11-07 08:31:23+00:00,2025-11-08 19:03:23+00:00,1.5,3.0,3.0,2.0,6.8938665270648e-05,2.0,5.383194145393e-05,2.0,3.0,0.0,0.006075283984548887,1.5327393714947e-05,1.0,1.0,0.6666666666666666,False,False,False,False,0,False,False,False
0xf2b95d8cdc1f2c40be91542e7814fe09d0da23b4,1.0,0.0,0.0,1.0,1.0,4.938822044992e-06,13745.14,2025-12-29 02:37:35+00:00,2025-12-29 02:37:35+00:00,1.0,2.0,1.0,2.0,1.648017535802e-05,1.0,2.806967369668e-06,0.0,0.0,0.0,0.0,0.0,2.0,2.0,1.0,False,False,False,False,0,False,False,False
0xf2cdc57277cd919460e5815de7084422b45d2dd1,1.0,0.0,0.0,1.0,1.0,1.4032192128295e-05,143391.307548,2026-02-28 18:41:47+00:00,2026-02-28 18:41:47+00:00,1.0,1.0,1.0,1.0,8.583656723271e-06,1.0,8.583656723271e-06,0.0,0.0,0.0,0.0,0.0,1.0,1.0,1.0,False,False,False,False,0,False,False,False
0xf2d7a64d6016bf130a5379fd098cda672dffb1f1,12.0,0.0,0.0,3.0,1.0,0.000812362290347372,9041.11304,2025-11-13 20:36:35+00:00,2025-11-22 16:40:35+00:00,4.0,8.0,4.0,3.0,0.000230328867642892,5.0,0.000127202514731516,1.0,0.0,0.0,0.0,0.0,2.0,0.6666666666666666,0.4166666666666667,False,False,False,False,0,False,False,False
0xf2eb9cd233744f22039eb32cbe391513f009a52a,10.0,0.0,0.0,3.0,1.0,0.003456175324236251,3361497.3870360004,2026-02-02 13:32:59+00:00,2026-02-07 08:06:47+00:00,3.3333333333333335,0.0,0.0,0.0,0.0,0.0,0.0,1.0,1.0,0.0,0.001248242274938275,0.0,0.0,0.0,0.0,False,False,False,False,0,False,False,False
0xf311f25d5e5f9f80739109c912844e9dfd854fc1,2.0,0.0,0.0,1.0,1.0,0.0012913591220250868,16772.061805999998,2025-11-04 20:05:35+00:00,2025-11-04 20:07:35+00:00,2.0,1.0,1.0,1.0,0.00028413480355014,1.0,0.00028413480355014,2.0,2.0,0.0,0.00113647778472035,0.0,1.0,0.5,0.5,False,False,False,False,0,False,False,False
0xf37c97431a707a39a767cc1fac96c9ac34da36c6,2.0,1.0,0.0,2.0,1.0,3.2496111466575e-05,404.508982,2025-11-22 20:44:47+00:00,2025-11-23 20:02:23+00:00,1.0,2.0,2.0,2.0,1.6811106227132002e-05,1.0,6.140982885646e-06,0.0,1.0,0.0,6.088710195673e-06,6.088710195673e-06,1.0,1.0,0.5,False,False,False,False,0,False,False,False
0xf393e721b39e50c2bb53204c92c386ef234d126d,2.0,0.0,0.0,2.0,1.0,0.00021546850683094702,100.006463,2025-12-30 15:03:11+00:00,2025-12-31 08:57:47+00:00,1.0,2.0,2.0,2.0,0.00011667252498602401,1.0,5.7793962784374e-05,0.0,2.0,0.0,0.000118410709307877,0.000118410709307877,1.0,1.0,0.5,False,False,False,False,0,False,False,False
0xf414d09dba35a6431b7115f48071468d340cca05,4.0,0.0,0.0,3.0,2.0,0.00080205901230732,1784.224543,2025-12-24 12:28:23+00:00,2026-02-16 19:00:47+00:00,1.3333333333333333,1.0,1.0,1.0,2.045820977358e-06,1.0,2.045820977358e-06,0.0,2.0,0.0,1.9310708886428002e-05,1.9310708886428002e-05,1.0,0.25,0.25,False,False,False,False,0,False,False,False
0xf421fcc92783b812bbfeac5915c5427cb9336c1d,1.0,0.0,0.0,1.0,1.0,6.9260420805849e-05,900.0,2025-11-04 10:20:11+00:00,2025-11-04 10:20:11+00:00,1.0,7.0,4.0,2.0,0.00024112797740234,1.0,3.7737520946532e-05,0.0,0.0,0.0,0.0,0.0,1.75,7.0,1.0,False,False,False,False,0,False,False,False
0xf46560365c2641ae7d2857e921be0ab906fc0837,10.0,1.0,0.0,8.0,2.0,0.001421455189674423,266822.147314,2026-01-27 20:50:47+00:00,2026-02-24 19:49:23+00:00,1.25,2.0,1.0,1.0,8.118078098402e-05,2.0,8.118078098402e-05,1.0,2.0,0.0,0.00755250673866463,0.0,2.0,0.2,0.2,False,False,False,False,0,False,False,False
0xf4cf5ff1d1254e46c548fee3decb9360304ba96d,1.0,0.0,0.0,1.0,1.0,8.320492226123e-06,12608.233067,2025-11-13 11:22:35+00:00,2025-11-13 11:22:35+00:00,1.0,7.0,6.0,3.0,0.000478522548454574,1.0,4.30348902038e-06,0.0,2.0,0.0,0.00025452850574004697,0.00025452850574004697,1.1666666666666667,7.0,1.0,False,False,False,False,0,False,False,False
0xf4d62ffbef75b760c283d5456fe3d38f4e1ffd09,1.0,0.0,0.0,1.0,1.0,7.778116150866e-06,2110.0,2026-02-24 04:48:59+00:00,2026-02-24 04:48:59+00:00,1.0,3.0,2.0,3.0,0.000536147132470119,1.0,3.891504662235e-06,0.0,1.0,0.0,4.940303919489e-06,4.940303919489e-06,1.5,3.0,1.0,False,False,False,False,0,False,False,False
0xf4f4cba7da96900d69652231abd37872b4a01319,3.0,0.0,0.0,1.0,1.0,0.000590787177265767,3509.754148,2026-02-12 08:53:35+00:00,2026-02-12 09:01:11+00:00,3.0,4.0,3.0,2.0,0.001110652647288655,2.0,0.00019500282269823002,0.0,1.0,0.0,0.000118188907203596,0.000118188907203596,1.3333333333333333,1.3333333333333333,0.6666666666666666,False,False,False,False,0,False,False,False
0xf514aeb1bc17f240bffb90924c93b25c523b57db,4.0,0.0,0.0,3.0,1.0,0.000264114810536311,12850000.0,2025-11-01 11:47:11+00:00,2025-11-09 06:56:23+00:00,1.3333333333333333,1.0,1.0,1.0,8.3308417529934e-05,1.0,8.3308417529934e-05,1.0,1.0,0.0,0.000343114502118186,0.000343114502118186,1.0,0.25,0.25,False,False,False,False,0,False,False,False
0xf51df0ad8d212da258a038e45dc2b0e074558110,50.0,0.0,0.0,2.0,2.0,0.002960430588569148,3602358.2910949998,2025-11-24 11:20:47+00:00,2026-01-29 20:47:47+00:00,25.0,1.0,1.0,1.0,5.953802478352e-06,1.0,5.953802478352e-06,2.0,2.0,0.0,8.121407082509801e-05,5.514675435891e-06,1.0,0.02,0.02,True,False,True,False,1,False,False,True
0xf560eddafbf8372014d30517cb1014d47d3ac151,1.0,0.0,0.0,1.0,1.0,3.2877159853166e-05,4603.23917,2025-11-17 11:48:47+00:00,2025-11-17 11:48:47+00:00,1.0,2.0,2.0,2.0,0.00011000212694169001,1.0,1.6499746980252e-05,0.0,0.0,0.0,0.0,0.0,1.0,2.0,1.0,False,False,False,False,0,False,False,False
0xf56b4f8fcdacbbfe29f256691340d0b3b32feff2,7.0,0.0,0.0,5.0,1.0,0.000158548291547197,270320.673087,2026-02-14 11:39:47+00:00,2026-02-28 21:15:23+00:00,1.4,4.0,4.0,1.0,4.9523042081952005e-05,4.0,4.9523042081952005e-05,0.0,1.0,0.0,1.2962518971789e-05,1.2962518971789e-05,1.0,0.5714285714285714,0.5714285714285714,False,False,False,False,0,False,False,False
0xf5887a9d83149e785471842ccefe1b349b7bed19,1.0,0.0,0.0,1.0,1.0,1.3022690349802e-05,99967.0,2026-01-07 09:34:11+00:00,2026-01-07 09:34:11+00:00,1.0,1.0,1.0,1.0,5.821172081055e-06,1.0,5.821172081055e-06,0.0,0.0,0.0,0.0,0.0,1.0,1.0,1.0,False,False,False,False,0,False,False,False
0xf5ad2c615c6b91dd27a595ae8f7035079cd062db,1.0,0.0,0.0,1.0,1.0,0.000194469647955016,15210.0,2025-11-16 11:59:11+00:00,2025-11-16 11:59:11+00:00,1.0,1.0,1.0,1.0,0.000115768465160136,1.0,0.000115768465160136,0.0,1.0,0.0,0.00023181693019155,0.0,1.0,1.0,1.0,False,False,False,False,0,False,False,False
0xf5b74389147b55c1edc9a15abb06bbabf7c78c33,5.0,0.0,0.0,4.0,2.0,8.470746125459299e-05,4.61,2025-12-22 14:45:35+00:00,2026-01-29 09:05:59+00:00,1.25,34.0,19.0,13.0,0.001837707478849735,7.0,4.9275829079008e-05,0.0,0.0,0.0,0.0,0.0,1.7894736842105263,6.8,1.4,False,False,False,False,0,False,False,False
0xf5c63369eb1615160599e8c8f248903b6b766363,5.0,0.0,0.0,4.0,2.0,0.001463337636019862,4820.861415,2026-01-31 18:04:11+00:00,2026-02-11 09:04:11+00:00,1.25,8.0,6.0,6.0,0.001371052957916947,1.0,0.000422511203303808,0.0,1.0,0.0,4.0663729136597e-05,0.0,1.3333333333333333,1.6,0.2,False,False,False,False,0,False,False,False
0xf5cbef1d450bcf787e7fce0958146cbe51a6c068,3.0,0.0,0.0,3.0,3.0,0.0006054668284900481,6752.860337,2025-11-16 19:04:47+00:00,2026-01-28 10:21:11+00:00,1.0,2.0,2.0,1.0,0.00016522952890551002,2.0,0.00016522952890551002,6.0,3.0,0.0,0.0035516785250088593,0.0,1.0,0.6666666666666666,0.6666666666666666,False,False,False,False,0,False,False,False
0xf5e51cd501181687569f6d334ded24cb1584f234,1.0,0.0,0.0,1.0,1.0,0.000116107349475425,15000.0,2025-12-01 10:18:47+00:00,2025-12-01 10:18:47+00:00,1.0,2.0,1.0,2.0,0.00010136908664987399,1.0,5.0646742667838e-05,0.0,0.0,0.0,0.0,0.0,2.0,2.0,1.0,False,False,False,False,0,False,False,False
0xf6172180fce426391fd3aa876a6214b20ee6c3fd,1.0,0.0,0.0,1.0,1.0,0.000221727724321145,2090.00682,2025-11-14 10:06:23+00:00,2025-11-14 10:06:23+00:00,1.0,1.0,1.0,1.0,0.000122456153925693,1.0,0.000122456153925693,0.0,2.0,0.0,0.00024054211707280601,0.0,1.0,1.0,1.0,False,False,False,False,0,False,False,False
0xf64e74488daefad56cdee350ab6766bcdc32f26f,1.0,0.0,0.0,1.0,1.0,0.000228373047640166,67228.8365,2026-01-14 20:17:35+00:00,2026-01-14 20:17:35+00:00,1.0,1.0,1.0,1.0,0.000103788235604322,1.0,0.000103788235604322,0.0,0.0,0.0,0.0,0.0,1.0,1.0,1.0,False,False,False,False,0,False,False,False
0xf694496da6e10595d850d23b521501c5ab9f94ed,2.0,0.0,0.0,2.0,2.0,0.00042124270660125597,1613.0001,2025-11-04 19:47:47+00:00,2026-02-01 05:50:23+00:00,1.0,2.0,2.0,1.0,0.000257409400992796,2.0,0.000257409400992796,0.0,0.0,0.0,0.0,0.0,1.0,1.0,1.0,False,False,False,False,0,False,False,False
0xf6bea11f086242ec1b61968a8557b18aeecf0086,4.0,0.0,0.0,4.0,3.0,0.000544769790419227,1389.231904,2025-11-15 08:43:23+00:00,2026-02-05 22:39:47+00:00,1.0,6.0,4.0,6.0,0.001081047773655586,1.0,5.658863745645e-06,0.0,0.0,0.0,0.0,0.0,1.5,1.5,0.25,False,False,False,False,0,False,False,False
0xf6cc4859402d13e827405a98f24b13553912b4b5,2.0,0.0,0.0,1.0,1.0,0.000367396217171151,1448.6507,2025-11-07 12:03:11+00:00,2025-11-07 12:05:11+00:00,2.0,11.0,7.0,7.0,0.001628745977092517,0.0,0.0,1.0,1.0,0.0,7.744016960498e-06,0.0,1.5714285714285714,5.5,0.0,False,False,False,False,0,False,False,False
0xf6d97ff915253a96fd6e0f3597e8adc6b1ba4d24,1.0,0.0,0.0,1.0,1.0,0.000229681910214218,10000.0,2025-12-14 21:54:47+00:00,2025-12-14 21:54:47+00:00,1.0,3.0,1.0,3.0,0.000299392998114696,1.0,9.9946371958839e-05,0.0,0.0,0.0,0.0,0.0,3.0,3.0,1.0,False,False,False,False,0,False,False,False
0xf6ed6dace186f00b8b443e2bdd3b2a25e25e40ee,2.0,0.0,0.0,2.0,1.0,2.0407367342814e-05,5807.106145,2025-12-10 07:08:23+00:00,2025-12-15 03:22:11+00:00,1.0,4.0,3.0,2.0,5.3406890058016e-05,2.0,1.1390662852954001e-05,0.0,0.0,0.0,0.0,0.0,1.3333333333333333,2.0,1.0,False,False,False,False,0,False,False,False
0xf70f559ba2ca8bd2e02a6f2486ebd8470f98e543,1.0,0.0,0.0,1.0,1.0,5.0322328476552e-05,3037925.851043,2025-11-18 07:15:47+00:00,2025-11-18 07:15:47+00:00,1.0,3.0,2.0,3.0,3.7036993720576e-05,1.0,2.9393793610602e-05,0.0,0.0,0.0,0.0,0.0,1.5,3.0,1.0,False,False,False,False,0,False,False,False
0xf73c3eb835ea6f090d3a9b03035a77fa2aa3043f,4.0,0.0,0.0,2.0,1.0,0.00076440352984568,157769.095635,2025-11-21 01:57:47+00:00,2025-11-22 04:01:23+00:00,2.0,0.0,0.0,0.0,0.0,0.0,0.0,1.0,1.0,0.0,0.00102365626807172,0.0,0.0,0.0,0.0,False,False,False,False,0,False,False,False
0xf78f414f3867afacb048840ff7a297b8f25dc5e7,1.0,0.0,0.0,1.0,1.0,1.6934573908514e-05,99470.000993,2026-02-10 07:11:23+00:00,2026-02-10 07:11:23+00:00,1.0,1.0,1.0,1.0,7.722663826095e-06,1.0,7.722663826095e-06,0.0,0.0,0.0,0.0,0.0,1.0,1.0,1.0,False,False,False,False,0,False,False,False
0xf78fe967ead6007c8f16e07fbb0f2626f88ad0df,26.0,1.0,0.0,8.0,4.0,0.00604437220053362,80083.737845,2025-11-10 01:18:47+00:00,2026-02-24 08:43:35+00:00,3.25,0.0,0.0,0.0,0.0,0.0,0.0,1.0,1.0,0.0,0.00061837197778924,0.0,0.0,0.0,0.0,False,False,False,False,0,False,False,False
0xf7b2b78281b931f3140035dffe55000d9c3facc0,1.0,0.0,0.0,1.0,1.0,3.583415836226e-06,100.0,2025-12-21 10:44:11+00:00,2025-12-21 10:44:11+00:00,1.0,5.0,3.0,3.0,0.000448257089289923,1.0,1.820086190422e-06,0.0,0.0,0.0,0.0,0.0,1.6666666666666667,5.0,1.0,False,False,False,False,0,False,False,False
0xf7b75ad2772e2301ffc6cfdac506d31f1d79409f,4.0,1.0,0.0,3.0,2.0,0.0005954894289,10056154.495303,2025-11-21 09:27:35+00:00,2025-12-11 13:26:35+00:00,1.3333333333333333,3.0,3.0,2.0,0.0001974173904,2.0,0.000186838191,0.0,1.0,0.0,6.5110111e-05,6.5110111e-05,1.0,0.75,0.5,False,False,False,False,0,False,False,False
0xf7c0fa92ce5b16c0c0f1e34adb49198e55b19200,2.0,0.0,0.0,1.0,1.0,2.3067677541015e-05,79904.0,2025-12-27 01:07:47+00:00,2025-12-27 02:55:47+00:00,2.0,20.0,11.0,7.0,0.000445485688323816,0.0,0.0,1.0,0.0,0.0,0.0,0.0,1.8181818181818181,10.0,0.0,False,False,False,False,0,False,False,False
0xf81473bebfe1ce6696441984dcd0292f8f1091a1,8.0,0.0,0.0,5.0,3.0,0.000758411737690118,14801.691629,2025-11-06 17:45:11+00:00,2026-02-14 23:48:35+00:00,1.6,0.0,0.0,0.0,0.0,0.0,0.0,1.0,1.0,0.0,1.664668656328e-06,1.664668656328e-06,0.0,0.0,0.0,False,False,False,False,0,False,False,False
0xf818a929a6fff967faba6654ff2cfd0775290549,3.0,0.0,0.0,2.0,1.0,4.1079761876557e-05,120493.67,2026-01-16 23:21:11+00:00,2026-01-19 13:32:35+00:00,1.5,28.0,6.0,6.0,0.00038399365914027503,8.0,4.286049504337e-05,0.0,0.0,0.0,0.0,0.0,4.666666666666667,9.333333333333334,2.6666666666666665,False,False,False,False,0,False,False,False
0xf82502938b8b06c69770631cc0d9b81ce563a4e2,1.0,0.0,0.0,1.0,1.0,0.000201257078349249,101208.73547,2026-01-08 12:51:59+00:00,2026-01-08 12:51:59+00:00,1.0,3.0,2.0,3.0,0.000243484665490881,1.0,0.000101740209745689,0.0,0.0,0.0,0.0,0.0,1.5,3.0,1.0,False,False,False,False,0,False,False,False
0xf86f5d57354d2b58e81b725ec908e5f167264a89,1.0,0.0,0.0,1.0,1.0,0.000225869872770555,100.0,2026-01-29 05:41:11+00:00,2026-01-29 05:41:11+00:00,1.0,1.0,1.0,1.0,9.9307751526198e-05,1.0,9.9307751526198e-05,0.0,0.0,0.0,0.0,0.0,1.0,1.0,1.0,False,False,False,False,0,False,False,False
0xf8a9bca4e5191812af0b3ab2314af439af585b87,9.0,0.0,0.0,7.0,3.0,0.005194189528648534,19598.913003,2025-11-05 11:00:23+00:00,2026-02-06 12:03:11+00:00,1.2857142857142858,12.0,8.0,3.0,0.003301403424348293,10.0,0.003093170469946958,0.0,1.0,0.0,0.002427570305039715,0.0,1.5,1.3333333333333333,1.1111111111111112,False,False,False,False,0,False,False,False
0xf8aa45bcf1d983bbd827ed554f7156f6abc8cd7c,2.0,0.0,0.0,1.0,1.0,3.4600241609759e-05,20.21,2025-12-31 16:05:23+00:00,2025-12-31 16:08:35+00:00,2.0,21.0,6.0,10.0,0.000494560061156738,2.0,1.9564490326498002e-05,0.0,0.0,0.0,0.0,0.0,3.5,10.5,1.0,False,False,False,False,0,False,False,False
0xf8c0a3f5ef854a5dc37c0c74754420070fa320b3,1.0,0.0,0.0,1.0,1.0,1.3101597879545e-05,101659.0,2026-01-07 09:34:59+00:00,2026-01-07 09:34:59+00:00,1.0,1.0,1.0,1.0,5.74577413701e-06,1.0,5.74577413701e-06,0.0,0.0,0.0,0.0,0.0,1.0,1.0,1.0,False,False,False,False,0,False,False,False
0xf8da56d15bf710ccccc5c9a68041eaf6ac3a605d,1.0,0.0,0.0,1.0,1.0,7.6897060325019e-05,0.01,2026-01-30 09:28:47+00:00,2026-01-30 09:28:47+00:00,1.0,16.0,8.0,12.0,0.000968866974613013,1.0,3.7118682031352e-05,0.0,0.0,0.0,0.0,0.0,2.0,16.0,1.0,False,False,False,False,0,False,False,False
0xf8f0ba03c5c27bbf6a1b6de790e1543c70948d0f,8.0,0.0,0.0,4.0,1.0,0.001814819106942331,96854.378295,2025-11-02 22:15:23+00:00,2025-11-08 10:25:47+00:00,2.0,7.0,5.0,3.0,0.000745315392059552,5.0,0.000500298790772878,0.0,0.0,0.0,0.0,0.0,1.4,0.875,0.625,False,False,False,False,0,False,False,False
0xf8f629239414e21cd8682174b6ae2557201f19c6,1.0,0.0,0.0,1.0,1.0,5.300782612448e-06,18010.690959,2026-02-24 00:10:11+00:00,2026-02-24 00:10:11+00:00,1.0,1.0,1.0,1.0,3.114904935933e-06,1.0,3.114904935933e-06,0.0,1.0,0.0,3.966181434626e-06,3.966181434626e-06,1.0,1.0,1.0,False,False,False,False,0,False,False,False
0xf9199cd0c399496ee924bb0e166ce171212ee1fb,2.0,0.0,0.0,2.0,1.0,0.000442696862151771,90500.01009,2025-11-09 02:29:35+00:00,2025-11-14 22:30:35+00:00,1.0,2.0,2.0,1.0,0.00019818966107589,2.0,0.00019818966107589,0.0,0.0,0.0,0.0,0.0,1.0,1.0,1.0,False,False,False,False,0,False,False,False
0xf9219c791be6153efb95900206bcda380a1f1bd2,11.0,0.0,0.0,7.0,2.0,0.000183563259347624,2271536.254606,2026-01-22 11:44:11+00:00,2026-02-28 19:24:47+00:00,1.5714285714285714,54.0,10.0,9.0,0.001080063534632446,24.0,0.000188722102737096,0.0,1.0,1.0,1.6107570255608e-05,1.6107570255608e-05,5.4,4.909090909090909,2.1818181818181817,False,False,False,False,0,False,False,False
0xf9363f6b387a501239b69754a95fa9ef16ebb57e,2.0,0.0,0.0,2.0,2.0,0.000420838546057686,200200.02804,2025-11-28 07:40:35+00:00,2025-12-01 12:36:59+00:00,1.0,2.0,2.0,1.0,0.00019408178211797,2.0,0.00019408178211797,0.0,0.0,0.0,0.0,0.0,1.0,1.0,1.0,False,False,False,False,0,False,False,False
0xf945e358d4090668bbfaa75c0f4cdab72220015d,1.0,0.0,0.0,1.0,1.0,6.620086e-05,40909.494523,2025-12-15 15:14:11+00:00,2025-12-15 15:14:11+00:00,1.0,2.0,1.0,2.0,3.2847080604882e-05,1.0,2.9598136009704e-05,0.0,0.0,0.0,0.0,0.0,2.0,2.0,1.0,False,False,False,False,0,False,False,False
0xf9789fb6a03dcabbac412f253b2ab278c100192e,1.0,0.0,0.0,1.0,1.0,4.254140692873e-05,3042.097427,2025-11-18 11:05:11+00:00,2025-11-18 11:05:11+00:00,1.0,3.0,2.0,3.0,4.1527085877182004e-05,1.0,1.855039292494e-05,0.0,3.0,0.0,1.0326437799508e-05,1.0326437799508e-05,1.5,3.0,1.0,False,False,False,False,0,False,False,False
0xf9b0445770341d88a77d384c5bef582a27534865,2.0,0.0,0.0,2.0,2.0,1.2845165779088e-05,400337.0,2026-01-19 20:56:35+00:00,2026-02-19 20:30:23+00:00,1.0,6.0,3.0,5.0,3.4139637956425e-05,2.0,5.87680867978e-06,0.0,0.0,0.0,0.0,0.0,2.0,3.0,1.0,False,False,False,False,0,False,False,False
0xf9bfd697bc8653916272cb23d0cbe93551b9fb17,1.0,0.0,0.0,1.0,1.0,0.000230475951519182,10791.76,2026-01-06 09:02:47+00:00,2026-01-06 09:02:47+00:00,1.0,18.0,12.0,7.0,0.0033259836167909037,1.0,0.000115792593239334,0.0,0.0,0.0,0.0,0.0,1.5,18.0,1.0,False,False,False,False,0,False,False,False
0xfab7800c10fa3ddcbd44822ca0a5546bf49033ba,1.0,0.0,0.0,1.0,1.0,0.000236704610630441,9016.712253,2025-11-11 03:30:23+00:00,2025-11-11 03:30:23+00:00,1.0,2.0,2.0,2.0,0.000233777102301064,1.0,0.0001175309545854,0.0,0.0,0.0,0.0,0.0,1.0,2.0,1.0,False,False,False,False,0,False,False,False
0xfac6a85ff4dba61c8ed3c32eb19ffe5234891a4d,1.0,0.0,0.0,1.0,1.0,5.3405692657355e-05,114.0,2025-12-13 04:30:23+00:00,2025-12-13 04:30:23+00:00,1.0,0.0,0.0,0.0,0.0,0.0,0.0,1.0,0.0,0.0,0.0,0.0,0.0,0.0,0.0,False,False,False,False,0,False,False,False
0xfaf6a30d03ca388bb482688c42af31819646e7a1,5.0,0.0,0.0,4.0,3.0,0.002004858080377348,8289.285607,2025-11-04 22:13:47+00:00,2026-02-02 03:58:35+00:00,1.25,0.0,0.0,0.0,0.0,0.0,0.0,1.0,1.0,0.0,0.001311569928095255,0.0,0.0,0.0,0.0,False,False,False,False,0,False,False,False
0xfb07a67bc20d3c6308431df39456225904ddd434,1.0,0.0,0.0,1.0,1.0,0.00102587052,998.7,2026-02-05 20:26:23+00:00,2026-02-05 20:26:23+00:00,1.0,1.0,1.0,1.0,0.0001326537782395,1.0,0.0001326537782395,0.0,1.0,0.0,0.00105139508092573,0.0,1.0,1.0,1.0,False,False,False,False,0,False,False,False
0xfb1b8c930455ab60f2487ec6091d941161071977,2.0,0.0,0.0,2.0,1.0,0.000109531075243775,28400.562641,2025-12-11 03:45:11+00:00,2025-12-28 14:38:11+00:00,1.0,2.0,2.0,1.0,5.7030643322325005e-05,2.0,5.7030643322325005e-05,1.0,2.0,0.0,5.1321592191268007e-05,5.1321592191268007e-05,1.0,1.0,1.0,False,False,False,False,0,False,False,False
0xfb3379c5f42d4f36d1d01c52d8c4a6aff79c11e1,1.0,0.0,0.0,1.0,1.0,0.000214773816746685,104.171117,2025-12-17 09:03:11+00:00,2025-12-17 09:03:11+00:00,1.0,2.0,2.0,2.0,4.822666411114e-06,1.0,1.825897283686e-06,0.0,3.0,0.0,0.000345642906891847,0.0,1.0,2.0,1.0,False,False,False,False,0,False,False,False
0xfb37581bfde633b2a7b13c6e95da529d39c3fdb4,2.0,0.0,0.0,2.0,2.0,0.000461453569452159,120000.0,2026-01-26 11:13:35+00:00,2026-02-05 12:08:23+00:00,1.0,1.0,1.0,1.0,9.9696672387171e-05,1.0,9.9696672387171e-05,0.0,0.0,0.0,0.0,0.0,1.0,0.5,0.5,False,False,False,False,0,False,False,False
0xfb575af2ba99d1ed100fa281af44addf475bfbb1,5.0,0.0,0.0,5.0,3.0,0.006504012393428328,216866.0,2025-11-19 18:13:47+00:00,2026-02-12 02:56:47+00:00,1.0,0.0,0.0,0.0,0.0,0.0,0.0,1.0,1.0,0.0,5.3966077546343e-05,0.0,0.0,0.0,0.0,False,False,False,False,0,False,False,False
0xfb5b840a85d41bf28081a31b186fce24eff5ab5f,1.0,0.0,0.0,1.0,1.0,1.6761178514506e-05,59.688486,2026-01-07 17:56:35+00:00,2026-01-07 17:56:35+00:00,1.0,2.0,2.0,2.0,7.028490806178e-06,1.0,4.959722618265e-06,0.0,1.0,0.0,2.484467477914e-06,2.484467477914e-06,1.0,2.0,1.0,False,False,False,False,0,False,False,False
0xfb63ea0be41dae691db063fceea4659a5a20f38a,1.0,0.0,0.0,1.0,1.0,4.333045032028e-06,587.248334,2025-12-16 02:49:47+00:00,2025-12-16 02:49:47+00:00,1.0,20.0,13.0,9.0,0.000115538852114965,2.0,6.05736278137e-06,0.0,0.0,0.0,0.0,0.0,1.5384615384615385,20.0,2.0,False,False,False,False,0,False,False,False
0xfb81c4987c9b463af642827342e0e8a4ae6c579b,5.0,2.0,0.0,2.0,1.0,0.0005192114871115839,9029.759619,2025-11-07 00:58:35+00:00,2025-11-08 14:11:11+00:00,2.5,3.0,3.0,3.0,0.000160589302957071,1.0,4.075068064516e-05,3.0,2.0,0.0,0.00011681653386884,0.0,1.0,0.6,0.2,False,False,False,False,0,False,False,False
0xfba161e2f87e2984747cf9e1021a8d86db299770,1.0,0.0,0.0,1.0,1.0,1.3529620183215e-05,5526.366201,2025-11-08 06:11:23+00:00,2025-11-08 06:11:23+00:00,1.0,18.0,10.0,5.0,0.001565562175955896,2.0,1.2818378716442e-05,0.0,1.0,1.0,1.3521781734728001e-05,1.3521781734728001e-05,1.8,18.0,2.0,False,False,False,False,0,False,False,False
0xfbb6446aa57cbbe2843a3514385f79873d3b7f97,3.0,0.0,0.0,2.0,1.0,3.199451610349e-05,147347.461789,2026-01-13 19:18:11+00:00,2026-01-27 16:54:35+00:00,1.5,21.0,11.0,8.0,0.000752773503116042,3.0,1.327733155397e-05,0.0,1.0,0.0,4.451034306448e-06,4.451034306448e-06,1.9090909090909092,7.0,1.0,False,False,False,False,0,False,False,False
0xfbdb0c0f181d3f1229d3c6cb9c24d26fc7601e3e,1.0,0.0,0.0,1.0,1.0,2.2383146268648e-05,30499.684594,2025-11-12 11:11:47+00:00,2025-11-12 11:11:47+00:00,1.0,1.0,1.0,1.0,6.928611914772e-06,1.0,6.928611914772e-06,5.0,2.0,1.0,0.00065722949631056,0.0,1.0,1.0,1.0,False,False,False,False,0,False,False,False
0xfbe4dab86b28fb64002056539e52e96424a3cd19,1.0,0.0,0.0,1.0,1.0,0.000225633449807542,1000000.0,2025-11-19 13:17:35+00:00,2025-11-19 13:17:35+00:00,1.0,16.0,10.0,9.0,0.0039379714429838165,1.0,9.112523758882e-05,4.0,4.0,0.0,0.000498647870425127,0.000314569295183898,1.6,16.0,1.0,False,False,False,False,0,False,False,False
0xfbe9d47e3b380551e99e0c633c7ffb4b255a7698,3.0,0.0,0.0,3.0,1.0,0.000647689573704475,20053.8712,2026-02-20 18:10:11+00:00,2026-02-27 16:48:59+00:00,1.0,3.0,3.0,1.0,0.000287955364146114,3.0,0.000287955364146114,0.0,0.0,0.0,0.0,0.0,1.0,1.0,1.0,False,False,False,False,0,False,False,False
0xfc2ff276aa5efbdc0928634a967f8bba171fce91,12.0,0.0,0.0,8.0,2.0,0.002974501094627608,7098.229241,2025-11-03 10:21:11+00:00,2026-01-25 16:01:47+00:00,1.5,1.0,1.0,1.0,0.00027702730417716,0.0,0.0,3.0,4.0,3.0,0.00892357365456277,0.0,1.0,0.08333333333333333,0.0,False,False,False,False,0,False,False,False
0xfc7cbf81dee2d17cdd972322390d7759ba6baf3d,1.0,0.0,0.0,1.0,1.0,3.262612011494e-06,30156.565875,2026-01-04 12:05:59+00:00,2026-01-04 12:05:59+00:00,1.0,7.0,6.0,6.0,2.7130647442858e-05,1.0,1.666670723289e-06,0.0,0.0,0.0,0.0,0.0,1.1666666666666667,7.0,1.0,False,False,False,False,0,False,False,False
0xfc95b01c23f1ea91cbd2fd57e274a3e5a861cd4b,1.0,0.0,0.0,1.0,1.0,0.00027342498539795,24365.039782,2025-11-25 14:45:47+00:00,2025-11-25 14:45:47+00:00,1.0,3.0,1.0,2.0,0.001281356625148886,1.0,0.000128100012565178,0.0,0.0,0.0,0.0,0.0,3.0,3.0,1.0,False,False,False,False,0,False,False,False
0xfcfcc87e312f323768f9553255250a9357a04109,2.0,0.0,0.0,2.0,1.0,0.000459400979618985,199997.005863,2026-02-06 12:00:23+00:00,2026-02-26 12:41:23+00:00,1.0,5.0,4.0,3.0,0.00059487678649701,2.0,0.000211682756442598,0.0,0.0,0.0,0.0,0.0,1.25,2.5,1.0,False,False,False,False,0,False,False,False
0xfd326f19589e8f9f39eb9999945ca885e420ed70,1.0,0.0,0.0,1.0,1.0,3.710034069687e-06,16433.798018,2026-01-10 15:35:23+00:00,2026-01-10 15:35:23+00:00,1.0,1.0,1.0,1.0,1.603013692788e-06,1.0,1.603013692788e-06,2.0,0.0,0.0,0.0,0.0,1.0,1.0,1.0,False,False,False,False,0,False,False,False
0xfd4beb6b5525b6450e52a7eeba321d5bfe552395,1.0,0.0,0.0,1.0,1.0,0.000247541067408465,200.0,2026-01-10 20:13:47+00:00,2026-01-10 20:13:47+00:00,1.0,12.0,9.0,6.0,0.002034209251952857,2.0,0.000192391033545946,0.0,0.0,0.0,0.0,0.0,1.3333333333333333,12.0,2.0,False,False,False,False,0,False,False,False
0xfd54eebf3b5022e794cda8fbaef78c63384962db,1.0,0.0,0.0,1.0,1.0,0.000231816604389307,231.486556,2025-11-08 18:02:47+00:00,2025-11-08 18:02:47+00:00,1.0,5.0,3.0,5.0,0.000413234465089576,1.0,0.000123915846739522,0.0,0.0,0.0,0.0,0.0,1.6666666666666667,5.0,1.0,False,False,False,False,0,False,False,False
0xfd8111ad70b22f02cc3d27fca850447e7a7e22db,1.0,0.0,0.0,1.0,1.0,8.31803912401e-06,20000.0,2025-11-18 23:17:11+00:00,2025-11-18 23:17:11+00:00,1.0,11.0,6.0,7.0,0.000190099349007383,2.0,8.657286179201e-06,0.0,0.0,0.0,0.0,0.0,1.8333333333333333,11.0,2.0,False,False,False,False,0,False,False,False
0xfd98422fa15ffda7513f9d17bed099ffb74ce0a0,4.0,0.0,0.0,2.0,1.0,0.000270116818534155,19.0,2025-11-18 10:16:11+00:00,2025-11-21 09:51:23+00:00,2.0,87.0,39.0,51.0,0.008276923832905273,2.0,0.000215636569561181,0.0,2.0,0.0,2.1412187074834e-05,2.1412187074834e-05,2.230769230769231,21.75,0.5,False,False,False,False,0,False,False,False
0xfda4700e8952d6836a48c942072b7b942c000074,1.0,0.0,0.0,1.0,1.0,9.74872748997e-06,50037.0,2026-01-29 11:01:23+00:00,2026-01-29 11:01:23+00:00,1.0,3.0,1.0,3.0,0.00031705454174404295,1.0,4.688269332236e-06,0.0,0.0,0.0,0.0,0.0,3.0,3.0,1.0,False,False,False,False,0,False,False,False
0xfdb64a17b8af6cad8d56683c308ee4c175d814ef,3.0,0.0,0.0,3.0,2.0,0.002223901246050438,291.0,2025-11-06 21:47:59+00:00,2026-02-05 21:14:35+00:00,1.0,9.0,6.0,6.0,0.0043970245261867056,3.0,0.001217750038894767,0.0,0.0,0.0,0.0,0.0,1.5,3.0,1.0,False,False,False,False,0,False,False,False
0xfdc7e0b9962fadcc1a663bd1f7eb53993a1698d1,4.0,3.0,0.0,4.0,2.0,0.002232522453966066,50787.207191,2025-11-21 02:01:35+00:00,2026-02-07 04:23:47+00:00,1.0,0.0,0.0,0.0,0.0,0.0,0.0,1.0,1.0,0.0,5.7964772775163e-05,0.0,0.0,0.0,0.0,False,False,False,False,0,False,False,False
0xfdd3f74fd85997fdacf5182d6567a209dcead894,1.0,0.0,0.0,1.0,1.0,0.000334788684495708,43315.882181,2025-11-03 17:18:59+00:00,2025-11-03 17:18:59+00:00,1.0,1.0,1.0,1.0,0.000218970564886899,0.0,0.0,2.0,2.0,0.0,0.0042108106119946006,0.0,1.0,1.0,0.0,False,False,False,False,0,False,False,False
0xfdf4038a50c7e6f6491142f73007a1b27d7f9204,7.0,0.0,0.0,4.0,2.0,0.006103285859601398,6827.388088,2026-01-31 17:49:59+00:00,2026-02-11 06:37:47+00:00,1.75,4.0,2.0,4.0,0.001392806581565572,1.0,0.000701062836004488,0.0,2.0,0.0,3.316639921539e-06,3.316639921539e-06,2.0,0.5714285714285714,0.14285714285714285,False,False,False,False,0,False,False,False
0xfe0fe35985b6804518c9ca242f6a6b9b253374d3,1.0,0.0,0.0,1.0,1.0,5.561391455188e-06,8.53,2026-02-24 11:28:23+00:00,2026-02-24 11:28:23+00:00,1.0,12.0,6.0,7.0,0.000689278953065614,1.0,2.5521089e-06,0.0,1.0,0.0,2.789232736217e-06,2.789232736217e-06,2.0,12.0,1.0,False,False,False,False,0,False,False,False
0xfe44c7c8a864c7759ca4901a620b444980aab6fb,1.0,0.0,0.0,1.0,1.0,5.638369770913e-06,99868.0,2026-01-20 07:59:35+00:00,2026-01-20 07:59:35+00:00,1.0,1.0,1.0,1.0,2.712991015575e-06,1.0,2.712991015575e-06,0.0,0.0,0.0,0.0,0.0,1.0,1.0,1.0,False,False,False,False,0,False,False,False
0xfe79ff34ca48ef2355f7c35f5fedf4987bd6ec46,1.0,0.0,0.0,1.0,1.0,6.767697676152e-06,6967.0,2026-01-19 20:08:23+00:00,2026-01-19 20:08:23+00:00,1.0,4.0,3.0,4.0,0.000134569602406864,1.0,3.547981933288e-06,0.0,0.0,0.0,0.0,0.0,1.3333333333333333,4.0,1.0,False,False,False,False,0,False,False,False
0xfe7a590b782e95611445b6f3ca32ba5728dc68bf,2.0,0.0,0.0,1.0,1.0,0.00037580353200869303,200.0,2026-02-23 03:48:59+00:00,2026-02-23 03:53:23+00:00,2.0,1.0,1.0,1.0,9.9870794799759e-05,1.0,9.9870794799759e-05,0.0,2.0,0.0,0.000234742864522579,0.000234742864522579,1.0,0.5,0.5,False,False,False,False,0,False,False,False
0xfed328348434da499436aa66aeb957d6e21ff274,1.0,0.0,0.0,1.0,1.0,0.000226511980730627,2778.474741,2026-01-16 04:24:47+00:00,2026-01-16 04:24:47+00:00,1.0,3.0,1.0,3.0,0.00070376480875983,1.0,0.000113956065485654,0.0,0.0,0.0,0.0,0.0,3.0,3.0,1.0,False,False,False,False,0,False,False,False
0xff180debb0793e446bdf977198ed9606b6f2e823,12.0,4.0,0.0,8.0,3.0,0.0004916000580738611,52853.946036,2025-11-16 17:03:47+00:00,2026-02-06 04:51:59+00:00,1.5,39.0,17.0,14.0,0.000157239392534774,7.0,9.967163450577e-06,4.0,3.0,3.0,7.367781196569599e-05,1.1936180028991e-05,2.2941176470588234,3.25,0.5833333333333334,False,False,False,False,0,False,False,False
0xff2246cd257afeb5152bc25a2f0b3f4d6821f0eb,1.0,0.0,0.0,1.0,1.0,0.000105845097973968,7000.0,2025-12-11 22:10:47+00:00,2025-12-11 22:10:47+00:00,1.0,5.0,4.0,5.0,0.00024003620198574302,0.0,0.0,1.0,0.0,0.0,0.0,0.0,1.25,5.0,0.0,False,False,False,False,0,False,False,False
0xff449243b16cd0d5fce63d6f26405cbf6afa4e3d,1.0,1.0,0.0,1.0,1.0,0.00029057429254799,2128.16692,2025-11-05 01:42:47+00:00,2025-11-05 01:42:47+00:00,1.0,2.0,2.0,2.0,0.00023167514662516197,1.0,0.000131290859484963,0.0,1.0,0.0,0.00620903185165254,0.0,1.0,2.0,1.0,False,False,False,False,0,False,False,False
0xff4a386da3ebe3bd166d2db7fc81829381e3ba6c,1.0,0.0,0.0,1.0,1.0,0.000220219876954112,10000.000099,2026-02-13 01:13:23+00:00,2026-02-13 01:13:23+00:00,1.0,6.0,1.0,5.0,0.002100508363139521,1.0,0.000100390757723136,0.0,0.0,0.0,0.0,0.0,6.0,6.0,1.0,False,False,False,False,0,False,False,False
0xff5d11d3b8cd22f5ea721eb97ef16a4812a65bd9,1.0,0.0,0.0,1.0,1.0,2.975053616788e-06,27.58175,2026-01-01 06:21:47+00:00,2026-01-01 06:21:47+00:00,1.0,3.0,1.0,3.0,4.794515449398e-06,1.0,1.5860531166e-06,0.0,2.0,0.0,2.822083762128e-06,2.822083762128e-06,3.0,3.0,1.0,False,False,False,False,0,False,False,False
0xff67fffd9f8f56f58b2cba2d2fab8ec0a005308c,6.0,0.0,0.0,5.0,2.0,0.001229347298758684,827588.120548,2025-11-25 03:19:11+00:00,2026-01-21 10:19:59+00:00,1.2,5.0,2.0,3.0,0.00026453187796040596,2.0,0.000155553729964927,0.0,1.0,1.0,0.000192561388688597,0.000192561388688597,2.5,0.8333333333333334,0.3333333333333333,False,False,False,False,0,False,False,False
0xff741df8030224e94467cc9878bd8dc47ac0cb7f,3.0,0.0,0.0,1.0,1.0,0.000947209655802914,7799.383528,2026-02-03 20:40:35+00:00,2026-02-03 20:49:35+00:00,3.0,3.0,2.0,2.0,0.000353786157624624,2.0,0.0003519088674646,0.0,1.0,0.0,2.304551920593e-06,2.304551920593e-06,1.5,1.0,0.6666666666666666,False,False,False,False,0,False,False,False
0xff7ab9700a44c8c8a0e983362457868d7644e3a9,1.0,0.0,0.0,1.0,1.0,2.5026175442994e-05,5.0,2025-12-09 21:51:35+00:00,2025-12-09 21:51:35+00:00,1.0,75.0,32.0,10.0,0.0013244613318803501,2.0,2.7246467011582e-05,0.0,0.0,0.0,0.0,0.0,2.34375,75.0,2.0,False,False,False,False,0,False,False,False
0xff9c6e3acc07792649644e97e358ec60ad22b018,1.0,0.0,0.0,1.0,1.0,3.9460821279573e-05,30366.254156,2025-11-10 11:17:23+00:00,2025-11-10 11:17:23+00:00,1.0,0.0,0.0,0.0,0.0,0.0,0.0,1.0,1.0,0.0,0.000373564135262455,0.0,0.0,0.0,0.0,False,False,False,False,0,False,False,False
0xffd254e8ec892368681d2912b47047209583c742,2.0,0.0,0.0,2.0,1.0,0.001302645477555296,3000.0,2026-02-05 21:29:11+00:00,2026-02-16 16:37:35+00:00,1.0,1.0,1.0,1.0,0.000732270708426282,1.0,0.000732270708426282,0.0,1.0,0.0,0.00069314923436099,0.0,1.0,0.5,0.5,False,False,False,False,0,False,False,False
